-- MySQL dump 10.13  Distrib 8.0.18, for Win64 (x86_64)
--
-- Host: localhost    Database: project
-- ------------------------------------------------------
-- Server version	8.0.18

/*!40101 SET @OLD_CHARACTER_SET_CLIENT=@@CHARACTER_SET_CLIENT */;
/*!40101 SET @OLD_CHARACTER_SET_RESULTS=@@CHARACTER_SET_RESULTS */;
/*!40101 SET @OLD_COLLATION_CONNECTION=@@COLLATION_CONNECTION */;
/*!50503 SET NAMES utf8mb4 */;
/*!40103 SET @OLD_TIME_ZONE=@@TIME_ZONE */;
/*!40103 SET TIME_ZONE='+00:00' */;
/*!40014 SET @OLD_UNIQUE_CHECKS=@@UNIQUE_CHECKS, UNIQUE_CHECKS=0 */;
/*!40014 SET @OLD_FOREIGN_KEY_CHECKS=@@FOREIGN_KEY_CHECKS, FOREIGN_KEY_CHECKS=0 */;
/*!40101 SET @OLD_SQL_MODE=@@SQL_MODE, SQL_MODE='NO_AUTO_VALUE_ON_ZERO' */;
/*!40111 SET @OLD_SQL_NOTES=@@SQL_NOTES, SQL_NOTES=0 */;

--
-- Table structure for table `scheduler`
--

DROP TABLE IF EXISTS `scheduler`;
/*!40101 SET @saved_cs_client     = @@character_set_client */;
/*!50503 SET character_set_client = utf8mb4 */;
CREATE TABLE `scheduler` (
  `startDate` varchar(20) DEFAULT NULL,
  `endDate` varchar(20) DEFAULT NULL,
  `scheduleContent` varchar(200) DEFAULT NULL,
  `userName` varchar(20) DEFAULT NULL
) ENGINE=InnoDB DEFAULT CHARSET=utf8mb4 COLLATE=utf8mb4_0900_ai_ci;
/*!40101 SET character_set_client = @saved_cs_client */;

--
-- Dumping data for table `scheduler`
--

LOCK TABLES `scheduler` WRITE;
/*!40000 ALTER TABLE `scheduler` DISABLE KEYS */;
INSERT INTO `scheduler` VALUES ('2020-06-08','2020-06-25','ㅅㄷㄴㅅ','');
/*!40000 ALTER TABLE `scheduler` ENABLE KEYS */;
UNLOCK TABLES;

--
-- Table structure for table `tb_article_boardcode`
--

DROP TABLE IF EXISTS `tb_article_boardcode`;
/*!40101 SET @saved_cs_client     = @@character_set_client */;
/*!50503 SET character_set_client = utf8mb4 */;
CREATE TABLE `tb_article_boardcode` (
  `id` int(10) unsigned NOT NULL AUTO_INCREMENT,
  `member_id` int(10) unsigned NOT NULL DEFAULT '0',
  `subject` varchar(100) NOT NULL,
  `writer` varchar(20) NOT NULL,
  `content` text NOT NULL,
  `hit` int(11) DEFAULT '0',
  `fileName` varchar(300) DEFAULT NULL COMMENT ' ',
  `fileOriName` varchar(300) DEFAULT NULL COMMENT ' ',
  `fileUrl` varchar(300) DEFAULT NULL COMMENT '  ',
  `ref` int(11) DEFAULT NULL COMMENT '  (  )',
  `re_step` int(11) DEFAULT NULL COMMENT ' (  )',
  `re_level` int(11) DEFAULT NULL COMMENT ' (   )',
  `reg_date` datetime NOT NULL DEFAULT CURRENT_TIMESTAMP,
  PRIMARY KEY (`id`)
) ENGINE=InnoDB DEFAULT CHARSET=utf8;
/*!40101 SET character_set_client = @saved_cs_client */;

--
-- Dumping data for table `tb_article_boardcode`
--

LOCK TABLES `tb_article_boardcode` WRITE;
/*!40000 ALTER TABLE `tb_article_boardcode` DISABLE KEYS */;
/*!40000 ALTER TABLE `tb_article_boardcode` ENABLE KEYS */;
UNLOCK TABLES;

--
-- Table structure for table `tb_article_event`
--

DROP TABLE IF EXISTS `tb_article_event`;
/*!40101 SET @saved_cs_client     = @@character_set_client */;
/*!50503 SET character_set_client = utf8mb4 */;
CREATE TABLE `tb_article_event` (
  `id` int(10) unsigned NOT NULL AUTO_INCREMENT,
  `subject` varchar(300) NOT NULL COMMENT '제목',
  `member_id` int(10) unsigned NOT NULL COMMENT '작성자 일련번호',
  `content` text COMMENT '내용',
  `hit` int(11) DEFAULT '0' COMMENT '조회수',
  `fileName` varchar(300) DEFAULT NULL COMMENT '첨부파일이름',
  `fileOriName` varchar(300) DEFAULT NULL COMMENT '첨부파일원래이름',
  `fileUrl` varchar(300) DEFAULT NULL COMMENT '첨부파일저장 위치',
  `ref` int(11) DEFAULT NULL COMMENT '답변형 게시판에서 정렬 할때 사용(id)',
  `re_step` int(11) DEFAULT NULL COMMENT '답변형 게시판에서 사용하는 그룹(답글의 그룹)',
  `re_level` int(11) DEFAULT NULL COMMENT '답변형 게시판에서 들여쓰기',
  `reg_date` datetime DEFAULT CURRENT_TIMESTAMP COMMENT '작성일',
  PRIMARY KEY (`id`)
) ENGINE=InnoDB AUTO_INCREMENT=24 DEFAULT CHARSET=utf8mb4 COLLATE=utf8mb4_0900_ai_ci;
/*!40101 SET character_set_client = @saved_cs_client */;

--
-- Dumping data for table `tb_article_event`
--

LOCK TABLES `tb_article_event` WRITE;
/*!40000 ALTER TABLE `tb_article_event` DISABLE KEYS */;
INSERT INTO `tb_article_event` VALUES (1,'[투자] 코빠밀뉴와 함께하는 경품 이벤트(~6/7)',1,'<p><a href=\"https://www.wadiz.kr/web/equity/campaign/4962\" target=\"_blank\"><img src=\"https://cdn.wadiz.kr/ft/images/green001/2020/0528/20200528152137394_86.jpg/wadiz/format/jpg/quality/80/optimize\" style=\"margin:0\" /></a></p>\r\n\r\n<p><a href=\"https://www.wadiz.kr/web/equity/campaign/4962\" target=\"_blank\"><img src=\"https://cdn.wadiz.kr/ft/images/green001/2020/0528/20200528152138589_86.jpg/wadiz/format/jpg/quality/80/optimize\" style=\"margin:0\" /></a></p>\r\n\r\n<p><a href=\"https://www.wadiz.kr/web/equity/campaign/4962\" target=\"_blank\"><img src=\"https://cdn.wadiz.kr/ft/images/green001/2020/0528/20200528152139293_86.jpg/wadiz/format/jpg/quality/80/optimize\" style=\"margin:0\" /></a></p>\r\n',2,'1590734181124801.png','Screenshot 2020-05-29 at 15.35.56.png','/upload/2020/',1,0,0,'2020-05-29 15:35:26'),(2,'[펀딩] 하하하 여름 기획전 참여 메이커 모집',1,'<p><img src=\"https://cdn.wadiz.kr/ft/images/green001/2020/0527/20200527142338762_76.png/wadiz/format/jpg/quality/80/optimize\" /></p>\r\n\r\n<p>무더운 여름이 다가오고 있습니다. 기상청에서 발표한 예보에 따르면 올 여름은 몹시 더울 것이라고 하는데요.</p>\r\n\r\n<p><br />\r\n불볕 더위에도 지치지 않고 <strong>하하하 夏 夏 夏! 함박 웃음</strong>을 지으시는 분들이 있죠.<br />\r\n바로 여름 제품/서비스를 준비하고 계신 메이커님입니다.</p>\r\n\r\n<h3><br />\r\n올여름 불볕더위에도 하하하 웃을 수 있도록 와디즈 夏 夏 夏 여름 기획전을 준비했습니다. &nbsp;<br />\r\n7월, 메이커님의 핫한 프로젝트를 선보여주세요.</h3>\r\n\r\n<h3><br />\r\n<br />\r\n&nbsp;</h3>\r\n\r\n<blockquote>\r\n<h3>여름, 와디즈에서 Hot 했던 프로젝트</h3>\r\n</blockquote>\r\n\r\n<p><img src=\"https://cdn.wadiz.kr/ft/images/green001/2020/0527/20200527121906577_45.png/wadiz/format/jpg/quality/80/optimize\" /></p>\r\n\r\n<p>&nbsp;</p>\r\n\r\n<p>&nbsp;</p>\r\n\r\n<blockquote>\r\n<h2>기획전 혜택</h2>\r\n</blockquote>\r\n\r\n<h3><br />\r\n1. 웹 / 앱 배너 총 1주일 간 노출</h3>\r\n\r\n<p><img src=\"https://cdn.wadiz.kr/ft/images/green001/2020/0527/20200527121836086_45.jpg/wadiz/format/jpg/quality/80/optimize\" />270만 회원이 주목하는 <strong>와디즈 [펀딩하기] 홈에 夏 夏 夏 여름 기획전 배너가 1주일 간 노출</strong>됩니다.<br />\r\n와디즈에 접속하는 모든 서포터님께서 메이커님의 프로젝트를 가장 먼저 만날 수 있습니다.<br />\r\n<br />\r\n&nbsp;</p>\r\n\r\n<h3><br />\r\n2. sns 광고 콘텐츠 노출</h3>\r\n\r\n<p><img src=\"https://cdn.wadiz.kr/ft/images/green001/2020/0527/20200527121839458_45.jpg/wadiz/format/jpg/quality/80/optimize\" />메이커님의 프로젝트가 서포터에게 더 많이 알려질 수 있도록<strong>&nbsp;기획전 단위로 SNS 광고가 집행됩니다.</strong><br />\r\n페이스북과 인스타그램에서 더 많은 서포터에게 메이커님의 프로젝트를 알려보세요.</p>\r\n\r\n<p>&nbsp;</p>\r\n\r\n<h2>&nbsp;</h2>\r\n\r\n<blockquote>\r\n<h2>참여 방법</h2>\r\n</blockquote>\r\n\r\n<p><br />\r\n지금 참여 신청하시고, 기간 내 프로젝트를 오픈하시면 자동으로 혜택이 제공됩니다.</p>\r\n\r\n<h3>- 참여대상</h3>\r\n\r\n<ul>\r\n	<li>여름에 더욱 필요한 제품/서비스를 준비하고 계신 분</li>\r\n	<li><strong>7/6~7/12일 이내</strong> 펀딩 오픈이 가능하신 분<br />\r\n	&nbsp;</li>\r\n</ul>\r\n\r\n<h3>- 참여 신청 방법</h3>\r\n\r\n<ul>\r\n	<li><a href=\"https://www.wadiz.kr/web/wmypage/myfunding/makinglist\" target=\"_blank\">메이커 스튜디오</a> 내 기획전에서 <strong>[2020 7월 하하하 여름기획전]</strong> 선택해주세요.</li>\r\n	<li>하하하 여름 기획전은<strong>&nbsp;7/1</strong>까지 선택 가능합니다.</li>\r\n</ul>\r\n\r\n<p>&nbsp;</p>\r\n<img src=\"https://cdn.wadiz.kr/ft/images/green001/2020/0527/20200527121742715_45.png/wadiz/format/jpg/quality/80/optimize\" />메이커 스튜디오 &rarr; 기본정보<br />\r\n&rarr; 메이커 기획전 및 파트너사 &rarr; [2020 7월 하하하 여름기획전] 선택<br />\r\n&nbsp;<br />\r\n&darr;1분 만에 여기서 신청하세요<a href=\"https://www.wadiz.kr/web/wsub/openfunding/reward\" target=\"_blank\"><img src=\"https://cdn.wadiz.kr/ft/images/green001/2020/0527/20200527121755287_45.png/wadiz/format/jpg/quality/80/optimize\" /></a>\r\n\r\n<h2><br />\r\n<br />\r\n&nbsp;</h2>\r\n\r\n<blockquote>\r\n<h2>특별 혜택, 하나 더 드려요!</h2>\r\n</blockquote>\r\n\r\n<h3>- 와디즈 전문 PD의 1:1 맞춤 컨설팅 기회</h3>\r\n\r\n<p><br />\r\n프로젝트 준비부터 사후 이슈케어까지 프로젝트 진행 기간 동안 지원되는 1:1 맞춤 컨설팅 서비스입니다.<br />\r\n아래 링크에서 PD 컨설팅을 신청해주시면 선정되는 프로젝트에 <strong>개별 연락</strong> 드립니다.</p>\r\n\r\n<p><br />\r\n<strong>※ 수수료가 조정될 수 있습니다</strong></p>\r\n\r\n<p><strong><a href=\"https://app.smartsheet.com/b/form/60a1007d8dee48a4a7e07198b8178f77\" target=\"_blank\"><img src=\"https://cdn.wadiz.kr/ft/images/green001/2020/0527/20200527121828040_45.png/wadiz/format/jpg/quality/80/optimize\" /></a></strong></p>\r\n\r\n<p>&nbsp;</p>\r\n\r\n<p>&nbsp;</p>\r\n\r\n<blockquote>\r\n<h2>6-7월에 진행되는 다른 기획전은 없나요?</h2>\r\n</blockquote>\r\n\r\n<p><a href=\"https://www.wadiz.kr/web/wboard/newsBoardDetail/7155?headWordId=&amp;cPage=1\" target=\"_blank\"><img src=\"https://cdn.wadiz.kr/ft/images/green001/2020/0527/20200527142955421_76.jpg/wadiz/format/jpg/quality/80/optimize\" /></a></p>\r\n\r\n<p>&nbsp;</p>\r\n\r\n<hr />\r\n<p>&nbsp;</p>\r\n\r\n<h3>예비 메이커님, 꼭 확인해주세요.</h3>\r\n\r\n<ul>\r\n	<li>반드시 메이커 기획전 및 파트너사를 선택하셔야 프로모션 참여로 인정됩니다.</li>\r\n	<li>7/12까지 펀딩을 오픈해주셔야 제공되는 혜택입니다.</li>\r\n	<li>와디즈 펀딩 오픈 과정은 총 2~3주가량 소요됩니다. 기간 내 오픈을 원하신다면 빠르게 메이커 스튜디오 내 제출하기를 눌러주세요.</li>\r\n	<li>기획전 등재, 광고 성과에 대해 별도로 안내드리지 않습니다.</li>\r\n	<li>펀딩 성과에 따라 SNS 광고 지원 규모가 달라질 수 있습니다.</li>\r\n	<li>내부 사정으로 혜택 혹은 일정이 변경될 수 있습니다.</li>\r\n</ul>\r\n\r\n<p>&nbsp;</p>\r\n\r\n<p>&nbsp;</p>\r\n\r\n<p><img src=\"https://cdn.wadiz.kr/ft/images/green001/2020/0527/20200527142735135_76.png/wadiz/format/jpg/quality/80/optimize\" style=\"margin:0\" /><a href=\"https://www.wadiz.kr/web/wcast/detail/7107\" target=\"_blank\"><img src=\"https://cdn.wadiz.kr/ft/images/green001/2020/0527/20200527142735534_76.png/wadiz/format/jpg/quality/80/optimize\" style=\"margin:0\" /></a><a href=\"https://www.wadiz.kr/web/wreward/collection/summertime?order=recommend&amp;endYn=Y&amp;keyword=\" target=\"_blank\"><img src=\"https://cdn.wadiz.kr/ft/images/green001/2020/0527/20200527142735908_76.png/wadiz/format/jpg/quality/80/optimize\" style=\"margin:0\" /></a></p>\r\n\r\n<p>&nbsp;</p>\r\n\r\n<p>&nbsp;</p>\r\n',2,'1590734569524894.png','Screenshot 2020-05-29 at 15.42.24.png','/upload/2020/',2,0,0,'2020-05-29 15:39:26'),(3,'[펀딩 메이커] 소문내면 혜택을 드려요! \'슬기로운 공유 생활\' 이벤트 (5/26-6/28)',1,'<div class=\"inner-contents\">\r\n<p><img class=\"fr-dib fr-fic\" src=\"https://cdn.wadiz.kr/ft/images/green001/2020/0526/20200526185659382_75.png/wadiz/format/jpg/quality/80/optimize\" /></p>\r\n\r\n<p><img class=\"fr-dib fr-fic\" src=\"https://cdn.wadiz.kr/ft/images/green001/2020/0526/20200526185800988_75.png/wadiz/format/jpg/quality/80/optimize\" /></p>\r\n\r\n<p><img class=\"fr-dib fr-fic\" src=\"https://cdn.wadiz.kr/ft/images/green001/2020/0526/20200526185809033_75.png/wadiz/format/jpg/quality/80/optimize\" /></p>\r\n\r\n<p><img class=\"fr-dib fr-fic\" src=\"https://cdn.wadiz.kr/ft/images/green001/2020/0526/20200526191109192_75.jpg/wadiz/format/jpg/quality/80/optimize\" /></p>\r\n\r\n<h5>성공키워드 예시</h5>\r\n\r\n<p>성공 메이커 인터뷰를 읽어보며, &ldquo;와디즈에서 성공하는 프로젝트들의 비결은 뭘까?&rdquo; 궁금해하신 적 있으시죠? 와디즈 에디터들이 파헤친, <strong>펀딩 성공 팁✏️이 담긴 성공키워드</strong>를 보내드려요!&nbsp;</p>\r\n\r\n<h5><br />\r\n※ 설정 &gt; 기본정보 설정 &gt; 마케팅 정보 수신 동의 &gt; 이메일을 ON으로 설정해주셔야 성공 키워드를 받아보실 수 있습니다. &nbsp;<br />\r\n※ 5월 26일 ~ 6월 9일 내 프로젝트를 시작하신 분들께 메일로 발송됩니다. (매주 월, 목)</h5>\r\n\r\n<blockquote class=\"type-default\">\r\n<p>탐나는 성공키워드 받고 싶으시죠?<br />\r\n프로젝트 시작, 어렵지 않다구요! ????</p>\r\n</blockquote>\r\n\r\n<p><a href=\"https://www.wadiz.kr/web/wsub/openfunding/reward\" rel=\"noopener noreferrer\" target=\"_blank\"><img class=\"fr-dib fr-fic\" src=\"https://cdn.wadiz.kr/ft/images/green001/2020/0526/20200526191249048_75.png/wadiz/format/jpg/quality/80/optimize\" /></a></p>\r\n\r\n<p>&nbsp;</p>\r\n\r\n<p><img class=\"fr-dib fr-fic\" src=\"https://cdn.wadiz.kr/ft/images/green001/2020/0526/20200526191306166_75.png/wadiz/format/jpg/quality/80/optimize\" /><img class=\"fr-dib fr-fic\" src=\"https://cdn.wadiz.kr/ft/images/green001/2020/0526/20200526190929887_75.png/wadiz/format/jpg/quality/80/optimize\" /></p>\r\n\r\n<h5>카테고리 성공비법 예시</h5>\r\n\r\n<p>&quot;내 리워드에 딱 맞는 스토리 작성법은 어디서 찾을 수 있을까?&quot; 메이커님의 고민, 누구보다도 잘 알고 있기에 또 다른 혜택을 준비했답니다 ????</p>\r\n\r\n<p>동료 메이커분들이 프로모션 소식을 알 수 있도록, 활동하고 계신 커뮤니티나 SNS에 해당 프로모션 페이지를 공유해주세요. <strong>그 후 </strong><strong>아래 버튼을 눌러 프로젝트 번호+공유 링크</strong>를 남겨주시면, 스토리 작성법부터 추천 프로젝트까지 한눈에 살펴볼 수 있는 <strong>카테고리 성공비법</strong>을 발송해드립니다! ????<br />\r\n&nbsp;</p>\r\n\r\n<h5>※ 카테고리 참고서는 남겨주신 프로젝트 번호의 카테고리에 따라 내용이 달라지며, &nbsp;메일로 발송됩니다.<br />\r\n※ 댓글로 남겨주신 링크 페이지가 전체 공개가 아닐 경우 혜택에 선정되지 않을 수 있습니다.</h5>\r\n\r\n<p><a href=\"https://forms.gle/uZbPMcZ3cCP5auvUA\" rel=\"noopener noreferrer\" target=\"_blank\"><img class=\"fr-dib fr-fic\" src=\"https://cdn.wadiz.kr/ft/images/green001/2020/0527/20200527180458877_37.png/wadiz/format/jpg/quality/80/optimize\" /></a></p>\r\n\r\n<p>&nbsp;</p>\r\n\r\n<p><img class=\"fr-dib fr-fic\" src=\"https://cdn.wadiz.kr/ft/images/green001/2020/0526/20200526191644042_75.png/wadiz/format/jpg/quality/80/optimize\" /></p>\r\n\r\n<p><img class=\"fr-dib fr-fic\" src=\"https://lh3.googleusercontent.com/mvIJu76uZoPHXnS52ySXaPh96Dp7gQiSphM1cWZ8j3R6gvblrdsKjIvYJrRpYfcZC33CHl2D3ERr5Yc116Y_7Q2EibzbUNCmIPwuuGUmOLkEgd9upXZurDSWFdNulvqSiqPg8hgM\" style=\"height:293px; width:602px\" /></p>\r\n\r\n<p>와디즈 펀딩은 위와 같은 오픈 절차를 거칩니다. 위 과정은 리워드나 카테고리에 따라 다르지만 영업일 기준 7~10일 이상이 소요됩니다. 하지만, <strong>6월 9일까지 제출</strong>해주시는 메이커님들께는 응원하는 마음으로 <strong>빠른 요건확인</strong>????을 도와드립니다.&nbsp;</p>\r\n\r\n<p>누구보다 빠르게, 남들과는 다르게 오픈하고자 하는 메이커님이라면 지금이 절호의 기회입니다????! 요건 확인 서류, 콘텐츠 유의사항을 꼼꼼히 확인하시고 제출해 주세요. 와디즈도 메이커님께서 빠르게 오픈하실 수 있도록 힘쓰겠습니다.</p>\r\n\r\n<p>&nbsp;</p>\r\n\r\n<p><img class=\"fr-dib fr-fic\" src=\"https://cdn.wadiz.kr/ft/images/green001/2020/0526/20200526191829196_75.png/wadiz/format/jpg/quality/80/optimize\" /></p>\r\n\r\n<p><img class=\"fr-dib fr-fic\" src=\"https://lh4.googleusercontent.com/1u4Eeb4RZe8B9JfmIUZm06hY0Sh6WxYdAjqMIpJg7hvOZUzmb3NE8lIvzdE6UVlm0dpJe7JHSVleWbb1mbhXvaK-5Gt9yUqHB7IbxuFCqTZqAxrZHZgpquS3patRtgMPTS7-hc0I\" style=\"height:369px; width:602px\" /></p>\r\n\r\n<p>250만 회원이 주목하는 앱, 웹 메인 배너를 통해 내 프로젝트를 홍보 해보세요. 이벤트에 참여한 프로젝트들이 컬렉션 형태로 배너에 노출됩니다. 배너에 노출되는 기간은 6/22 - 6/28까지니, 열심히 준비해서 &nbsp;6월 22일에 프로젝트 오픈을 하면 노출 기간을 최대로 누리실 수 있겠죠?????</p>\r\n\r\n<p>&nbsp;</p>\r\n\r\n<p><img class=\"fr-dib fr-fic\" src=\"https://cdn.wadiz.kr/ft/images/green001/2020/0526/20200526191844704_75.png/wadiz/format/jpg/quality/80/optimize\" /></p>\r\n\r\n<p><img class=\"fr-dib fr-fic\" src=\"https://lh3.googleusercontent.com/VkIO_quJISnojtzaXRodBHwyp5TK3F4LZ0z0c5ILFH73VoxFwr9UKWl4loK0kojfoisKvOLQo9GH13XcGBzl7xKM72y81zIu1MWtG3GmIybu-N_16G6ZCt7sMIf9yDpXXa8pEgJB\" style=\"height:257px; width:602px\" /></p>\r\n\r\n<p>프로모션 공유 후 6/22 - 6/28 기간 내 오픈까지 참여해주신 메이커님 중 1분을 선정하여 제공하는 특별???? 혜택! 선정되신 메이커님의 프로젝트가 단독으로 250만 회원 대상 앱푸시 / 카카오톡 홍보에 노출될 수 있는 기회를 드립니다.</p>\r\n\r\n<h5>※ 6/22 - 6/28 이내 오픈한 프로젝트 한해 1회만 가능합니다.<br />\r\n※선정된 프로젝트에는 개별 공지를 드립니다.</h5>\r\n\r\n<p>&nbsp;</p>\r\n\r\n<p><img class=\"fr-dib fr-fic\" src=\"https://cdn.wadiz.kr/ft/images/green001/2020/0526/20200526191912232_75.png/wadiz/format/jpg/quality/80/optimize\" /></p>\r\n\r\n<h3>STEP 1</h3>\r\n\r\n<p>해당 페이지 내용 캡쳐 또는 링크를 공유해주세요. 메이커님이 활동하시는 커뮤니티, SNS, 자사 홈페이지 등 자유롭게 공유해주시면 됩니다. 다만, 이때<strong>&nbsp;공개 범위를 반드시 &lsquo;전체 공개&rsquo;로 설정</strong>해주세요!</p>\r\n\r\n<h3>STEP 2</h3>\r\n\r\n<p>하단 버튼을 통해 설문지에 공유 링크와 함께 프로젝트 번호를 남겨주세요. 프로젝트 번호를 꼭 남겨주셔야 혜택을 발송해드릴 수 있습니다. ✍️</p>\r\n\r\n<p>&nbsp;</p>\r\n\r\n<p><a href=\"https://forms.gle/uZbPMcZ3cCP5auvUA\" rel=\"noopener noreferrer\" target=\"_blank\"><img class=\"fr-dib fr-fic\" src=\"https://cdn.wadiz.kr/ft/images/green001/2020/0527/20200527180444594_37.png/wadiz/format/jpg/quality/80/optimize\" /></a><img class=\"fr-dib fr-fic\" src=\"https://lh5.googleusercontent.com/RTRMtOR9bvY2RYsmgurN6X_d9f6xWqnHlfmN-bfY_9iUbAXgc7X8lltvEUdp_00xEgyrMPX6yCuHdmyrCijH9ANnjovjc41fxOz3Goed0m4IoSpdgFxUWqC2Knv89hvRqBGbpihg\" style=\"height:504px; width:602px\" /></p>\r\n\r\n<h5>프로젝트 번호 5자리는 메이커 스튜디오 좌측 상단에서 확인 가능합니다!</h5>\r\n\r\n<h3>STEP 3</h3>\r\n\r\n<p>댓글을 남겨주신 메이커님께는 카테고리 참고서 메일을 보내드립니다!&nbsp;</p>\r\n\r\n<p>참여 방법, 참 간단하죠? ????<br />\r\n그럼, 지금 바로 프로모션을 소문내러 가볼까요?</p>\r\n\r\n<p data-empty=\"true\">&nbsp;</p>\r\n\r\n<p><img class=\"fr-dib fr-fic\" src=\"https://lh5.googleusercontent.com/tnHgPRoxQb4omUn_LFqU8e2-mCbe4Cn0nMaBWeFBuJ8FD9ecj62KCZ9aID9U4kKSCyaOmFOGpp3TzqgUU2rOI_qb2Ga8QOiSQTdDQ-HlKmBM1Z5pSTVPf4ph6emKcXU8ccDL8GQl\" style=\"height:76px; width:602px\" /></p>\r\n\r\n<p>- 타 메이커 모집 기획전과 중복 참여 가능합니다.<br />\r\n- 내부 사정으로 혜택/일정이 변경될 수 있습니다.<br />\r\n- 댓글에 프로젝트 번호가 누락될 경우 혜택 제공 대상에서 제외될 수 있습니다.<br />\r\n- 기간 내 오픈하셔야 리워드 컬렉션 노출과 SNS 광고 혜택에 포함됩니다.<br />\r\n- 이벤트와 관련되지 않은 댓글은 임의 삭제될 수 있습니다.&nbsp;</p>\r\n\r\n<h3>[ 혜택 상세 안내 ]</h3>\r\n\r\n<p><strong>마케팅 혜택</strong><br />\r\n- 광고 성과에 대해 별도 안내드리지 않습니다.<br />\r\n- 펀딩 성과에 따라 SNS 광고 지원 규모가 달라질 수 있습니다.<br />\r\n- 내부 사정으로 혜택 혹은 일정이 변경될 수 있습니다.&nbsp;</p>\r\n</div>\r\n',1,'1590734510094603.png','Screenshot 2020-05-29 at 15.41.09.png','/upload/2020/',3,0,0,'2020-05-29 15:41:50'),(4,'[펀딩] 착한아이템 기획전 참여 메이커 모집',1,'<div class=\"inner-contents\">\r\n<p><img class=\"fr-dib fr-fic\" src=\"https://cdn.wadiz.kr/ft/images/green001/2020/0520/20200520161942248_68.jpg/wadiz/format/jpg/quality/80/optimize\" style=\"margin:0\" /></p>\r\n\r\n<p style=\"margin:0;\"><img class=\"fr-dib fr-fic\" src=\"https://cdn.wadiz.kr/ft/images/green001/2020/0520/20200520162056188_68.jpg/wadiz/format/jpg/quality/80/optimize\" style=\"margin:0\" /></p>\r\n\r\n<p>&nbsp;</p>\r\n\r\n<p><br />\r\n소외된 이웃을 위하는 것<br />\r\n잊혀져 가는 전통과 가치를 기억하는 것<br />\r\n서포터분들의 행복과 만족을 위해 좋은 소재를 사용하는 것 등</p>\r\n\r\n<p><br />\r\n<strong><u>와디즈는 리워드에 담긴 메이커님의 착한 마음을 응원합니다. </u></strong></p>\r\n\r\n<p>반보 앞선 생각으로 우리의 삶을 더욱 아름답고 행복하게 만들고자 하시는 메이커님,<br />\r\n와디즈에서 메이커님의 <strong>착한 리워드</strong>를 소개해주세요<br />\r\n<br />\r\n와디즈가 메이커님의 좋은 가치가 세상을 바꿔나갈 수 있도록 <u>참여하시는 모든 분께</u> 혜택을 드립니다.</p>\r\n\r\n<p>&nbsp;</p>\r\n\r\n<p><img class=\"fr-dib fr-fic\" src=\"https://cdn.wadiz.kr/ft/images/green001/2020/0520/20200520162045139_68.jpg/wadiz/format/jpg/quality/80/optimize\" /></p>\r\n\r\n<p>&nbsp;</p>\r\n\r\n<p><img class=\"fr-dib fr-fic\" src=\"https://cdn.wadiz.kr/ft/images/green001/2020/0520/20200520162118083_68.png/wadiz/format/jpg/quality/80/optimize\" /></p>\r\n\r\n<p>지금 참여 신청하시고, <strong><u>기간 내 오픈하시면 참여 완료!</u></strong></p>\r\n\r\n<p>&nbsp;</p>\r\n\r\n<h3><br />\r\n<strong>| 참여 대상: &nbsp;</strong></h3>\r\n\r\n<p data-empty=\"true\">&nbsp;</p>\r\n\r\n<p>v 우리 삶을 더욱 아름답고 행복하게 만드는 착한 아이템을 개발하고 계신 분</p>\r\n\r\n<p>v <strong><u>6/29~7/5 내 펀딩 오픈하는 예비 메이커</u></strong></p>\r\n\r\n<p data-empty=\"true\">&nbsp;</p>\r\n\r\n<h3><strong>| 이런 아이템으로 참여 하실 수 있어요!</strong></h3>\r\n\r\n<p data-empty=\"true\">&nbsp;</p>\r\n\r\n<p>v 소외된 이웃을 생각한 리워드<br />\r\nv 잊혀져가는 전통과 가치를 기억하는 리워드<br />\r\nv 서포터님의 만족을 생각해 좋은 소재로 만든 리워드<br />\r\nv 지구를 생각한 친환경 리워드</p>\r\n\r\n<p data-empty=\"true\">&nbsp;</p>\r\n\r\n<h3><strong>| 신청방법</strong></h3>\r\n\r\n<p data-empty=\"true\">&nbsp;</p>\r\n\r\n<p>- 메이커 스튜디오 내 기획전에서<strong>&nbsp;[2020 6월 착한 아이템 기획전] </strong>선택해주세요.<br />\r\n&nbsp; &nbsp;착한 아이템 기획전은 <strong><u>6/24</u></strong>까지 선택 가능합니다.</p>\r\n\r\n<p><img class=\"fr-dib fr-fic\" src=\"https://cdn.wadiz.kr/ft/images/green001/2020/0520/20200520162202233_68.jpg/wadiz/format/jpg/quality/80/optimize\" /></p>\r\n\r\n<h5>메이커 스튜디오 &rarr; 기본정보 &rarr; 메이커 기획전 및 파트너사 &rarr; [2020 6월 착한 아이템 기획전] 선택</h5>\r\n\r\n<p><a href=\"/web/wsub/openfunding/reward\" rel=\"noopener noreferrer\" target=\"_blank\"><img class=\"fr-dib fr-fic\" src=\"https://cdn.wadiz.kr/ft/images/green001/2020/0520/20200520163204779_68.png/wadiz/format/jpg/quality/80/optimize\" style=\"margin:0\" /></a></p>\r\n\r\n<p>&nbsp;</p>\r\n\r\n<p>&nbsp;</p>\r\n\r\n<p><img class=\"fr-dib fr-fic\" src=\"https://cdn.wadiz.kr/ft/images/green001/2020/0520/20200520162241424_68.png/wadiz/format/jpg/quality/80/optimize\" style=\"margin:0\" /></p>\r\n\r\n<p><img class=\"fr-dib fr-fic\" src=\"https://cdn.wadiz.kr/ft/images/green001/2020/0520/20200520162317252_68.png/wadiz/format/jpg/quality/80/optimize\" /></p>\r\n\r\n<h3>| <strong>착한 아이템 컬렉션 웹/앱 배너 1주일 노출</strong></h3>\r\n\r\n<p><img class=\"fr-dib fr-fic\" src=\"https://cdn.wadiz.kr/ft/images/green001/2020/0520/20200520162426606_68.jpg/wadiz/format/jpg/quality/80/optimize\" /></p>\r\n\r\n<p>270만 회원이 주목하는 와디즈 [펀딩하기] 홈에 <strong>착한 아이템 컬렉션 배너가 1주일 간 노출</strong>됩니다.</p>\r\n\r\n<p>&nbsp;</p>\r\n\r\n<h3>| 컬렉션 sns 광고 콘텐츠 노출 (페이스북, 인스타그램)</h3>\r\n\r\n<p><img class=\"fr-dib fr-fic\" src=\"https://cdn.wadiz.kr/ft/images/green001/2020/0520/20200520162554113_68.jpg/wadiz/format/jpg/quality/80/optimize\" /></p>\r\n\r\n<p>메이커님의 프로젝트가 서포터에게 더 많이 알려질 수 있도록 <strong><u>컬렉션 단위로 SNS 광고가 집행</u></strong>됩니다. 페이스북과 인스타그램에서 메이커님의 프로젝트를 만나보세요!</p>\r\n\r\n<p><strong>SNS 광고 혜택 기간: 7/1-7/7</strong></p>\r\n\r\n<p>&nbsp;</p>\r\n\r\n<p>&nbsp;</p>\r\n\r\n<p><img class=\"fr-dib fr-fic\" src=\"https://cdn.wadiz.kr/ft/images/green001/2020/0520/20200520162304958_68.png/wadiz/format/jpg/quality/80/optimize\" /></p>\r\n\r\n<h3>| 와디즈 전문 PD의 1:1 맞춤 컨설팅 기회</h3>\r\n\r\n<p><br />\r\n프로젝트 준비부터 사후 이슈케어까지 프로젝트 진행 기간 동안 지원되는 1:1 맞춤 컨설팅 서비스입니다.<br />\r\n아래 링크에서 PD 컨설팅을 신청해주세요.<strong>&nbsp;(※ 수수료가 조정될 수 있습니다)</strong></p>\r\n\r\n<p><a href=\"https://app.smartsheet.com/b/form/60a1007d8dee48a4a7e07198b8178f77\" rel=\"noopener noreferrer\" target=\"_blank\"><img class=\"fr-dib fr-fic\" src=\"https://cdn.wadiz.kr/ft/images/green001/2020/0520/20200520162701513_68.jpg/wadiz/format/jpg/quality/80/optimize\" /></a></p>\r\n\r\n<p>&nbsp;</p>\r\n\r\n<hr />\r\n<p>&nbsp;</p>\r\n\r\n<blockquote class=\"type-line\">\r\n<h3>5-6월에 진행되는 다른 기획전은 없나요?</h3>\r\n</blockquote>\r\n\r\n<h3><a href=\"https://www.wadiz.kr/web/wboard/newsBoardDetail/7155?headWordId=&amp;cPage=1\" rel=\"noopener noreferrer\" target=\"_blank\"><img class=\"fr-dib fr-fic\" src=\"https://cdn.wadiz.kr/ft/images/green001/2020/0526/20200526174756753_97.jpg/wadiz/format/jpg/quality/80/optimize\" /></a></h3>\r\n\r\n<p>&nbsp;</p>\r\n\r\n<p>&nbsp;</p>\r\n\r\n<p>&nbsp;</p>\r\n\r\n<h3>예비 메이커님, 꼭 확인해주세요.</h3>\r\n\r\n<ul>\r\n	<li>반드시 메이커 기획전 및 파트너사를 선택하셔야 프로모션 참여로 인정됩니다.</li>\r\n	<li>7/5까지 펀딩을 오픈해주셔야 제공되는 혜택입니다.</li>\r\n	<li>와디즈 펀딩 오픈 과정은 총 2~3주가량 소요됩니다. 기간 내 오픈을 원하신다면 빠르게 메이커 스튜디오 내 제출하기를 눌러주세요.</li>\r\n	<li>기획전 등재, 광고 성과에 대해 별도로 안내드리지 않습니다.</li>\r\n	<li>펀딩 성과에 따라 SNS 광고 지원 규모가 달라질 수 있습니다.</li>\r\n	<li>내부 사정으로 혜택 혹은 일정이 변경될 수 있습니다.</li>\r\n</ul>\r\n\r\n<p data-empty=\"true\">&nbsp;</p>\r\n\r\n<p>&nbsp;</p>\r\n\r\n<p data-empty=\"true\">&nbsp;</p>\r\n\r\n<p data-empty=\"true\">&nbsp;</p>\r\n</div>\r\n',1,'1590734726905257.png','Screenshot 2020-05-29 at 15.42.24.png','/upload/2020/',4,0,0,'2020-05-29 15:45:26'),(5,'[메이커모집] \'플레이 공간 와디즈\' 기간에 공간 와디즈에 입점하세요!',1,'<div class=\"inner-contents\">\r\n<p data-empty=\"true\"><strong>안녕하세요. 공간 와디즈 리테일팀입니다.</strong></p>\r\n\r\n<p data-empty=\"true\">저희는 온라인 와디즈에서 펀딩을 준비하고 계시거나, 진행중인 메이커분들을 성수동에 위치한 공간 와디즈에서 소개하는 역할을 하고 있습니다. 공간 와디즈는 지난 3월 27일 오픈하여, <a href=\"https://www.wadiz.kr/web/campaign/detail/61505\" rel=\"noopener noreferrer\" target=\"_blank\">18억원 펀딩에 성공한 제누이오 메이커</a>부터 오프라인 연주회에 200여명의 서포터분들이 방문하여<a href=\"https://www.wadiz.kr/web/campaign/detail/64361\" rel=\"noopener noreferrer\" target=\"_blank\">&nbsp;큰 호응을 얻은 크래프터 코리아 메이커</a>까지. 벌써 약 250팀이 공간 와디즈에서 자신들의 제품을 서포터분들에게 선보이셨어요.</p>\r\n\r\n<p data-empty=\"true\">공간 와디즈를 방문해주시는 서포터분들이 뽑은 공간 와디즈의 매력 포인트는 바로 이것입니다.<br />\r\n<br />\r\n첫째, 내가 펀딩하고 싶은 리워드를 직접 체험하며 의견까지 공유할 수 있다는 점.<br />\r\n둘째, 내가 애정하는 메이커에게 프로젝트와 리워드에 대한 이야기를 직접 들을 수 있다는 점.&nbsp;</p>\r\n\r\n<p data-empty=\"true\"><a href=\"https://www.instagram.com/gonggan_wadiz/\" rel=\"noopener noreferrer\" target=\"_blank\">*공간 와디즈 루프탑에서 진행된, 크래프터 메이커의 연주회를 살펴보세요(클릭)</a></p>\r\n\r\n<p data-empty=\"true\">&nbsp;</p>\r\n\r\n<p data-empty=\"true\"><strong>저희는 더 많은 서포터분들에게 더 많은 메이커분들의 제품과 이야기를 전달하고 싶습니다. 그래서 준비했습니다. 공간 와디즈에서, 새로운 일상을 플레이! &lt;플레이 공간 와디즈&gt;. </strong><br />\r\n<br />\r\n<strong>수많은 서포터가 방문할 &lt;플레이공간 와디즈&gt; 기간에 프로젝트를 전시 할 메이커를 모집합니다!</strong></p>\r\n\r\n<p data-empty=\"true\">&nbsp;</p>\r\n\r\n<hr />\r\n<p data-empty=\"true\"><img class=\"fr-dib fr-fic\" src=\"https://lh3.googleusercontent.com/rYVjzFYjpuxJcFH3L2Xu9_YT4APM-9WX9LSf8R9HkuHhF_IZ1nWJVHAx0AhPglqS0Be791dYFXond4_v54tsu5UdQCTE_4sUxqTtzH02HaCDyPG7HAcbtFI9GOBrET8WkzSmzDid\" style=\"background-color:initial; font-size:17px; font-weight:300; height:518px; width:365px\" /></p>\r\n\r\n<h2>&lt;플레이 공간 와디즈&gt; 일정과 전시 일정이 궁금해요.&nbsp;</h2>\r\n\r\n<p>&lt;플레이 공간 와디즈&gt;는 &nbsp;5월 26일(화) 부터 &nbsp;6월 7일(일)까지 13일간 이벤트가 진행 됩니다.<br />\r\n이 기간 내에 메이커님의 리워드가 전시되면 평소보다 훨씬 더 많은 서포터들이 직접 체험 해 볼수 있겠죠?</p>\r\n\r\n<p><a href=\"https://www.wadiz.kr/web/wboard/newsBoardDetail/7255?headWordId=&amp;cPage=1\" rel=\"noopener noreferrer\" target=\"_blank\">**&lt;플레이 공간 와디즈&gt;에 관한 자세한 사항은 별도 공지(클릭)를 확인해주세요**</a></p>\r\n\r\n<h2><strong>참여가 가능한 조건과 방법은 아래를 참고해 주세요. 👀</strong></h2>\r\n\r\n<p><strong>1. 참여대상</strong></p>\r\n\r\n<ul>\r\n	<li dir=\"ltr\">6/8 이내에 &nbsp;새로운 또는 앵콜 프로젝트를 공개할 계획을 가지고 있는 메이커 분들 (오픈예정 또는 본 펀딩)</li>\r\n	<li dir=\"ltr\">5/25(월) 또는 6/1(월)에 전시할 수 있는 샘플을 보내주실 수 있는 메이커<br />\r\n	*공간 와디즈의 신규 제품 전시는 매주 월요일에만 진행됩니다.<br />\r\n	&nbsp;</li>\r\n</ul>\r\n\r\n<p><strong>2. 신청기간 : </strong>지금부터 <u>5월 29일까지</u></p>\r\n\r\n<p><strong>3. 방법</strong></p>\r\n\r\n<p>1) <a href=\"https://app.smartsheet.com/b/form/aea96e8a463c45038ccffeb2c181b953\" rel=\"noopener noreferrer\" target=\"_blank\">전시 신청하기</a>를 클릭하여 전시 신청서 작성해주세요.</p>\r\n\r\n<p>2) <strong>전시 시작일을 5월 25일 또는 6월 1일로 선택해주세요. </strong><br />\r\n그리고 그 외<strong>&nbsp;</strong> 부가 정보 입력 후 신청서를 제출해 주세요.</p>\r\n\r\n<p>3) 전시비 결제(카드결제) 후 샘플을 발송 하시면 공간 와디즈 전시 완료!<br />\r\n&nbsp;</p>\r\n\r\n<p><strong>4. 이 기간에 입점 하는 메이커들을 위한 혜택💖</strong></p>\r\n\r\n<p>혜택 1. 매일 수백명이 방문하는 공간 와디즈에 제품을 소개 할 수 있습니다.<br />\r\n혜택 2. 280만 와디즈 회원이 주목하는 와디즈 메인 컬렉션 배너에 메이커님의 프로젝트가 노출 됩니다.<br />\r\n혜택 3. 앱푸시, 카카오톡 플러스 친구, 뉴스레터, LMS 등 다양한 와디즈 채널에서 플레이공간 와디즈를 홍보합니다.<br />\r\n혜택 4. 해당 기간에 전시 입점 하는 메이커에게 <u>추가 전시 1주 연장의 혜택(선택)</u>을 제공합니다!😊<br />\r\n혜택 5. 와디즈 공식 인스타그램과 공간 와디즈 공식 인스타그램에서 동시에 live 방송을 통해 여러분들의 제품을 소개합니다. (방송에 참여하는 서포터분들이 보고싶은 제품을 주로 소개합니다)<br />\r\n<br />\r\n<br />\r\n<strong>5.전시(입점) 비용</strong></p>\r\n\r\n<p>5월 한달간만 진행하는 프로모션가를 놓치지 마세요!</p>\r\n\r\n<p><strong>2+1주 전시: &nbsp;66만원 &rarr; <u>33만원 (vat포함)</u></strong></p>\r\n\r\n<p><strong>4+1주 전시: 132만원 &rarr;<u>66만원 (vat포함)</u></strong></p>\r\n\r\n<p>*일반전시가 아닌 기획전시(공간 와디즈 내 특정 spot활용 또는 소품 및 가구배치)는<br />\r\n비용협의가 별도로 필요하며, 아래 이메일로 &#39;기획전시를 문의합니다&#39;와 같이 메일을 보내주세요.</p>\r\n\r\n<p data-empty=\"true\"><br />\r\n<strong>6. 신청에 어려움이 있으시거나, 문의하고 싶은 것이 있으신가요?</strong><br />\r\n공간 리테일팀 전용 메일(<a href=\"mailto:spacewadiz@wadiz.kr\" rel=\"noopener noreferrer\" target=\"_blank\">spacewadiz@wadiz.kr</a>)로 연락주세요. 공간 와디즈의 전시를 책임지는 MD들이 빠르게 연락드리겠습니다.</p>\r\n\r\n<h2><a href=\"https://app.smartsheet.com/b/form/aea96e8a463c45038ccffeb2c181b953\" rel=\"noopener noreferrer\" target=\"_blank\">지금 바로 공간 와디즈 전시 입점을 신청(클릭)해주세요!📑</a><br />\r\n신청 순으로 검토하여 연락드리겠습니다 :)</h2>\r\n\r\n<p data-empty=\"true\">&nbsp;</p>\r\n\r\n<p>* 자세한 입점 관련 안내사항은 첨부파일의 공간입점 가이드를 참고하여 주세요.</p>\r\n</div>\r\n',2,'159073483551864.png','Screenshot 2020-05-29 at 15.47.04.png','/upload/2020/',5,0,0,'2020-05-29 15:47:15'),(6,'이제, 새로운 일상이 플레이! 플레이 공간 와디즈 (5/26~6/7)',1,'<div class=\"inner-contents\">\r\n<p><img class=\"fr-dib fr-fic\" src=\"https://cdn.wadiz.kr/ft/images/green001/2020/0518/20200518225900494_88.png/wadiz/format/jpg/quality/80/optimize\" /></p>\r\n\r\n<h2>공간 와디즈에서, 새로운 일상이 플레이!&nbsp;</h2>\r\n\r\n<p>여름을 앞두고 있는 요즘, 와디즈에게 가장 기쁜 일을 물어보신다면 공간 와디즈를 통해 서포터님들과 오프라인에서 직접 인사드릴 수 있다는 것이라고 바로 답할 수 있어요. 이제 더 많은 서포터님들이 눈여겨보던 누군가의 도전을 <strong>좀 더 쉽게 보고, 만지고, 체험할 수 있도록</strong> - 공간 와디즈에서 축제를 준비했습니다!</p>\r\n\r\n<p><img class=\"fr-dib fr-fic\" src=\"https://cdn.wadiz.kr/ft/images/green001/2020/0520/20200520095350804_109.jpg/wadiz/format/jpg/quality/80/optimize\" /></p>\r\n\r\n<p><img class=\"fr-dib fr-fic\" src=\"https://cdn.wadiz.kr/ft/images/green001/2020/0518/20200518230147324_88.png/wadiz/format/jpg/quality/80/optimize\" /></p>\r\n\r\n<p data-empty=\"true\"><strong>&lt;플레이 공간 와디즈&gt; </strong>기간 동안, 공간 와디즈의 입구에서부터 새단장을 한 공간 와디즈의 곳곳이 여러분을 반길거예요. 메이커와 함께 맛보고 사진찍고 느끼는 오감 체험은 물론 단독 펀딩 런칭쇼와 퍼스널 쇼퍼처럼 여러분에게 딱 맞춘 펀딩 플레이리스트까지. 얼음가득 아이스 커피 한 잔에, 여름감성 담뿍 담은 루프탑 공연을 감상하며 쉬어가셔도 좋아요.&nbsp;</p>\r\n\r\n<p data-empty=\"true\">&nbsp;</p>\r\n\r\n<blockquote class=\"type-default\">\r\n<p>늘 새롭게 생동하는 <strong>공간 와디즈</strong>에서,</p>\r\n\r\n<p>일상을 좀 더 풍요롭고 편리하게 만들어줄</p>\r\n\r\n<p>와디즈 펀딩을 직접 체험하세요!</p>\r\n</blockquote>\r\n\r\n<p><span class=\"fr-draggable fr-dvb fr-fvc fr-video\" contenteditable=\"false\" draggable=\"true\"><iframe allowfullscreen=\"\" frameborder=\"0\" height=\"360\" src=\"//www.youtube.com/embed/7CybGyhJxBI?wmode=opaque\" width=\"640\"></iframe></span></p>\r\n\r\n<h2><img class=\"fr-dib fr-fic\" src=\"https://cdn.wadiz.kr/ft/images/green001/2020/0518/20200518225151684_106.png/wadiz/format/jpg/quality/80/optimize\" /></h2>\r\n\r\n<p>행사 라인업은 공간 와디즈 인스타그램에서 순차 공개됩니다. 인스타그램 팔로우하시고, &nbsp;업데이트 소식을 받아보세요! <a href=\"https://www.instagram.com/gonggan_wadiz/\" rel=\"noopener noreferrer\" target=\"_blank\"><strong><u>공간 와디즈 인스타그램 팔로우 하기</u></strong></a></p>\r\n\r\n<p><img class=\"fr-dib\" src=\"https://cdn.wadiz.kr/ft/images/green001/2020/0526/20200526100831733_18.jpg/wadiz/format/jpg/quality/80/optimize\" /></p>\r\n\r\n<p><strong>05.20 UPDATE</strong><br />\r\n6/6(토) 루프탑콘서트 라인업이 공개되었습니다 :)</p>\r\n\r\n<p><strong>05.21 UPDATE</strong><br />\r\n5/30(토) 루프탑 콘서트 라인업이 공개되었습니다 :)</p>\r\n\r\n<p><strong>05.22 UPDATE</strong><br />\r\n5/31(일) 메이커 단독런칭쇼 라인업이 공개되었습니다 :)</p>\r\n\r\n<p>&nbsp;</p>\r\n\r\n<h2><img class=\"fr-dib fr-fic\" src=\"https://cdn.wadiz.kr/ft/images/green001/2020/0518/20200518225159243_106.png/wadiz/format/jpg/quality/80/optimize\" />온라인 와디즈에서만 보던 메이커를 직접 만나볼 수 있다면?</h2>\r\n\r\n<p>첫째! 서포터와 메이커가 연결되는 공간. 공간 와디즈인 만큼 메이커와 함께 플레이할 수 있는 이벤트도 준비되어 있어요. 선선한 주말 오후에 음악이 빠질 수 없죠! <strong>루프탑</strong>에서 홍대광, 모트, 레인보우 노트 등 <strong>와디즈에서 펀딩을 진행한 아티스트 메이커들의 선율을 직접 감상</strong>하세요!&nbsp;</p>\r\n\r\n<p><img class=\"fr-dib fr-fic\" src=\"https://cdn.wadiz.kr/ft/images/green001/2020/0518/20200518222248795_65.png/wadiz/format/jpg/quality/80/optimize\" /></p>\r\n\r\n<p>둘째. 하루에 단 한번! 와디즈에서 아직 선보이지 않은 <strong>리워드의 오프라인 단독 &nbsp;펀딩 런칭쇼</strong>가 열립니다. 메이커의 리워드 시연은 물론, 재미와 감동을 모두 잡은 비하인드 스토리까지 들을 수 있는 시간. 펀딩 오픈의 감동까지 메이커와 함께 할 수 있는 특별한 기회를 놓치지 마세요.</p>\r\n\r\n<p><img class=\"fr-dib fr-fic\" src=\"https://cdn.wadiz.kr/ft/images/green001/2020/0518/20200518222501558_65.png/wadiz/format/jpg/quality/80/optimize\" /></p>\r\n\r\n<p>셋째. <strong>공간 와디즈의 볕 좋은 마당에서 펼쳐지는 먹고, 보고, 느낄 수 있는 리워드 오감 이벤트</strong>까지❤️! 눈, 코, 입, 귀가 모두 즐거운 공간 와디즈에서, 이제 새로운 일상을 Play!</p>\r\n\r\n<p><img class=\"fr-dib fr-fic\" src=\"https://cdn.wadiz.kr/ft/images/green001/2020/0518/20200518225735288_88.png/wadiz/format/jpg/quality/80/optimize\" /></p>\r\n\r\n<p data-empty=\"true\">&nbsp;</p>\r\n\r\n<blockquote class=\"type-default\">\r\n<p><strong>매일매일 계속될 메이커 플레이에서 함께 즐겨요!</strong></p>\r\n</blockquote>\r\n\r\n<h2>&nbsp;</h2>\r\n\r\n<h2><img class=\"fr-dib fr-fic\" src=\"https://cdn.wadiz.kr/ft/images/green001/2020/0518/20200518225207318_106.png/wadiz/format/jpg/quality/80/optimize\" />퍼스널 쇼퍼처럼, 나를 위한 라이프스타일 펀딩템을 알려준다면?</h2>\r\n\r\n<p>내 취향에 맞는 음악으로 플레이리스트를 채우는 것처럼, 라이프스타일에 따라 펀딩 아이템들을 추천해준다면? 어디에서도 볼 수 없던 제품들을 맞춤형으로 보여드리는 퍼스널 라이프스타일 쇼룸에서 <strong>나만의 플레이리스트를 Pick</strong> 하세요!&nbsp;</p>\r\n\r\n<p><img class=\"fr-dib fr-fic\" src=\"https://cdn.wadiz.kr/ft/images/green001/2020/0522/20200522143000869_48.png/wadiz/format/jpg/quality/80/optimize\" /></p>\r\n\r\n<p>오늘의 기분이나 상태에 따라 마음에 드는 키워드 카드들을 조합하면, 나만의 펀딩 플레이리스트 속 아이템들이 채워집니다.&nbsp;</p>\r\n\r\n<p>&nbsp;</p>\r\n\r\n<h2><img class=\"fr-dib fr-fic\" src=\"https://cdn.wadiz.kr/ft/images/green001/2020/0518/20200518225212886_106.png/wadiz/format/jpg/quality/80/optimize\" /></h2>\r\n\r\n<p>신나는 축제에, 혜택 가득 이벤트가 빠질 순 없겠죠? 플레이 공간 와디즈 기간동안 방문해주시고, 함께 Play 해주시는 분들을 위한 다양한 이벤트를 준비하고 있어요! &nbsp;<strong>&nbsp;</strong></p>\r\n\r\n<p><img class=\"fr-dib fr-fic\" src=\"https://cdn.wadiz.kr/ft/images/green001/2020/0518/20200518213656337_23.png/wadiz/format/jpg/quality/80/optimize\" /></p>\r\n\r\n<p>달랑달랑, 어디든 들고 다니고 싶을 키링부터 귀엽지만 한 입에 쏙! 넣을 수 있는 진국이 마카롱까지. 심쿵할 공간 와디즈 굿즈를 다양하게 준비 중에 있습니다. 놀러오실 이유가 충분하죠?</p>\r\n\r\n<blockquote class=\"type-default\">\r\n<p>기대해주세요!</p>\r\n</blockquote>\r\n\r\n<h2><img class=\"fr-dib fr-fic\" src=\"https://cdn.wadiz.kr/ft/images/green001/2020/0518/20200518225219979_106.png/wadiz/format/jpg/quality/80/optimize\" />오시는 길은요.</h2>\r\n\r\n<p><a href=\"\" rel=\"noopener noreferrer\" target=\"_blank\"><iframe allowfullscreen=\"\" aria-hidden=\"false\" frameborder=\"0\" height=\"450\" src=\"https://www.google.com/maps/embed?pb=!1m18!1m12!1m3!1d3163.4507589827826!2d127.04845831558794!3d37.54444253315031!2m3!1f0!2f0!3f0!3m2!1i1024!2i768!4f13.1!3m3!1m2!1s0x357ca535c256d57f%3A0xf10953c4e8891acf!2z6rO16rCEIOyZgOuUlOymiA!5e0!3m2!1sko!2skr!4v1589805475458!5m2!1sko!2skr\" style=\"border:0;\" tabindex=\"0\" width=\"600\"></iframe></a></p>\r\n\r\n<h2>공간 와디즈가 더 궁금하신가요?</h2>\r\n\r\n<ul>\r\n	<li>공간 와디즈 홈페이지 <a href=\"https://spacewadiz.com/\" rel=\"noopener noreferrer\" target=\"_blank\">https://spacewadiz.com/</a></li>\r\n	<li>인스타그램 계정 <a href=\"https://www.instagram.com/gonggan_wadiz/\" rel=\"noopener noreferrer\" target=\"_blank\">@gonggan_wadiz</a></li>\r\n</ul>\r\n\r\n<h2>공간 와디즈가 <a href=\"https://www.wadiz.kr/web/wcomingsoon/rwd/68323\" rel=\"noopener noreferrer\" target=\"_blank\">펀딩</a>을 진행한대요!</h2>\r\n\r\n<p>공간 와디즈의 곳곳을 메이커님, 그리고 서포터님의 이야기로 채우기 위해 직접 메이커가 되어 펀딩을 진행하고 있어요. 이 공간의 시작을 함께 채워나가주세요!<br />\r\n▶ <a href=\"https://www.wadiz.kr/web/wcomingsoon/rwd/68323\" rel=\"noopener noreferrer\" target=\"_blank\">https://www.wadiz.kr/web/wcomingsoon/rwd/68323</a></p>\r\n\r\n<blockquote class=\"type-default\">\r\n<p>그럼 우리, 공간 와디즈에서 만나요!&nbsp;</p>\r\n</blockquote>\r\n\r\n<p>&nbsp;</p>\r\n\r\n<p><img class=\"fr-dib\" src=\"https://cdn.wadiz.kr/ft/images/green001/2020/0526/20200526095416438_64.jpg/wadiz/format/jpg/quality/80/optimize\" /></p>\r\n</div>\r\n',1,'1590734991452568.png','Screenshot 2020-05-29 at 15.48.09.png','/upload/2020/',6,0,0,'2020-05-29 15:49:51'),(7,'[펀딩] 와디즈 메이커를 위한 셀프 영상제작 서비스 (무료)',1,'<div class=\"inner-contents\">\r\n<p><img class=\"fr-dib fr-fic\" src=\"https://cdn.wadiz.kr/ft/images/green001/2020/0518/20200518113601685_58.png/wadiz/format/jpg/quality/80/optimize\" style=\"margin:0\" /><img class=\"fr-dib fr-fic\" src=\"https://cdn.wadiz.kr/ft/images/green001/2020/0518/20200518113630277_58.png/wadiz/format/jpg/quality/80/optimize\" style=\"margin:0\" /><a href=\"https://www.wadiz.kr/web/wsub/openfunding/\" rel=\"noopener noreferrer\" target=\"_blank\"><img class=\"fr-dib fr-fic\" src=\"https://cdn.wadiz.kr/ft/images/green001/2020/0518/20200518113833729_58.png/wadiz/format/jpg/quality/80/optimize\" style=\"margin:0\" /></a><img class=\"fr-dib fr-fic\" src=\"https://cdn.wadiz.kr/ft/images/green001/2020/0518/20200518113916897_58.png/wadiz/format/jpg/quality/80/optimize\" style=\"margin:0\" /><a href=\"https://wadiz.typeform.com/to/HJZKIZ\" rel=\"noopener noreferrer\" target=\"_blank\"><img class=\"fr-dib fr-fic\" src=\"https://cdn.wadiz.kr/ft/images/green001/2020/0518/20200518113930183_58.png/wadiz/format/jpg/quality/80/optimize\" style=\"margin:0\" /></a><img class=\"fr-dib fr-fic\" src=\"https://cdn.wadiz.kr/ft/images/green001/2020/0518/20200518113938620_58.png/wadiz/format/jpg/quality/80/optimize\" style=\"margin:0\" /><span class=\"fr-draggable fr-dvb fr-fvc fr-video\" contenteditable=\"false\" draggable=\"true\"><iframe allowfullscreen=\"\" frameborder=\"0\" height=\"360\" src=\"//www.youtube.com/embed/a6G_n12VBLI?wmode=opaque\" width=\"640\"></iframe></span><img class=\"fr-dib fr-fic\" src=\"https://cdn.wadiz.kr/ft/images/green001/2020/0518/20200518114314700_58.png/wadiz/format/jpg/quality/80/optimize\" style=\"margin:0\" /></p>\r\n</div>\r\n',1,'1590735116481465.png','Screenshot 2020-05-29 at 15.48.18.png','/upload/2020/',7,0,0,'2020-05-29 15:51:56'),(8,'[펀딩] 우리 지금 앱에서 만나요! 앱 전용 쿠폰 이벤트!',1,'<div class=\"inner-contents\">\r\n<p style=\"margin:0;\"><img class=\"fr-dib fr-fic\" src=\"https://cdn.wadiz.kr/ft/images/green001/2020/0528/20200528170326930_14.png/wadiz/format/jpg/quality/80/optimize\" style=\"margin:0\" /></p>\r\n\r\n<p style=\"margin:0;\"><a href=\"https://www.wadiz.kr/web/coupon-zone\" rel=\"noopener noreferrer\" target=\"_blank\"><img class=\"fr-dib fr-fic\" src=\"https://cdn.wadiz.kr/ft/images/green001/2020/0514/20200514215937407_88.png/wadiz/format/jpg/quality/80/optimize\" style=\"margin:0\" /></a></p>\r\n\r\n<p style=\"margin:0;\"><img class=\"fr-dib fr-fic\" src=\"https://cdn.wadiz.kr/ft/images/green001/2020/0528/20200528170614056_14.png/wadiz/format/jpg/quality/80/optimize\" style=\"margin:0\" /></p>\r\n</div>\r\n',1,'1590735194245508.png','Screenshot 2020-05-29 at 15.48.31.png','/upload/2020/',8,0,0,'2020-05-29 15:53:14'),(9,'[펀딩] 기본템 기획전 참여 메이커 모집',1,'<div class=\"inner-contents\">\r\n<p style=\"margin:0;\"><img class=\"fr-dib fr-fic\" src=\"https://cdn.wadiz.kr/ft/images/green001/2020/0513/20200513151917175_67.png/wadiz/format/jpg/quality/80/optimize\" style=\"margin:0\" /><img class=\"fr-dib fr-fic\" src=\"https://cdn.wadiz.kr/ft/images/green001/2020/0513/20200513152055069_67.png/wadiz/format/jpg/quality/80/optimize\" style=\"margin:0\" /></p>\r\n\r\n<p>&nbsp;</p>\r\n\r\n<p><strong>기본에 충실하는 것</strong>은 쉬워 보이지만 가장 어려운 과제이기도 합니다.</p>\r\n\r\n<p>&nbsp;</p>\r\n\r\n<p>특히 요즘의 과열된 시장 상황, 빠른 유행, 마케팅 비용 등의 큰 벽을 만나다 보면 우리가 쫓고 있는 &lsquo;기본&rsquo;이라는 가치가 문득 작아 보이기도 합니다. <strong><u>와디즈는 제품에 담긴 철학과 리워드의 퀄리티, 즉 &lsquo;기본&rsquo;으로 승부하시는 메이커님들을 항상 응원하고 있습니다. </u></strong></p>\r\n\r\n<p><br />\r\n기본을 지키며 좋은 제품을 만들고 계신 메이커님, 와디즈에서 리워드를 선보여주세요. 와디즈가 메이커님의 좋은 가치가 세상을 바꿔나갈 수 있도록, <u>참여하시는 모든 분</u>께 혜택을 드립니다.</p>\r\n\r\n<p>&nbsp;</p>\r\n\r\n<p>&nbsp;</p>\r\n\r\n<p><img class=\"fr-dib fr-fic\" src=\"https://cdn.wadiz.kr/ft/images/green001/2020/0513/20200513152127356_67.png/wadiz/format/jpg/quality/80/optimize\" /></p>\r\n\r\n<p>&nbsp;</p>\r\n\r\n<p>&nbsp;</p>\r\n\r\n<p><img class=\"fr-dib fr-fic\" src=\"https://cdn.wadiz.kr/ft/images/green001/2020/0513/20200513161804459_48.png/wadiz/format/jpg/quality/80/optimize\" />지금 참여 신청하시고, <u><strong>기간 내 오픈하시는 모든 분</strong></u>께 혜택을 드리는 기획전입니다.&nbsp;</p>\r\n\r\n<h3>&nbsp;</h3>\r\n\r\n<blockquote class=\"type-line\">\r\n<p><strong>참여 대상</strong></p>\r\n</blockquote>\r\n\r\n<p>&nbsp; &nbsp;✓ 기본에 충실한 패션/뷰티/디자인 아이템을 개발하고 계신 분<br />\r\n&nbsp; &nbsp;✓ <strong><u>6/22~6/28 내 펀딩 오픈하는 예비 메이커</u></strong></p>\r\n\r\n<h3>&nbsp;</h3>\r\n\r\n<blockquote class=\"type-line\">\r\n<p><strong>이런 아이템으로 참여 하실 수 있어요!</strong></p>\r\n</blockquote>\r\n\r\n<p>&nbsp; &nbsp;✓ 매일 바르는 화장품, 에센스<br />\r\n&nbsp; &nbsp;✓ 매일 입는 편한 패션, 잡화<br />\r\n&nbsp; &nbsp;✓ 없으면 아쉬운 헤어 케어 제품<br />\r\n&nbsp; &nbsp;✓ 기분 좋은 하루를 만드는 디자인소품</p>\r\n\r\n<h3>&nbsp;</h3>\r\n\r\n<blockquote class=\"type-line\">\r\n<p><strong>신청방법</strong></p>\r\n</blockquote>\r\n\r\n<p>메이커 스튜디오 내 기획전에서<strong>&nbsp;[</strong><strong>2020 6월 기본템 기획전] </strong>선택해주세요. 기본템 기획전은 6/17(수)까지 신청하실 수 있습니다.&nbsp;</p>\r\n\r\n<p><img class=\"fr-dib fr-fic\" src=\"https://cdn.wadiz.kr/ft/images/green001/2020/0513/20200513152324989_67.png/wadiz/format/jpg/quality/80/optimize\" /></p>\r\n\r\n<h5>메이커 스튜디오 &rarr; &nbsp;기본정보 &nbsp;&rarr; &nbsp;메이커 기획전 및 파트너사 &nbsp;&rarr; &nbsp;[2020 6월 기본템 기획전] 선택</h5>\r\n\r\n<p><a href=\"/web/wsub/openfunding/reward\" rel=\"noopener noreferrer\" target=\"_blank\"><img class=\"fr-dib fr-fic\" src=\"https://cdn.wadiz.kr/ft/images/green001/2020/0513/20200513152329749_67.png/wadiz/format/jpg/quality/80/optimize\" /></a></p>\r\n\r\n<h5>&nbsp;</h5>\r\n\r\n<p>&nbsp;</p>\r\n\r\n<p>&nbsp;</p>\r\n\r\n<p><img class=\"fr-dib fr-fil\" src=\"https://cdn.wadiz.kr/ft/images/green001/2020/0513/20200513161812187_48.png/wadiz/format/jpg/quality/80/optimize\" style=\"margin:0\" /><img class=\"fr-dib fr-fic\" src=\"https://cdn.wadiz.kr/ft/images/green001/2020/0513/20200513161826239_48.png/wadiz/format/jpg/quality/80/optimize\" style=\"margin:0\" /></p>\r\n\r\n<p>&nbsp;</p>\r\n\r\n<blockquote class=\"type-line\">\r\n<p><strong>기본템 컬렉션 웹/앱 배너 1주일 노출</strong></p>\r\n</blockquote>\r\n\r\n<h3><img class=\"fr-dib fr-fic\" src=\"https://cdn.wadiz.kr/ft/images/green001/2020/0513/20200513152517649_67.jpg/wadiz/format/jpg/quality/80/optimize\" /></h3>\r\n\r\n<p>&nbsp;250만 회원이 주목하는 와디즈 [펀딩하기] 홈에 <strong>기본템 컬렉션 배너가 1주일 간 노출</strong>됩니다.</p>\r\n\r\n<p>&nbsp;</p>\r\n\r\n<p>&nbsp;</p>\r\n\r\n<blockquote class=\"type-line\">\r\n<p><strong>sns 광고 콘텐츠 노출</strong></p>\r\n</blockquote>\r\n\r\n<h3><img class=\"fr-dib fr-fic\" src=\"https://cdn.wadiz.kr/ft/images/green001/2020/0513/20200513152522471_67.jpg/wadiz/format/jpg/quality/80/optimize\" /></h3>\r\n\r\n<p>메이커님의 프로젝트가 서포터에게 더 많이 알려질 수 있도록 컬렉션 단위로<strong>&nbsp;200만원 상당의 SNS 광고</strong>가 집행됩니다. 페이스북과 인스타그램에서 메이커님의 프로젝트를 만나보세요!</p>\r\n\r\n<p>&nbsp;</p>\r\n\r\n<p>&nbsp;</p>\r\n\r\n<p>&nbsp;</p>\r\n\r\n<p><img class=\"fr-dib fr-fic\" src=\"https://cdn.wadiz.kr/ft/images/green001/2020/0513/20200513161832358_48.png/wadiz/format/jpg/quality/80/optimize\" /></p>\r\n\r\n<blockquote class=\"type-line\">\r\n<p><strong>와디즈 전문 PD의 1:1 맞춤 컨설팅 기회</strong></p>\r\n</blockquote>\r\n\r\n<p>&nbsp;</p>\r\n\r\n<p>프로젝트 준비부터 사후 이슈케어까지 프로젝트 진행 기간 동안 지원되는 1:1 맞춤 컨설팅 서비스입니다.<br />\r\n아래 링크에서 PD 컨설팅을 신청해주세요. <strong>(※ 수수료가 조정될 수 있습니다)</strong></p>\r\n\r\n<p>&nbsp;</p>\r\n\r\n<p><a href=\"https://app.smartsheet.com/b/form/60a1007d8dee48a4a7e07198b8178f77\" rel=\"noopener noreferrer\" target=\"_blank\"><img class=\"fr-dib fr-fic\" src=\"https://cdn.wadiz.kr/ft/images/green001/2020/0513/20200513152426895_67.png/wadiz/format/jpg/quality/80/optimize\" /></a></p>\r\n\r\n<h5>※ 5/21까지 신청 가능<br />\r\n&nbsp;</h5>\r\n\r\n<p>&nbsp;</p>\r\n\r\n<p>&nbsp;</p>\r\n\r\n<blockquote class=\"type-line\">\r\n<h3>5-6월에 진행되는 다른 기획전은 없나요?</h3>\r\n</blockquote>\r\n\r\n<p><a href=\"https://www.wadiz.kr/web/wboard/newsBoardDetail/7155?headWordId=&amp;cPage=1\" rel=\"noopener noreferrer\" target=\"_blank\"><img class=\"fr-dib fr-fic\" src=\"https://cdn.wadiz.kr/ft/images/green001/2020/0526/20200526175115636_61.jpg/wadiz/format/jpg/quality/80/optimize\" /></a></p>\r\n\r\n<p>&nbsp;</p>\r\n\r\n<p>&nbsp;</p>\r\n\r\n<hr />\r\n<h3>예비 메이커님, 꼭 확인해주세요.</h3>\r\n\r\n<ul>\r\n	<li>반드시 메이커 기획전 및 파트너사를 선택하셔야 프로모션 참여로 인정됩니다.</li>\r\n	<li>6/28까지 펀딩을 오픈해주셔야 제공되는 혜택입니다.</li>\r\n	<li>와디즈 펀딩 오픈 과정은 총 2~3주가량 소요됩니다. 기간 내 오픈을 원하신다면 빠르게 메이커 스튜디오 내 제출하기를 눌러주세요.</li>\r\n	<li>기획전 등재, 광고 성과에 대해 별도로 안내드리지 않습니다.</li>\r\n	<li>펀딩 성과에 따라 SNS 광고 지원 규모가 달라질 수 있습니다.</li>\r\n	<li>내부 사정으로 혜택 혹은 일정이 변경될 수 있습니다.<br />\r\n	&nbsp;</li>\r\n</ul>\r\n\r\n<p data-empty=\"true\">&nbsp;</p>\r\n\r\n<p data-empty=\"true\"><a href=\"https://pf.kakao.com/_xkzxbFd\" rel=\"noopener noreferrer\" target=\"_blank\"><img class=\"fr-dib fr-fic\" src=\"https://cdn.wadiz.kr/ft/images/green001/2020/0513/20200513182013281_60.jpg/wadiz/format/jpg/quality/80/optimize\" /></a></p>\r\n</div>\r\n',0,'159073524806568.png','Screenshot 2020-05-29 at 15.47.04.png','/upload/2020/',9,0,0,'2020-05-29 15:54:08'),(10,'[펀딩] 제1회 와디즈 미식회 참여 메이커 모집',1,'<div class=\"inner-contents\">\r\n<p><img class=\"fr-dib fr-fic\" src=\"https://cdn.wadiz.kr/ft/images/green001/2020/0508/20200508110215128_53.jpg/wadiz/format/jpg/quality/80/optimize\" /></p>\r\n\r\n<p>&nbsp;</p>\r\n\r\n<p>&nbsp;</p>\r\n\r\n<p><img class=\"fr-dib fr-fic fr-fir\" src=\"https://cdn.wadiz.kr/ft/images/green001/2020/0507/20200507171749739_117.jpg/wadiz/format/jpg/quality/80/optimize\" style=\"width:778px\" /></p>\r\n\r\n<p><img class=\"fr-dib fr-fic\" src=\"https://cdn.wadiz.kr/ft/images/green001/2020/0507/20200507134418906_56.jpg/wadiz/format/jpg/quality/80/optimize\" /></p>\r\n\r\n<p>펀딩 성과를 통해 와디즈 美食 TOP 10 선정이 이뤄집니다.<br />\r\n와디즈 미식회에 선정된 프로젝트에는<strong><u>&nbsp;SNS 광고비 총 300만원을 지원합니다.</u></strong></p>\r\n\r\n<p>&nbsp;</p>\r\n\r\n<p><strong>선정 기준ㅣ</strong>결제자수, 모집금액, 지지서명 수를 종합하여 선정 (6월 18일 오전 10시 기준)</p>\r\n\r\n<p><strong>광고 집행 기간 </strong>│6/19~6/25</p>\r\n\r\n<p>&nbsp;</p>\r\n\r\n<p>&nbsp;</p>\r\n\r\n<p><img class=\"fr-dib fr-fic\" src=\"https://cdn.wadiz.kr/ft/images/green001/2020/0507/20200507171741687_117.jpg/wadiz/format/jpg/quality/80/optimize\" /><strong><u>와디즈 미식회 TOP 10에 아쉽게 선정되지 못하셨더라도, 실망하지 마세요.</u></strong></p>\r\n\r\n<p>서포터님들의 입맛을 사로잡을 수 있도록<br />\r\n와디즈가 메이커님의 펀딩을 더 특별하게 보여드릴게요.</p>\r\n\r\n<p>아래 두 가지 혜택은 6/15~6/21 와디즈 미식회에 참여해주신 모든 분들께 적용되는 혜택입니다.<br />\r\n(TOP 10 포함)</p>\r\n\r\n<p>&nbsp;</p>\r\n\r\n<h3>1. 와디즈 미식회 전용 쿠폰</h3>\r\n\r\n<p><img class=\"fr-dib fr-fic\" src=\"https://cdn.wadiz.kr/ft/images/green001/2020/0507/20200507163209998_69.jpg/wadiz/format/jpg/quality/80/optimize\" /></p>\r\n\r\n<p>와디즈 미식회에서만 사용할 수 있는 전용 쿠폰을 발급합니다.<br />\r\n서포터에게 쿠폰 할인가로 리워드를 제공하세요.</p>\r\n\r\n<p>&nbsp;</p>\r\n\r\n<h3>2. 리워드홈 TOP 배너 혜택</h3>\r\n\r\n<p><img class=\"fr-dib fr-fic\" src=\"https://cdn.wadiz.kr/ft/images/green001/2020/0507/20200507171422878_117.jpg/wadiz/format/jpg/quality/80/optimize\" /></p>\r\n\r\n<p>와디즈 미식회에 참여해주신 모든 메이커님들의 프로젝트를 [펀딩하기] TOP 배너에 소개합니다.<br />\r\n260만 서포터가 주목하는<strong><u>&nbsp;와디즈 TOP 배너 혜택</u></strong>을 통해 서포터의 침샘을 자극하는 프로젝트가 되세요.</p>\r\n\r\n<p>&nbsp;</p>\r\n\r\n<p>&nbsp;</p>\r\n\r\n<h2>와디즈 미식회 참여방법</h2>\r\n\r\n<p>&nbsp;</p>\r\n\r\n<ul>\r\n	<li>STEP 1 &nbsp;[프로젝트 시작하기] 버튼 클릭해주세요.</li>\r\n	<li>STEP 2 &nbsp;메이커 스튜디오의 메이커 기획전 탭에서 [2020 6월 와디즈 미식회]를 선택해주세요.<strong>&nbsp;</strong><br />\r\n	<strong>&nbsp; &nbsp; &nbsp; &nbsp; &nbsp; &nbsp; &nbsp; &nbsp;* 6/10까지 선택 가능</strong></li>\r\n	<li>STEP 3 &nbsp;<u><strong>오픈 기간(6/15~6/22) </strong></u>내 프로젝트를 오픈해주세요.</li>\r\n</ul>\r\n\r\n<p data-empty=\"true\">&nbsp;</p>\r\n\r\n<p data-empty=\"true\"><a href=\"/web/wsub/openfunding/reward\" rel=\"noopener noreferrer\" target=\"_blank\"><img class=\"fr-dib fr-fic\" src=\"https://cdn.wadiz.kr/ft/images/green001/2020/0507/20200507171438771_117.jpg/wadiz/format/jpg/quality/80/optimize\" /></a></p>\r\n\r\n<h5>▲ 지금 위 버튼을 누르고, 사진을 보며 따라해보세요</h5>\r\n\r\n<p>&nbsp;</p>\r\n\r\n<p><img class=\"fr-dib fr-fic\" src=\"https://cdn.wadiz.kr/ft/images/green001/2020/0507/20200507134820666_56.jpg/wadiz/format/jpg/quality/80/optimize\" /></p>\r\n\r\n<p>&nbsp;</p>\r\n\r\n<p>&nbsp;</p>\r\n\r\n<p><img class=\"fr-dib fr-fic\" src=\"https://cdn.wadiz.kr/ft/images/green001/2020/0507/20200507171820520_117.jpg/wadiz/format/jpg/quality/80/optimize\" /></p>\r\n\r\n<p>수천 건의 성공 펀딩을 만들어낸 와디즈 PD님과의 1:1 컨설팅 기회를 드립니다.<br />\r\n펀딩 목적과 제품 컨셉에 맞추어 담당 PD가 배정되며, 아래 신청서를 기재해주시면 <strong><u>선정 과정을 거쳐 개별 연락드립니다.</u></strong></p>\r\n\r\n<p>&nbsp;</p>\r\n\r\n<p><a href=\"https://app.smartsheet.com/b/form/60a1007d8dee48a4a7e07198b8178f77\" rel=\"noopener noreferrer\" target=\"_blank\"><img class=\"fr-dib fr-fic\" src=\"https://cdn.wadiz.kr/ft/images/green001/2020/0507/20200507171448189_117.jpg/wadiz/format/jpg/quality/80/optimize\" /></a></p>\r\n\r\n<h5>5/31까지 신청가능</h5>\r\n\r\n<p>&nbsp;</p>\r\n\r\n<p>&nbsp;</p>\r\n\r\n<blockquote class=\"type-line\">\r\n<h3>5-6월에 진행되는 다른 기획전은 없나요?</h3>\r\n</blockquote>\r\n\r\n<p><a href=\"https://www.wadiz.kr/web/wboard/newsBoardDetail/7155?headWordId=&amp;cPage=1\" rel=\"noopener noreferrer\" target=\"_blank\"><img class=\"fr-dib fr-fic\" src=\"https://cdn.wadiz.kr/ft/images/green001/2020/0526/20200526175219178_66.jpg/wadiz/format/jpg/quality/80/optimize\" /></a></p>\r\n\r\n<p>&nbsp;</p>\r\n\r\n<p>&nbsp;</p>\r\n\r\n<hr />\r\n<h3>메이커님, 꼭 확인해주세요!</h3>\r\n\r\n<p>&nbsp;</p>\r\n\r\n<ul>\r\n	<li>반드시 메이커 기획전 및 파트너사를 선택하고 기획전 기간 내 펀딩을 오픈하셔야 프로모션 참여로 인정됩니다.</li>\r\n	<li>와디즈 미식회 TOP10 선정 기준은 [진행 기간 내 결제자수, 모집금액, 지지서명수]이며, 결제자수에 따라 가점을 부가합니다.</li>\r\n	<li>와디즈 미식회 TOP 10 당첨자 공지 및 광고 일정 안내는 개별 LMS로 진행됩니다.</li>\r\n	<li>광고 집행 기간 이전 종료되는 프로젝트에는 혜택 제공이 제한될 수 있습니다.</li>\r\n	<li>&nbsp;6/25일 이전 펀딩 종료 되는 프로젝트일 경우, 펀딩 종료 시까지 광고가 집행됩니다.&nbsp;</li>\r\n	<li>기획전 등재, 광고 성과에 대해 별도 안내드리지 않습니다.</li>\r\n	<li>내부 사정으로 혜택 혹은 일정이 변경될 수 있습니다.</li>\r\n</ul>\r\n\r\n<p>&nbsp;</p>\r\n\r\n<p>&nbsp;</p>\r\n\r\n<p><a href=\"https://pf.kakao.com/_xkzxbFd\" rel=\"noopener noreferrer\" target=\"_blank\"><img class=\"fr-dib fr-fic\" src=\"https://cdn.wadiz.kr/ft/images/green001/2020/0507/20200507163440151_69.jpg/wadiz/format/jpg/quality/80/optimize\" /></a></p>\r\n</div>\r\n',1,'1590735347641105.png','Screenshot 2020-05-29 at 15.48.57.png','/upload/2020/',10,0,0,'2020-05-29 15:55:47'),(11,'[펀딩] 와디즈 펀딩 리뷰 이벤트 - 참여하신 모든 서포터님께 포인트를 드려요! (~5/31)',1,'<div class=\"inner-contents\">\r\n<p style=\"margin:0;\"><img class=\"fr-dib fr-fic\" src=\"https://cdn.wadiz.kr/ft/images/green001/2020/0505/20200505162752173_71.jpg/wadiz/format/jpg/quality/80/optimize\" style=\"margin:0\" /></p>\r\n\r\n<p style=\"margin:0;\"><a href=\"https://www.instagram.com/wadiz_reward/\" rel=\"noopener noreferrer\" target=\"_blank\"><img class=\"fr-dib fr-fic\" src=\"https://cdn.wadiz.kr/ft/images/green001/2020/0401/20200401184036076_66.jpg/wadiz/format/jpg/quality/80/optimize\" style=\"margin:0\" /></a></p>\r\n\r\n<p style=\"margin:0;\"><img class=\"fr-dib fr-fic\" src=\"https://cdn.wadiz.kr/ft/images/green001/2020/0401/20200401184045554_66.jpg/wadiz/format/jpg/quality/80/optimize\" style=\"margin:0\" /></p>\r\n\r\n<p style=\"margin:0;\"><a href=\"https://wadizreview3.typeform.com/to/sPL8ym\" rel=\"noopener noreferrer\" target=\"_blank\"><img class=\"fr-dib fr-fic\" src=\"https://cdn.wadiz.kr/ft/images/green001/2020/0401/20200401184054534_66.jpg/wadiz/format/jpg/quality/80/optimize\" style=\"margin:0\" /></a></p>\r\n\r\n<p style=\"margin:0;\"><img class=\"fr-dib fr-fic\" src=\"https://cdn.wadiz.kr/ft/images/green001/2020/0512/20200512234722364_101.jpg/wadiz/format/jpg/quality/80/optimize\" style=\"margin:0\" /></p>\r\n\r\n<p style=\"margin:0;\">&nbsp;</p>\r\n\r\n<p style=\"margin:0;\">&nbsp;</p>\r\n\r\n<p style=\"margin:0;\">&nbsp;</p>\r\n</div>\r\n',1,'1590735475264974.png','Screenshot 2020-05-29 at 15.57.35.png','/upload/2020/',11,0,0,'2020-05-29 15:57:55'),(12,'[펀딩] 6월 와디즈 기획전 참여 메이커 모집',1,'<div class=\"inner-contents\">\r\n<p style=\"margin:0;\"><img class=\"fr-dib fr-fic\" src=\"https://cdn.wadiz.kr/ft/images/green001/2020/0514/20200514211000015_35.jpg/wadiz/format/jpg/quality/80/optimize\" style=\"margin:0\" /><img class=\"fr-dib fr-fic\" src=\"https://cdn.wadiz.kr/ft/images/green001/2020/0514/20200514211010841_35.jpg/wadiz/format/jpg/quality/80/optimize\" style=\"margin:0\" /><a href=\"https://www.wadiz.kr/web/wboard/newsBoardDetail/7239\" rel=\"noopener noreferrer\" target=\"_blank\"><img class=\"fr-dib fr-fic\" src=\"https://cdn.wadiz.kr/ft/images/green001/2020/0514/20200514211011123_35.jpg/wadiz/format/jpg/quality/80/optimize\" style=\"margin:0\" /></a><img class=\"fr-dib fr-fic\" src=\"https://cdn.wadiz.kr/ft/images/green001/2020/0514/20200514211011473_35.jpg/wadiz/format/jpg/quality/80/optimize\" style=\"margin:0\" /><a href=\"https://www.wadiz.kr/web/wboard/newsBoardDetail/7244\" rel=\"noopener noreferrer\" target=\"_blank\"><img class=\"fr-dib fr-fic\" src=\"https://cdn.wadiz.kr/ft/images/green001/2020/0514/20200514211011757_35.jpg/wadiz/format/jpg/quality/80/optimize\" style=\"margin:0\" /></a></p>\r\n\r\n<p style=\"margin:0;\"><img class=\"fr-dib fr-fic\" src=\"https://cdn.wadiz.kr/ft/images/green001/2020/0526/20200526174450994_101.jpg/wadiz/format/jpg/quality/80/optimize\" style=\"margin:0\" /><a href=\"https://www.wadiz.kr/web/wboard/newsBoardDetail/7259?headWordId=&amp;cPage=1\" rel=\"noopener noreferrer\" target=\"_blank\"><img class=\"fr-dib fr-fic\" src=\"https://cdn.wadiz.kr/ft/images/green001/2020/0526/20200526174512234_101.jpg/wadiz/format/jpg/quality/80/optimize\" style=\"margin:0\" /></a></p>\r\n\r\n<p style=\"margin:0;\"><a href=\"https://www.wadiz.kr/web/wboard/newsBoardDetail/7262\" rel=\"noopener noreferrer\" target=\"_blank\"><img class=\"fr-dib fr-fic\" src=\"https://cdn.wadiz.kr/ft/images/green001/2020/0527/20200527191448990_52.png/wadiz/format/jpg/quality/80/optimize\" style=\"margin:0\" /></a></p>\r\n\r\n<p style=\"margin:0;\"><img class=\"fr-dib fr-fil\" src=\"https://cdn.wadiz.kr/ft/images/green001/2020/0514/20200514211343589_35.jpg/wadiz/format/jpg/quality/80/optimize\" style=\"margin:0\" /><a href=\"https://www.wadiz.kr/web/wsub/openfunding/reward\" rel=\"noopener noreferrer\" target=\"_blank\"><img class=\"fr-dib fr-fil\" src=\"https://cdn.wadiz.kr/ft/images/green001/2020/0514/20200514211345803_35.jpg/wadiz/format/jpg/quality/80/optimize\" style=\"margin:0\" /></a><img class=\"fr-dib fr-fic\" src=\"https://cdn.wadiz.kr/ft/images/green001/2020/0514/20200514211356142_35.jpg/wadiz/format/jpg/quality/80/optimize\" style=\"margin:0\" /></p>\r\n\r\n<p style=\"margin:0;\">&nbsp;</p>\r\n</div>\r\n',1,'1590735605149418.png','Screenshot 2020-05-29 at 15.58.35.png','/upload/2020/',12,0,0,'2020-05-29 16:00:05'),(13,'[펀딩] 메이커를 위한 스토리 셀프 디자인 서비스 (무료)',1,'<div class=\"inner-contents\">\r\n<p style=\"margin:0;\"><img class=\"fr-dib fr-fic\" src=\"https://cdn.wadiz.kr/ft/images/green001/2020/0518/20200518115740475_100.png/wadiz/format/jpg/quality/80/optimize\" style=\"margin:0\" /><a href=\"https://www.wadiz.kr/web/wsub/openfunding/\" rel=\"noopener noreferrer\" target=\"_blank\"><img class=\"fr-dib fr-fic\" src=\"https://cdn.wadiz.kr/ft/images/green001/2020/0309/20200309164111767_55.png/wadiz/format/jpg/quality/80/optimize\" style=\"margin:0\" /></a><img class=\"fr-dib fr-fic\" src=\"https://cdn.wadiz.kr/ft/images/green001/2020/0311/20200311162607292_64.png/wadiz/format/jpg/quality/80/optimize\" style=\"margin:0\" /><a href=\"https://wadiz.typeform.com/to/V3WiUS?utm_source=rwm_miricanvas&amp;utm_medium=affiliate\" rel=\"noopener noreferrer\" target=\"_blank\"><img class=\"fr-dib fr-fic\" src=\"https://cdn.wadiz.kr/ft/images/green001/2020/0309/20200309164134551_55.png/wadiz/format/jpg/quality/80/optimize\" style=\"margin:0\" /></a></p>\r\n\r\n<p style=\"margin:0;\"><img class=\"fr-dib fr-fic\" src=\"https://cdn.wadiz.kr/ft/images/green001/2020/0311/20200311162419988_36.png/wadiz/format/jpg/quality/80/optimize\" style=\"margin:0\" /></p>\r\n\r\n<p style=\"margin:0;\"><img class=\"fr-dib fr-fic\" style=\"margin:0\" /></p>\r\n\r\n<p style=\"margin:0;\"><span class=\"fr-draggable fr-dvb fr-fvc fr-video\" contenteditable=\"false\" draggable=\"true\"><iframe allowfullscreen=\"\" frameborder=\"0\" height=\"360\" src=\"//www.youtube.com/embed/y639KWvKm9c?wmode=opaque\" width=\"640\"></iframe></span></p>\r\n\r\n<p style=\"margin:0;\"><img class=\"fr-dib fr-fic\" src=\"https://cdn.wadiz.kr/ft/images/green001/2020/0311/20200311162301265_36.png/wadiz/format/jpg/quality/80/optimize\" style=\"margin:0\" /></p>\r\n</div>\r\n',1,'159073574048453.png','Screenshot 2020-05-29 at 16.02.04.png','/upload/2020/',13,0,0,'2020-05-29 16:02:20'),(14,'[펀딩] 메이커들을 위한 앵콜펀딩 혜택전!',1,'<div class=\"inner-contents\">\r\n<p style=\"margin:0;\"><img class=\"fr-dib fr-fic\" src=\"https://cdn.wadiz.kr/ft/images/green001/2020/0525/20200525175919383_107.png/wadiz/format/jpg/quality/80/optimize\" /></p>\r\n\r\n<p style=\"margin:0;\">&nbsp;</p>\r\n\r\n<p style=\"margin:0;\">한 번 와디즈 메이커는 영원한 메이커!<br />\r\n<br />\r\n서포터의 열렬한 지지를 받으며 펀딩을 성공하신 메이커님,</p>\r\n\r\n<p style=\"margin:0;\"><strong>앵콜펀딩 오픈하고 와디즈가 드리는 빵빵한 혜택 챙기세요.</strong></p>\r\n\r\n<p style=\"margin:0;\"><br />\r\n&nbsp;</p>\r\n\r\n<blockquote class=\"type-line\">\r\n<h2>참여방법</h2>\r\n</blockquote>\r\n\r\n<p>&nbsp;</p>\r\n\r\n<p style=\"margin:0;\"><strong>참여대상 │ </strong>와디즈에서 &lsquo;앵콜&rsquo; 펀딩을 진행하는 메이커<br />\r\n<strong>참여조건 │ </strong>프로젝트 제목에 &lsquo;앵콜&rsquo; 문구 포함</p>\r\n\r\n<p style=\"margin:0;\">&nbsp;</p>\r\n\r\n<h3 style=\"margin:0;\">&nbsp;</h3>\r\n\r\n<h3 style=\"margin:0;\"><u>│ 앵콜 펀딩이란? </u></h3>\r\n\r\n<p style=\"margin:0;\"><br />\r\n① 이미 와디즈 펀딩에 성공한 리워드로 와디즈 펀딩을 다시 진행하는 경우,<br />\r\n② 펀딩에 성공한 제품/서비스를 일부 업데이트한 리워드로 펀딩을 진행하는 경우에 해당합니다. &nbsp;</p>\r\n\r\n<p style=\"margin:0;\">&nbsp;</p>\r\n\r\n<p style=\"margin:0;\"><img class=\"fr-dib fr-fil\" src=\"https://cdn.wadiz.kr/ft/images/green001/2020/0525/20200525175928260_107.png/wadiz/format/jpg/quality/80/optimize\" style=\"margin:0\" /></p>\r\n\r\n<h3 style=\"margin:0;\"><a href=\"https://www.wadiz.kr/web/wsub/openfunding/reward\" rel=\"noopener noreferrer\" target=\"_blank\"><img class=\"fr-dib fr-fic\" src=\"https://cdn.wadiz.kr/ft/images/green001/2020/0525/20200525175932898_107.png/wadiz/format/jpg/quality/80/optimize\" style=\"margin:0\" /></a></h3>\r\n\r\n<h3 style=\"margin:0;\">&nbsp;</h3>\r\n\r\n<h3 style=\"margin:0;\">&nbsp;</h3>\r\n\r\n<p>&nbsp;</p>\r\n\r\n<blockquote class=\"type-line\">\r\n<h2>참여 혜택 안내</h2>\r\n</blockquote>\r\n\r\n<p>&nbsp;</p>\r\n\r\n<p>앵콜펀딩을 오픈하시는 모든 분들께 <u><strong>와디즈 마케팅 풀패키</strong><strong>지</strong></u>를 드립니다.</p>\r\n\r\n<p><img class=\"fr-dib fr-fil\" src=\"https://cdn.wadiz.kr/ft/images/green001/2020/0525/20200525175938393_107.png/wadiz/format/jpg/quality/80/optimize\" /></p>\r\n\r\n<p>&nbsp;</p>\r\n\r\n<h3><br />\r\n<u>1. 앵콜펀딩 컬렉션 등재</u></h3>\r\n\r\n<p><br />\r\n서포터라면 한 번쯤은 클릭해본다는 <strong>펀딩하기 홈 TOP 배너 혜택</strong>을 드립니다.&nbsp;</p>\r\n\r\n<p>배너 영역에서 앵콜펀딩 컬렉션이 상시로 노출되며, <strong>오픈 후 3일 이내 앵콜 펀딩 컬렉션에 추가</strong>됩니다. &nbsp;<br />\r\n<img class=\"fr-dib fr-fic\" src=\"https://cdn.wadiz.kr/ft/images/green001/2020/0525/20200525183254637_41.png/wadiz/format/jpg/quality/80/optimize\" /></p>\r\n\r\n<p>&nbsp;</p>\r\n\r\n<h3><br />\r\n<strong><u>2. 마케팅 푸시 선정 시 우대</u></strong></h3>\r\n\r\n<p><br />\r\n와디즈 회원에게 노출되는<strong>&nbsp;APP PUSH, 카카오톡 플러스친구 메시지, 와디즈 뉴스레터 우선 선정 기회</strong>를 드립니다</p>\r\n\r\n<p>&nbsp;</p>\r\n\r\n<p><img class=\"fr-dib fr-fic\" src=\"https://cdn.wadiz.kr/ft/images/green001/2020/0525/20200525175959246_107.png/wadiz/format/jpg/quality/80/optimize\" /></p>\r\n\r\n<h5 style=\"margin:0;\">* 프로젝트 성과에 따라 혜택 제공은 달라질 수 있습니다.</h5>\r\n\r\n<p>&nbsp;</p>\r\n\r\n<p>&nbsp;</p>\r\n\r\n<hr />\r\n<h3 style=\"margin:0;\">&nbsp;</h3>\r\n\r\n<h3 style=\"margin:0;\">앵콜 펀딩을 진행할 메이커님,<br />\r\n<u>꼭 확인해주세요.</u></h3>\r\n\r\n<p>&nbsp;</p>\r\n\r\n<ul>\r\n	<li style=\"margin-top: 0px; margin-right: 0px; margin-bottom: 0px;\">반드시 프로젝트 명에 &#39;앵콜&#39;을 표기해주셔야 혜택을 받으실 수 있습니다.</li>\r\n	<li style=\"margin-top: 0px; margin-right: 0px; margin-bottom: 0px;\">펀딩 오픈 이후 <strong>3</strong><strong>&nbsp;영업일 이내</strong>에 펀딩하기 홈의 <a href=\"https://www.wadiz.kr/web/wreward/collection/encore2003?order=recommend&amp;endYn=N&amp;keyword=\" rel=\"noopener noreferrer\" target=\"_blank\">[앵콜펀딩 컬렉션]</a>에 등재됩니다.</li>\r\n	<li style=\"margin-top: 0px; margin-right: 0px; margin-bottom: 0px;\">[앵콜펀딩 컬렉션]의 네이밍은 변경될 수 있습니다.</li>\r\n	<li style=\"margin-top: 0px; margin-right: 0px; margin-bottom: 0px;\">[앵콜펀딩 컬렉션]에는 본펀딩 오픈만 포함됩니다. (오픈 예정 제외)</li>\r\n	<li style=\"margin-top: 0px; margin-right: 0px; margin-bottom: 0px;\">[앵콜펀딩 컬렉션] 마케팅 푸시 일정은 내부 사정으로 변경될 수 있습니다.</li>\r\n</ul>\r\n\r\n<p style=\"margin:0;\">&nbsp;</p>\r\n\r\n<p style=\"margin:0;\"><a href=\"http://앵콜 펀딩을 진행할 메이커님,  이점은 꼭 확인해주세요.   반드시 프로젝트 명에 \'앵콜\'을 표기해주셔야 혜택을 받으실 수 있습니다.  펀딩 오픈 이후 3 영업일 이내에 펀딩하기 홈의 [앵콜펀딩 컬렉션]에 등재됩니다.  [앵콜펀딩 컬렉션]의 네이밍은 변경될 수 있습니다.  [앵콜펀딩 컬렉션]에는 본펀딩 오픈만 포함됩니다. (오픈 예정 제외) [앵콜펀딩 컬렉션] 마케팅 푸시 일정은 내부 사정으로 변경될 수 있습니다. \" rel=\"noopener noreferrer\" target=\"_blank\"><img class=\"fr-dib fr-fic\" src=\"https://cdn.wadiz.kr/ft/images/green001/2020/0525/20200525181433434_107.png/wadiz/format/jpg/quality/80/optimize\" /></a></p>\r\n</div>\r\n',1,'1590741341067646.jpg','Screenshot 2020-05-29 at 17.26.35.jpg','/upload/2020/',14,0,0,'2020-05-29 17:35:41'),(15,'[투자] 스마트골프 오픈알림 신청하고 \"골프패키지\" 받으세요(~5/26)',1,'<div class=\"inner-contents\">\r\n<p style=\"margin:0;\"><a href=\"https://www.wadiz.kr/web/equity/campaign/4923\" rel=\"noopener noreferrer\" target=\"_blank\"><img class=\"fr-dib fr-fic\" src=\"https://cdn.wadiz.kr/ft/images/green001/2020/0515/20200515151237472_36.jpg/wadiz/format/jpg/quality/80/optimize\" style=\"margin:0\" /></a></p>\r\n\r\n<p style=\"margin:0;\"><a href=\"https://www.wadiz.kr/web/equity/campaign/4923\" rel=\"noopener noreferrer\" target=\"_blank\"><img class=\"fr-dib fr-fic\" src=\"https://cdn.wadiz.kr/ft/images/green001/2020/0515/20200515151238804_36.jpg/wadiz/format/jpg/quality/80/optimize\" style=\"margin:0\" /></a></p>\r\n\r\n<p style=\"margin:0;\"><a href=\"https://www.wadiz.kr/web/equity/campaign/4923\" rel=\"noopener noreferrer\" target=\"_blank\"><img class=\"fr-dib fr-fic\" src=\"https://cdn.wadiz.kr/ft/images/green001/2020/0515/20200515151239410_36.jpg/wadiz/format/jpg/quality/80/optimize\" style=\"margin:0\" /></a></p>\r\n\r\n<p style=\"margin:0;\"><a href=\"https://www.wadiz.kr/web/equity/campaign/4923\" rel=\"noopener noreferrer\" target=\"_blank\"><img class=\"fr-dib fr-fic\" src=\"https://cdn.wadiz.kr/ft/images/green001/2020/0515/20200515151240019_36.jpg/wadiz/format/jpg/quality/80/optimize\" style=\"margin:0\" /></a></p>\r\n</div>\r\n',1,'1590741453864562.png','Screenshot 2020-05-29 at 17.36.25.png','/upload/2020/',15,0,0,'2020-05-29 17:37:33'),(16,'[투자] 어픽스 오픈알림 이벤트(~5/25)',1,'<p>&nbsp;</p>\r\n\r\n<p><a href=\"https://www.wadiz.kr/web/equity/campaign/4687\" target=\"_blank\"><img src=\"https://cdn.wadiz.kr/ft/images/green002/2020/0512/20200512151745717_23.jpg/wadiz/format/jpg/quality/80/optimize\" style=\"margin:0\" /></a></p>\r\n\r\n<p><a href=\"https://www.wadiz.kr/web/equity/campaign/4687\" target=\"_blank\"><img src=\"https://cdn.wadiz.kr/ft/images/green002/2020/0512/20200512151746461_23.jpg/wadiz/format/jpg/quality/80/optimize\" style=\"margin:0\" /></a></p>\r\n\r\n<p><a href=\"https://www.wadiz.kr/web/equity/campaign/4687\" target=\"_blank\"><img src=\"https://cdn.wadiz.kr/ft/images/green002/2020/0512/20200512151747133_23.jpg/wadiz/format/jpg/quality/80/optimize\" style=\"margin:0\" /></a></p>\r\n\r\n<p><a href=\"https://www.wadiz.kr/web/equity/campaign/4687\" target=\"_blank\"><img src=\"https://cdn.wadiz.kr/ft/images/green002/2020/0512/20200512151747548_23.jpg/wadiz/format/jpg/quality/80/optimize\" style=\"margin:0\" /></a></p>\r\n\r\n<ul>\r\n</ul>\r\n',1,'1590741507908229.png','Screenshot 2020-05-29 at 17.36.34.png','/upload/2020/',16,0,0,'2020-05-29 17:38:27'),(17,'[펀딩 메이커] 사연을 남기면 혜택이 쏟아진다! \'와디즈에 오게 된 썰\' 이벤트 (5/11 - 6/14)',1,'<p>&nbsp;</p>\r\n\r\n<p><img src=\"https://cdn.wadiz.kr/ft/images/green001/2020/0511/20200511171730481_44.png/wadiz/format/jpg/quality/80/optimize\" /></p>\r\n\r\n<p><img src=\"https://lh3.googleusercontent.com/uop4R7FRNwip8YABFcPxAMx5Kr5c82LsFmrb0iOSdGOIOwtGXi1lII1ftseeYILkQPj_Le2oc-Ogr6sHAVWm5ctGiDZ6HTN4emytNANQdVmzJgU8bZFMa83vNFACnmu4ik42ehXW\" style=\"height:127px; width:602px\" /><img src=\"https://lh4.googleusercontent.com/1z96AvxlZW2hgT9650lAUAguoGUhsL_GaMF4pi0AKDgT0vtY-gnCdGCHLBfVs3_Gl17FebQOKZpfaF4znbt50jzVe4pDEillOMUpaclpWBJK1jT509Yth6OXR-nQ-4Fmfv0oNt5q\" style=\"height:127px; width:602px\" /><img src=\"https://lh4.googleusercontent.com/djWKLg5L86dO0V-mP_uatwe3XBUF_2rpY9BR4l9fBEFA5fmQfBsdbc7g0-POihiEI9DJFCbxZaGiNnVK6D8PjZ0JZr5DCS6Sy8Q8vhmyDBFALi6zYdD7Rs_BMir9JCml-sT8uk-y\" style=\"height:316px; width:602px\" /></p>\r\n성공키워드 예시\r\n\r\n<p>성공 메이커 인터뷰를 읽어보며, &ldquo;<strong>와디즈에서 성공하는 프로젝트들의 비결은 뭘까?</strong>&rdquo; 궁금해하신 적 있으시죠? 와디즈 에디터들이 파헤친,<strong>&nbsp;펀딩 성공 팁</strong>✏️이 담긴<strong>&nbsp;</strong>성공키워드를 보내드려요!&nbsp;</p>\r\n※ 설정 &gt; 기본정보 설정 &gt; 마케팅 정보 수신 동의 &gt; 이메일을 ON으로 설정해주셔야 성공 키워드를 받아보실 수 있습니다. &nbsp;<br />\r\n※ 5월 11일 ~ 5월 25일 내 프로젝트를 시작하신 분들께 메일로 발송됩니다. (매주 월, 목)\r\n<blockquote>\r\n<p>탐나는 성공키워드 받고 싶으시죠?<br />\r\n프로젝트 시작, 어렵지 않다구요! 😉</p>\r\n</blockquote>\r\n<a href=\"https://www.wadiz.kr/web/wsub/openfunding/reward\" target=\"_blank\"><img src=\"https://lh6.googleusercontent.com/csRognx2_4y39IOyhYXkt1AG_ACaKHFfV76nlCxK-IM8D8vBu8YhteoS9k3N8X08zywk243lB5ZDuObwrebUnyRdZXpXhYjaneJM190BNo8DoA7qVmo-4Mlgf5Bwj-p0f-xhcOnh\" style=\"height:71px; width:602px\" /></a>\r\n\r\n<hr />\r\n<p><img src=\"https://lh3.googleusercontent.com/_YBmpgrpAnIqccs31B923odvoGZItlKMX2QE-FT__BUkTRgOaP49alavwb3VMLpfTYc9b4x8YgbZyyo4rm5YGDe6hqYchagfycuXu5os1SNKQz_n0VJ_hXoDGPtIsMO8D7NeObsc\" style=\"height:128px; width:604px\" /><img src=\"https://cdn.wadiz.kr/ft/images/green001/2020/0511/20200511180550719_28.png/wadiz/format/jpg/quality/80/optimize\" /></p>\r\n\r\n<p>두근두근, 설레는 만큼 떨리기도 하는 와디즈에서의 시작! 필요할 때 마다 꺼내볼 수 있는 가이드북이 있다면 얼마나 좋을까, 하는 메이커님의 마음을 누구보다 잘 알고 있다구요!&nbsp;</p>\r\n\r\n<p>리워드 구성, 스토리 작성, 그리고 요건 확인까지 틈틈히 꺼내보기 좋은 시크릿 펀딩핸드북을 보내드립니다. <strong>댓글 이벤트에 참여해주시는 메이커님들께만</strong> 보내드리니, 지금 댓글 페이지에서 와디즈에서 펀딩을 준비하게 된 메이커님의 이야기를 남겨주세요😊</p>\r\n\r\n<p><a href=\"https://www.wadiz.kr/web/wcast/detail/7240\" target=\"_blank\"><img src=\"https://lh6.googleusercontent.com/fdZh5xMK6v41fusJQQ65Pz8XRs10noe2c-Jhxz3E5wEj-kbtTCkK6Ej5QU6GjVH_UWxuBsf3CBdxhFIK1iqJg4xuMKRmITvUpfYGsv1b0UE0NMe1UYL4uOABAbINcWuYiFS4RHFi\" style=\"height:71px; width:602px\" /></a></p>\r\n\r\n<hr />\r\n<p><img src=\"https://lh4.googleusercontent.com/Fnwo6jKkjFmD3suDPXuLh1cWEB4f9IIFVYxkGMltCcLva-ipKRqz02i2icCnye1GZNhLVseMxCfAsMEAf9GWYEF0qAcveBRc6oCzaXhUGT3z-BaqHswKbDNQ-klQO1XmqtZt47Wm\" style=\"height:127px; width:602px\" /><img src=\"https://lh5.googleusercontent.com/ElEjDz4yEUO9G_f0ugDCYy685KP-PEERmejnQrc6xvyVtRjuIxHTB1BA4muCp-GPeqFE3UZdY-PSUuC6sN2f-kdm1uMJxzT4bw7BWz7zmXQyBjFTIn0OaYY-KIhkCILam_idky0P\" style=\"height:293px; width:602px\" /></p>\r\n\r\n<p>와디즈 펀딩은 위와 같은 오픈 절차를 거칩니다. 위 과정은 리워드나 카테고리에 따라 다르지만 영업일 기준 7~10일 이상이 소요됩니다. 하지만, <strong>5월 25일까지 제출</strong>해주시는 메이커님들께는 와디즈도 응원하는 마음에서 <strong>빠른 요건확인</strong>🚀을 도와드립니다.&nbsp;</p>\r\n\r\n<p>누구보다 빠르게, 남들과는 다르게 오픈하고자 하는 메이커님이라면 지금이 절호의 기회입니다😎! 요건 확인 서류, 콘텐츠 유의사항을 꼼꼼히 확인하시고 제출해 주세요. 와디즈도 메이커님께서 빠르게 오픈하실 수 있도록 힘쓰겠습니다.</p>\r\n\r\n<hr />\r\n<p><img src=\"https://lh3.googleusercontent.com/rD6WeYCy8zh4vK3PQVbGfla0n8E4brypZLjEhrRc9h4l33_TsOPDpVjenytlCnbDKwMYIbHLQK2yxEHu71pz5ahnvA-T_olNOhIlFAZYFQ7O5Q5CmwVpsSmHEiGGsF9hXvXPLQBA\" style=\"height:127px; width:602px\" /><img src=\"https://lh3.googleusercontent.com/7D9Mi4m0lC0Co4cBeczkXbmB_7dp1mC6KNmK_4WxhCSkMmCfG7wNjcOipfVqcWia4JbSeayK6QJODcvDrrZWlQ0hg9FkfPp505-BJBMnKtTx7-ZGpbV2CgEaEon4RcuzEXwA0nAK\" style=\"height:369px; width:602px\" /></p>\r\n\r\n<p>250만 회원이 주목하는 앱, 웹 메인 배너를 통해 내 프로젝트를 홍보 해보세요. 이벤트에 참여한 프로젝트들이 컬렉션 형태로 배너에 노출됩니다. <strong>배너에 노출되는 기간은 </strong><strong>6/8~6/14까지</strong>니, 열심히 준비해서 &nbsp;6/8일에 프로젝트 오픈을 하면 노출 기간을 최대로 누리실 수 있겠죠?😉</p>\r\n\r\n<hr />\r\n<p><img src=\"https://lh3.googleusercontent.com/QGlcGFYkG154j09IPfzT26M7-vk0U836qaceOLG-1C2hfhDBZ9vgaQZJV5iHybekdsUJoGqRH2O1tpBXT2dD-A6eusPMlrPQ_hB43BuyUdLn5azPZ0KqlZ2G1urYIQZzfLvK0DlH\" style=\"height:127px; width:602px\" /><img src=\"https://lh5.googleusercontent.com/qjFnbRI1vuIkbOz9zUVP-1XE0gQzTf6k9mSMf3NuU7FYFemxkQsM7Z6bRnlB4IIzNs4O8NRzvi1iwTOX6UTjc_rLerTGB2CQfYrZGjwJIySNHcukkcOTJs0nGsoc8pvL9HXdqZ2i\" style=\"height:343px; width:602px\" /></p>\r\nSNS 광고 혜택 예시\r\n\r\n<p>페이스북, 인스타그램, 카카오톡 채널 메세지 등의 매체 광고가<strong>&nbsp;#댓글인증하고, 기간 내 펀딩 오픈</strong>하시는 모든 메이커님께 무료로 제공됩니다. 메이커님 개인이 부담하실 비용은 없으며, 프로젝트에 따라 홍보 매체는 다르게 선정될 수 있습니다.</p>\r\n\r\n<p><strong>SNS 광고 기간은 6/8~6/14까지</strong>니, 혜택을 FULL 로 누리고 싶으시다면 &nbsp;6/8일 이전에 프로젝트 오픈을 하는 센스!&nbsp;</p>\r\n\r\n<hr />\r\n<p><img src=\"https://lh5.googleusercontent.com/zYnx-Wd5-2ugiJYeazABcoUVabdNmb5HvcjGtYM8foo-pQ188ax-5-sne5M3UIwn0PBuVYCvQ3yBzERzM7TiZjMAobLhtBH0hrwBIFdE-aPRV3j0UdCyOPDHeuNntFaILd5JDL3N\" style=\"height:127px; width:602px\" /></p>\r\n\r\n<p><img src=\"https://cdn.wadiz.kr/ft/images/green001/2020/0511/20200511172526418_44.png/wadiz/format/jpg/quality/80/optimize\" /></p>\r\n\r\n<p>댓글 이벤트에 참여해주신 메이커님 중 n분을 선정하여 제공하는 특별🌟 혜택! 컬렉션 배너 형태가 아닌, <strong>선정 메이커님의 프로젝트가 단독으로</strong> 250만 회원 대상 앱푸시 홍보에 노출됩니다.&nbsp;</p>\r\n\r\n<ol>\r\n	<li>6/8~6/10 이내 오픈한 프로젝트 한해 1회만 가능합니다.</li>\r\n	<li>선정된 프로젝트에는 개별 공지를 드립니다.</li>\r\n</ol>\r\n\r\n<p>&nbsp;</p>\r\n\r\n<p><img src=\"https://lh4.googleusercontent.com/wGT2ndQLXeaEiIlFT_I8IWJYDKwZYgoe-JjqfwhFIjrvNbc6NCVCeq5Ujiyvfvmy7dXM9sq2-RSZz7SVGqjLb5zPbFXwgYzsI5O9poHUuWymTWXfuggbF8pMDgY_27aJ0dTNwGDi\" style=\"height:127px; width:602px\" /></p>\r\n\r\n<h2>STEP 1</h2>\r\n\r\n<p><img src=\"https://cdn.wadiz.kr/ft/images/green001/2020/0511/20200511004604016_72.png/wadiz/format/jpg/quality/80/optimize\" /></p>\r\n\r\n<p>댓글 이벤트 페이지 댓글창에 <strong>프로젝트 번호</strong>와 함께 <strong>와디즈에서 펀딩을 시작하게 된 이유</strong>를 남겨주세요✍️</p>\r\n\r\n<p><img src=\"https://lh3.googleusercontent.com/LViLG7XRgvm3qsqHQXXTxY-rv4F97SLtZm3HYV68Xossz5wKtDo2We1Ed4XQt9IHIM28YRg6OzG2pY5K5BbVCys5Gk9GonrYibS4f_vtWALwJeDjUYZ9gQU0VTS7tuDlN2C1kqJY\" style=\"height:504px; width:602px\" /></p>\r\n프로젝트 번호 5자리는 메이커 스튜디오 좌측 상단에서 확인 가능합니다!\r\n\r\n<h2>STEP 2</h2>\r\n\r\n<p>댓글을 남겨주신 메이커님께는 메일로 <strong>시크릿 핸드북 파일</strong>을 보내드립니다. 쉿, 메이커님만 보세요!&nbsp;</p>\r\n\r\n<p>참여 방법, 참 쉽죠?<br />\r\n지금 바로 댓글을 남겨주세요!</p>\r\n\r\n<p><a href=\"https://www.wadiz.kr/web/wcast/detail/7240\" target=\"_blank\"><img src=\"https://lh6.googleusercontent.com/fdZh5xMK6v41fusJQQ65Pz8XRs10noe2c-Jhxz3E5wEj-kbtTCkK6Ej5QU6GjVH_UWxuBsf3CBdxhFIK1iqJg4xuMKRmITvUpfYGsv1b0UE0NMe1UYL4uOABAbINcWuYiFS4RHFi\" style=\"height:71px; width:602px\" /></a></p>\r\n\r\n<hr />\r\n<p><br />\r\n<img src=\"https://lh6.googleusercontent.com/UtA48sDXTG2wIfnuOfRJm9asgwGwVDD_Z0lvynjmUndZq0001KbPbWITCKD1WE_DvfYydBqkXehjhlO-uoW0-aMDqCdoUADAmNGwmQvsGO47O4ZJNGRpV2zgCGLNs20nqJCOWCNH\" style=\"height:645px; width:602px\" /></p>\r\n\r\n<ul>\r\n</ul>\r\n',1,'1590741585456959.png','Screenshot 2020-05-29 at 17.38.45.png','/upload/2020/',17,0,0,'2020-05-29 17:39:45'),(18,'[스타트업 찾기] 우리기업 관리자 등록하고, 영상제작 지원받으세요!',1,'<p><img src=\"https://cdn.wadiz.kr/ft/images/green002/2020/0506/20200506175648894_94.jpg/wadiz/format/jpg/quality/80/optimize\" style=\"margin:0\" /></p>\r\n\r\n<p><img src=\"https://cdn.wadiz.kr/ft/images/green001/2020/0429/20200429160155550_77.jpg/wadiz/format/jpg/quality/80/optimize\" style=\"margin:0\" /></p>\r\n\r\n<p><a href=\"https://www.wadiz.kr/web/wstartup/registration\" target=\"_blank\"><img src=\"https://cdn.wadiz.kr/ft/images/green001/2020/0429/20200429160203221_77.jpg/wadiz/format/jpg/quality/80/optimize\" style=\"margin:0\" /></a></p>\r\n\r\n<p>&nbsp;</p>\r\n\r\n<p><img src=\"https://cdn.wadiz.kr/ft/images/green001/2020/0429/20200429160215711_77.png/wadiz/format/jpg/quality/80/optimize\" style=\"margin:0\" /></p>\r\n\r\n<p><iframe allowfullscreen=\"\" frameborder=\"0\" height=\"360\" src=\"//www.youtube.com/embed/q0Ch_5Gs23k?wmode=opaque\" width=\"640\"></iframe><img src=\"https://cdn.wadiz.kr/ft/images/green001/2020/0429/20200429160357974_77.png/wadiz/format/jpg/quality/80/optimize\" style=\"margin:0\" /></p>\r\n\r\n<p><a href=\"https://docs.google.com/forms/d/e/1FAIpQLSdO8KmrgHmvidDsAW0vdAztIGqx1FNjmnP6zlp7dSVdJvJ4sw/viewform\" target=\"_blank\"><img src=\"https://cdn.wadiz.kr/ft/images/green001/2020/0429/20200429160414328_77.jpg/wadiz/format/jpg/quality/80/optimize\" style=\"margin:0\" /></a></p>\r\n\r\n<p><img src=\"https://cdn.wadiz.kr/ft/images/green001/2020/0429/20200429165709670_77.png/wadiz/format/jpg/quality/80/optimize\" style=\"margin:0\" /></p>\r\n',1,'1590741907486717.png','Screenshot 2020-05-29 at 17.38.59.png','/upload/2020/',18,0,0,'2020-05-29 17:44:57'),(20,'[투자] 엑스텐게임즈 오픈 기념 경품 이벤트(~5/11)',1,'<div class=\"wboard-detail-content\">\r\n<div class=\"article-top\">\r\n<p class=\"title\"><a href=\"https://www.wadiz.kr/web/equity/campaign/4509\" rel=\"noopener noreferrer\" target=\"_blank\"><img class=\"fr-dib fr-fic\" src=\"https://cdn.wadiz.kr/ft/images/green001/2020/0429/20200429150736092_50.jpg/wadiz/format/jpg/quality/80/optimize\" style=\"margin:0\" /></a></p>\r\n</div>\r\n\r\n<div class=\"inner-contents\">\r\n<p style=\"margin:0;\"><a href=\"https://www.wadiz.kr/web/equity/campaign/4509\" rel=\"noopener noreferrer\" target=\"_blank\"><img class=\"fr-dib fr-fic\" src=\"https://cdn.wadiz.kr/ft/images/green001/2020/0429/20200429150757705_50.jpg/wadiz/format/jpg/quality/80/optimize\" style=\"margin:0\" /></a></p>\r\n\r\n<p style=\"margin:0;\"><a href=\"https://www.wadiz.kr/web/equity/campaign/4509\" rel=\"noopener noreferrer\" target=\"_blank\"><img class=\"fr-dib fr-fic\" src=\"https://cdn.wadiz.kr/ft/images/green001/2020/0429/20200429150807279_50.jpg/wadiz/format/jpg/quality/80/optimize\" style=\"margin:0\" /></a></p>\r\n</div>\r\n\r\n<div class=\"article-attached\">\r\n<ul>\r\n</ul>\r\n</div>\r\n</div>\r\n',0,'1590742170727585.png','Screenshot 2020-05-29 at 17.44.10.png','/upload/2020/',19,0,0,'2020-05-29 17:49:30'),(21,'[투자] 세븐브로이양평 오픈 기념 경품 이벤트(~5/17)',1,'<div class=\"inner-contents\">\r\n<p style=\"margin:0;\"><a href=\"https://www.wadiz.kr/web/equity/campaign/3882\" rel=\"noopener noreferrer\" target=\"_blank\"><img class=\"fr-dib fr-fic\" src=\"https://cdn.wadiz.kr/ft/images/green001/2020/0428/20200428151607358_76.jpg/wadiz/format/jpg/quality/80/optimize\" style=\"margin:0\" /></a><a href=\"https://www.wadiz.kr/web/equity/campaign/3882\" rel=\"noopener noreferrer\" target=\"_blank\"><img class=\"fr-dib fr-fic\" src=\"https://cdn.wadiz.kr/ft/images/green001/2020/0428/20200428151603591_76.jpg/wadiz/format/jpg/quality/80/optimize\" style=\"margin:0\" /></a></p>\r\n\r\n<p style=\"margin:0;\"><a href=\"https://www.wadiz.kr/web/equity/campaign/3882\" rel=\"noopener noreferrer\" target=\"_blank\"><img class=\"fr-dib fr-fic\" src=\"https://cdn.wadiz.kr/ft/images/green001/2020/0428/20200428151605398_76.jpg/wadiz/format/jpg/quality/80/optimize\" style=\"margin:0\" /></a></p>\r\n</div>\r\n',1,'1590742224385480.png','Screenshot 2020-05-29 at 17.44.18.png','/upload/2020/',20,0,0,'2020-05-29 17:50:24'),(23,'643',1,'643',0,NULL,NULL,NULL,21,0,0,'2020-06-02 15:23:17');
/*!40000 ALTER TABLE `tb_article_event` ENABLE KEYS */;
UNLOCK TABLES;

--
-- Table structure for table `tb_article_news`
--

DROP TABLE IF EXISTS `tb_article_news`;
/*!40101 SET @saved_cs_client     = @@character_set_client */;
/*!50503 SET character_set_client = utf8mb4 */;
CREATE TABLE `tb_article_news` (
  `id` int(10) unsigned NOT NULL AUTO_INCREMENT,
  `subject` varchar(300) NOT NULL COMMENT '제목',
  `member_id` int(10) unsigned NOT NULL COMMENT '작성자 일련번호',
  `content` text COMMENT '내용',
  `hit` int(11) DEFAULT '0' COMMENT '조회수',
  `fileName` varchar(300) DEFAULT NULL COMMENT '첨부파일이름',
  `fileOriName` varchar(300) DEFAULT NULL COMMENT '첨부파일원래이름',
  `fileUrl` varchar(300) DEFAULT NULL COMMENT '첨부파일저장 위치',
  `ref` int(11) DEFAULT NULL COMMENT '답변형 게시판에서 정렬 할때 사용(id)',
  `re_step` int(11) DEFAULT NULL COMMENT '답변형 게시판에서 사용하는 그룹(답글의 그룹)',
  `re_level` int(11) DEFAULT NULL COMMENT '답변형 게시판에서 들여쓰기',
  `reg_date` datetime DEFAULT CURRENT_TIMESTAMP COMMENT '작성일',
  PRIMARY KEY (`id`)
) ENGINE=InnoDB AUTO_INCREMENT=23 DEFAULT CHARSET=utf8mb4 COLLATE=utf8mb4_0900_ai_ci;
/*!40101 SET character_set_client = @saved_cs_client */;

--
-- Dumping data for table `tb_article_news`
--

LOCK TABLES `tb_article_news` WRITE;
/*!40000 ALTER TABLE `tb_article_news` DISABLE KEYS */;
INSERT INTO `tb_article_news` VALUES (1,'와디즈, ‘지식재산권 보호 정책’ 강화',1,'<h2>와디즈, &lsquo;지식재산권 보호 정책&rsquo; 강화</h2>\r\n\r\n<p>&nbsp;</p>\r\n\r\n<h3>-법적 근거부터 대상 범위, 신고 절차, 조치 사항 등 세부 기준 및 내용 담은 정책 마련해<br />\r\n-신고하기 통해 내용 접수 후 소명 결과에 따라 해당 프로젝트 즉시 중단 및 취소할 수 있어<br />\r\n-절차 및 과정 투명하게 공개해 플랫폼 내 지식재산권 침해 줄이고 보다 공정한 환경 마련될 것으로 기대해</h3>\r\n\r\n<p><br />\r\n라이프스타일 투자플랫폼 와디즈는 펀딩 프로젝트의 제품과 서비스에 대한 보다 강화된 &lsquo;지식재산권 보호 정책&rsquo;을 시행한다고 28일 밝혔다.<br />\r\n<br />\r\n이번 정책은 크라우드펀딩 특성상 새로운 제품이나 서비스의 제작과정에서 발생할 수 있는 지식재산권 이슈를 미연에 방지하는데 그 목적을 두고 있다. 특히, 와디즈 플랫폼에서 소개되는 제품 및 서비스가 제 3자의 상표권, 디자인권, 저작권, 특허권 등을 침해하지 않도록 강화된 정책을 시행하게 됐다.<br />\r\n<br />\r\n와디즈는 지식재산권 관련 법령에 근거해 만들어진 이번 정책을 기반으로 지식재산권 침해 신고 시 플랫폼의 주관적 판단이 아닌 법적 기준을 토대로 제출한 자료에 대한 검토를 진행한다. 본 정책은 대상 범위, 근거, 신고 절차, 조치 사항 등 세부 기준과 내용까지 모두 포함하고 있다.<br />\r\n<br />\r\n이에 와디즈는 신고 내용을 접수 후 당사자에게 소명 자료를 요청하게 되며, 회원 보호를 위해 해당 프로젝트를 일정 기간 중단하거나 신고 내용과 소명 결과를 직접 공개 할 수 있고 명백한 침해 사실이 확인될 경우 본 정책에 따라 프로젝트를 즉각 취소할 수 있다.<br />\r\n<br />\r\n이번 정책 강화로 와디즈는 요건을 충족한 신고가 접수된 경우 메이커의 소명을 통해 확인된 내용 및 조치 결과에 대하여 투명하게 공개할 방침이다. 조만간 주요 정책을 한눈에 볼 수 있는 &lsquo;커뮤니티&rsquo; 페이지도 신설할 예정이다.<br />\r\n<br />\r\n신고방법은 개별 펀딩 프로젝트 내 &lsquo;프로젝트 신고하기&rsquo; 메뉴를 통해 접수할 수 있으며 신고자의 정보, 침해 근거자료 등을 함께 제출하면 된다. &nbsp;<br />\r\n<br />\r\n펀딩을 진행하는 메이커는 지식재산권 침해 여부에 대해 법적 기준에 따라 보호를 받을 수 있고, 또 침해 사실이 분명할 경우에는 펀딩 종료 이후라도 제재를 받게 된다.<br />\r\n<br />\r\n와디즈 신혜성 대표는 &ldquo;이번 정책은 지식재산권을 소유한 권리자 뿐만 아니라 지식재산권 보호에 대한 책임감을 가지고 펀딩을 진행하는 메이커와 이를 지지하며 펀딩에 참여하는 서포터 모두를 보호하는 중요한 정책&rdquo;이라며 &ldquo;와디즈는 다양한 도전이 이어질 수 있도록 집단 지성을 활용한 회원들의 참여를 더욱 강화하고 서비스 및 정책을 고도화 하는데 더욱 집중할 계획&rdquo;이라고 밝혔다.</p>\r\n\r\n<p><strong>*지식재산권 보호 정책 : </strong><a href=\"https://www.wadiz.kr/web/wterms/property\" target=\"_blank\"><strong>바로가기</strong></a></p>\r\n',1,'1590970324365605.png','Screenshot 2020-06-01 at 09.02.10.png','/upload/2020/',1,0,0,'2020-06-01 09:11:07'),(2,'와디즈, 스타트업과 벤처캐피탈 연결하는 \'스타트업 찾기\' 서비스 런칭... “스타트업 투자 의사결정 더욱 빨라질 것”',1,'<div class=\"inner-contents\">\r\n<h2>와디즈, 스타트업과 벤처캐피탈 연결하는 &#39;스타트업 찾기&#39; 서비스 런칭...<br />\r\n&ldquo;스타트업 투자 의사결정 더욱 빨라질 것&rdquo;</h2>\r\n\r\n<h3><br />\r\n-IR자료부터 재무 정보, 투자유치 이력까지 국내 모든 스타트업 데이터 제공해<br />\r\n-영상 콘텐츠 포함한 기업 프로필 작성 및 공유, 투자자 네트워킹까지 앱에서 무료로 이용가능해<br />\r\n-VC, 엑셀러레이터 등 이미 국내 대부분의 스타트업 투자 전문가 등록 마쳐</h3>\r\n\r\n<p>&nbsp;</p>\r\n\r\n<p><img class=\"fr-dib fr-fic\" src=\"https://cdn.wadiz.kr/ft/images/green001/2020/0520/20200520142550261_82.jpg/wadiz/format/jpg/quality/80/optimize\" /></p>\r\n\r\n<p><br />\r\n라이프스타일 투자플랫폼 와디즈(대표자 : 신혜성, www.wadiz.kr)는 스타트업과 투자자를 연결하는 &#39;스타트업 찾기&#39; 서비스를 런칭했다고 밝혔다.<br />\r\n<br />\r\n&#39;스타트업 찾기&rsquo;는 스타트업의 명함이란 콘셉트로 영상 콘텐츠를 포함한 기업 정보와 프로필 작성부터 공유, IR 요청하기 등 투자에 필요한 핵심 정보를 와디즈 앱에서 무료로 제공하는 서비스다.<br />\r\n<br />\r\n이번 서비스는 스타트업 투자에 대한 수요가 지속적으로 증가하는 가운데, 스타트업을 위한 IR자료를 제공하는 서비스는 쉽게 찾아볼 수 없다는 점에서 기인, 스타트업 전용 온라인 IR 서비스를 기획하게 됐다. &nbsp;<br />\r\n<br />\r\n이로써 벤처캐피탈을 비롯해 정부기관, 엔젤투자자, 엑셀러레이터 등 개인부터 기관에 이르기까지 다양한 스타트업 투자자들은 와디즈를 통해 1백만개 이상의 국내 기업 IR자료를 열람할 수 있게 된다. 이를 통해 스타트업과 투자자의 연결이 보다 강화될 것으로 기대하고 있다.<br />\r\n<br />\r\n특히 산업군, 투자단계, 업력 등 필터링을 통한 스타트업 검색 기능과 한국기업데이터와 연계해 기존 포털에서 유료로 제공하던 기업의 재무자료를 무료로 열람할 수 있는 등 다양한 기능을 활용해 스타트업 정보를 손 쉽게 찾아볼 수 있다.<br />\r\n<br />\r\n한편, 지난 14일 와디즈는 한국기업데이터와 스타트업 투자 정보 플랫폼 구축을 위한 업무 협약을 체결한 바 있다. 그 시작으로 한국기업데이터를 통해 제공되는 기업 정보가 이번 스타트업 찾기 서비스에도 적용되어 있다.<br />\r\n<br />\r\n와디즈 신혜성 대표는 &ldquo;베타 서비스 기간 동안 국내 주요 벤처캐피탈 심사역들로부터 큰 도움이 된다는 호평을 받고 있다&rdquo;며 &ldquo;국내 스타트업 기업과 투자자 모두에게 유용한 서비스가 될 것&rdquo;이라고 밝혔다.</p>\r\n</div>\r\n',1,'1590970433301851.png','Screenshot 2020-06-01 at 09.13.42.png','/upload/2020/',2,0,0,'2020-06-01 09:13:53'),(5,'와디즈, 영국 파이낸셜타임즈 아태지역 고성장 기업 선정',1,'<div class=\"inner-contents\">\r\n<h2>와디즈, 영국 파이낸셜타임즈 아태지역 고성장 기업 선정</h2>\r\n\r\n<h3><br />\r\n-영국 파이낸셜타임즈-스태티스타 선정한 아시아 태평양 고성장 기업 중 31위 기록&hellip; 금융-핀테크 분야에선 7위에 올라<br />\r\n-2015년부터 2018년까지 총 2,097% 매출 증가해 크라우드펀딩 통한 성장성과 사업 모델 인정 받아<br />\r\n-국내 넘어 해외로 사업 확대해 금융&middot;비금융 아우르는 서비스 구축하는데 집중할 계획</h3>\r\n\r\n<p><br />\r\n라이프스타일 투자플랫폼 와디즈(대표자 : 신혜성, www.wadiz.kr)는 영국 경제지 파이낸셜타임즈가 선정한 &lsquo;아시아 태평양 고성장 기업 2020&rsquo;(FT High Growth Companies Asia-Pacific 2020)에서 31위에 올랐다고 21일 밝혔다.<br />\r\n<br />\r\n파이낸셜타임즈는 글로벌 리서치 전문기관 스태티스타와 2015년부터 2018년 사이 아시아 태평양 지역에서 급성장하고 있는 500개 기업을 선정했다. 지난 2018년 선정 시 한국 기업으로는 카카오, S&amp;K폴리텍, JYP엔터테인먼트, NHN엔터테인먼트 등이 이름을 올린 바 있다.<br />\r\n<br />\r\n심사 기준으로는 2015년 매출이 10만 달러 이상이면서 2018년 매출이 100만달러 이상인 기업을 대상으로 이 기간 동안 매출 증가율을 계산해 순위를 매겼다.<br />\r\n<br />\r\n이번 선정은 한국을 포함해 호주, 홍콩, 인도, 인도네시아, 일본, 말레이시아, 뉴질랜드, 필리핀 등을 대상으로 2015년부터 2018년 사이 매출 증가율에 따른 순위가 정해졌다.<br />\r\n<br />\r\n특히 와디즈는 금융-핀테크 분야에서 7위에 선정되며 국내 1세대 핀테크 기업으로 크라우드펀딩 플랫폼의 성장성과 비즈니스모델을 검증 받은 것에 의미를 두고 있다.<br />\r\n<br />\r\n한편, 와디즈는 온오프라인을 연결하는 &lsquo;공간 와디즈&rsquo;, 중개에서 직접 투자로 영역을 확대한 &lsquo;와디즈벤처스&rsquo;, 해외 B2B 기반 비즈니스인 &lsquo;와디즈트레이더스&rsquo; 등을 중심으로 사업을 더욱 확장할 계획이다.<br />\r\n<br />\r\n와디즈 신혜성 대표는 &ldquo;이번 선정으로 와디즈가 국내를 넘어 해외에서도 크라우드펀딩을 통한 명확한 사업 모델과 성장성을 인정 받은 것에 의미가 있다&rdquo;며 &ldquo;국내 스타트업의 해외진출을 보다 적극적으로 돕는 등 앞으로 아시아 뿐 아니라 세계를 무대로 사업을 확장해 금융과 비금융을 아우르는 서비스로 도약할 것&rdquo;이라고 밝혔다.</p>\r\n</div>\r\n',0,'1590970870401434.png','Screenshot 2020-06-01 at 09.20.36.png','/upload/2020/',3,0,0,'2020-06-01 09:21:10'),(6,'와디즈, 데이터 기반 \'메이커 신뢰지수\' 서비스 개발',1,'<div class=\"inner-contents\">\r\n<h2>와디즈, 데이터 기반 &#39;메이커 신뢰지수&#39; 서비스 개발<br />\r\n&nbsp;</h2>\r\n\r\n<h3>-프로젝트 진행하는 메이커에 대한 입체적 정보 제공해 서포터의 분별력 높여<br />\r\n-메이커와 서포터 활동 데이터 반영한 펀딩 프로젝트 별 평판, 소통, 인기 지표 한눈에 확인할 수 있어</h3>\r\n\r\n<p><img class=\"fr-dib fr-fic\" src=\"https://cdn.wadiz.kr/ft/images/green001/2020/0518/20200518101943042_26.jpg/wadiz/format/jpg/quality/80/optimize\" /></p>\r\n\r\n<p><br />\r\n라이프스타일 투자플랫폼 와디즈(대표자 : 신혜성, www.wadiz.kr)가 펀딩 프로젝트를 진행하는 메이커의 신뢰도를 확인 할 수 있는 &#39;메이커 신뢰지수&#39;를 개발했다고 밝혔다.<br />\r\n<br />\r\n메이커 신뢰지수는 펀딩 프로젝트 내 평판&middot;소통&middot;인기 지표를 통해 메이커의 신뢰도를 시각적으로 보여주는 서비스다. 이를 통해 펀딩 참여자에게 메이커와 관련된 주요 정보의 접근성을 높이고 보다 입체적인 관점에서 프로젝트를 확인할 수 있게 도와주는 지표이다. &nbsp;<br />\r\n<br />\r\n이번 서비스는 펀딩 프로젝트를 오픈하고 성공 이후 배송까지 이어지는 일련의 과정에서 메이커와 서포터 간 소통을 강화해 서비스를 보다 투명하게 운영한다는 취지다.<br />\r\n<br />\r\n메이커 신뢰지수는 펀딩 프로젝트의 만족도를 나타내는 &#39;평판&#39;, 메이커의 진정성과 응대 현황을 보여주는 &#39;소통&#39;, 서포터에게 받는 응원과 지지를 의미하는 &#39;인기&#39; 등 3가지 지표로 구성된다.<br />\r\n<br />\r\n프로젝트 별로 만들어지는 메이커 신뢰지수는 각 메이커에 대한 정보와 서포터의 활동을 바탕으로 수집된 주요 데이터를 기반으로 매일 업데이트 될 예정이며, 베타 서비스로 적용되어 금일부터 와디즈 플랫폼 내에서 확인할 수 있다.<br />\r\n<br />\r\n그간 와디즈는 서포터 보호를 위해 &#39;펀딩금 반환 정책&#39;을 시행했고, 최근 서울 성수동에 문을 연 &#39;공간 와디즈&#39;를 통해 온라인에서 보여지는 펀딩을 오프라인에서 직접 체험하게 함으로써 보다 실제적인 경험을 제공하고자 노력하고 있다. &nbsp;<br />\r\n<br />\r\n와디즈 신혜성 대표는 &ldquo;메이커 신뢰지수는 그동안 와디즈에 축적된 데이터와 노하우를 접목해 개발됐다&rdquo;며 &ldquo;와디즈 펀딩은 커머스와 다르게 펀딩 전후와 진행 과정에서의 소통 모두가 중요한데 이 지표를 통해 서포터들은 어떤 메이커가 노력하는 메이커인지 분별할 수 있고 와디즈도 플랫폼 관점에서 프로젝트 리스크를 객관적으로 모니터링 할 수 있을 것으로 기대한다&rdquo;고 밝혔다.<br />\r\n<br />\r\n또한 &ldquo;신생 기업이 대부분인 메이커의 눈에 보이지 않는 가능성을 데이터화 한 이번 시도는 담보나 이력 등 정량적 데이터가 부족한 스타트업을 위한 추가 서비스 개발에 적극 활용될 것&rdquo;이라고 덧붙였다.</p>\r\n</div>\r\n',1,'1590971024586619.jpg','Screenshot 2020-06-01 at 09.22.11.jpg','/upload/2020/',4,0,0,'2020-06-01 09:23:44'),(7,'와디즈벤처스, 펀딩 플랫폼 통해 검증 받은 유망 스타트업 투자 본격화',1,'<div class=\"inner-contents\">\r\n<h2>와디즈벤처스, 펀딩 플랫폼 통해 검증 받은 유망 스타트업 투자 본격화</h2>\r\n\r\n<h3><br />\r\n-와디즈 펀딩으로 시장성 검증 받은 스타트업에 투자해 실질적인 스케일업 지원해<br />\r\n-대중 참여에 기반한 크라우드펀딩 특성으로 차별화된 딜 파이프라인 확보해 유망 스타트업 발굴 하는 안목 가져<br />\r\n-와디즈플랫폼 통해 출시되는 스타트업의 색다른 콘텐츠 주목하는 대기업&middot;중견기업 연계 민간 전문 펀드 결성으로 차별화 돋보여</h3>\r\n\r\n<p><img class=\"fr-dib fr-fic\" src=\"https://cdn.wadiz.kr/ft/images/green001/2020/0407/20200407091638115_31.jpg/wadiz/format/jpg/quality/80/optimize\" />와디즈는 지난해 신설된 와디즈벤처스를 통해 크라우드펀딩으로 시장성을 검증한 스타트업 투자를 본격화한다고 7일 밝혔다.<br />\r\n<br />\r\n와디즈벤처스는 최근 &#39;블루레오&#39;와 &#39;글루업&#39;에 투자 집행을 완료했다. 이번 투자를 유치한 블루레오와 글루업은 리워드형 펀딩과 투자형 펀딩을 각각 성공하며 성장 가능성을 높게 평가 받았다.<br />\r\n<br />\r\n구강 솔루션 기업 블루레오는 스스로 양칫물을 뱉지 못하는 사회적 약자를 위한 &lsquo;전동흡입칫솔&rsquo;을 먼저 개발했다. 이후 지난해 리워드형 펀딩으로 일반인을 위해 개발한 고성능 음파전동칫솔을 선보여 펀딩에 성공하면서 사회적 가치 뿐만 아니라 제품력과 대중성을 함께 인정받은 바 있다.<br />\r\n<br />\r\n또한, &#39;숙달돼지&#39;, &#39;아이언가이즈&#39; 등 식음료 브랜드에 특화된 글루업은 브랜드 전략과 R&amp;D 역량을 갖추고 두 차례 투자형 크라우드펀딩을 통해 약 6억5천만원의 자금을 모으는데 성공, F&amp;B 분야 오프라인 브랜드를 빠르게 스케일업 했다. 이후 프리미엄 HMR, 스페셜티 커피 등으로 사업을 확대하는 차원에서 가능성과 성장성을 인정 받아 이번 투자가 이뤄졌다.<br />\r\n<br />\r\n한편 와디즈벤처스는 ISO탱크 컨테이너 토털 케어 서비스 기업 &lsquo;지티이노베이션&rsquo;부터 시니어 푸드 기업 &lsquo;사랑과선행&rsquo; 등 펀딩 성공 기업을 포함, KB국민카드와 결성한 펀드로 마케팅 테크놀로지 기업 &lsquo;에이비일팔공&rsquo;에 투자했고, 올 1분기에만 약 5개 기업에 투자를 집행하며 적극적인 행보를 이어가고 있다.<br />\r\n<br />\r\n특히, 와디즈벤처스는 와디즈플랫폼에서 출시되는 스타트업들이 선보이는 새로운 콘텐츠에 주목하는 대기업 및 중견기업과 연계한 민간 전문 펀드를 결성해 오면서 차별성을 띄고 있다.<br />\r\n<br />\r\n앞으로 와디즈는 크라우드펀딩 플랫폼을 통해 집단지성에 의한 검증을 거쳐 초기 기업을 발굴, 이후 와디즈벤처스에서 역량을 갖추고 스케일업이 필요한 유망 스타트업에 직접 투자하면서 기업의 성장을 지원하고 후속투자 유치까지 이어질 수 있는 선순환 고리를 만들어갈 계획이다.<br />\r\n<br />\r\n와디즈 신혜성 대표는 &ldquo;대중과 맞닿아 있는 크라우드펀딩을 통해 시장성을 검증 받은 기업에 직접 투자를 할 수 있다는 점에서 와디즈벤처스는 차별화된 딜 파이프라인을 갖고 있다&rdquo;며 &ldquo;잠재력을 갖춘 기업들이 후속 투자를 통해 꾸준히 성장할 수 있는 스타트업 투자 생태계 조성에 힘쓸 것&rdquo;이라고 밝혔다.<br />\r\n<br />\r\n&nbsp;</p>\r\n</div>\r\n',0,'1590971252826241.png','Screenshot 2020-06-01 at 09.27.13.png','/upload/2020/',5,0,0,'2020-06-01 09:27:32'),(8,'와디즈 펀딩 이용자 천만 명 시대 열다',1,'<div class=\"inner-contents\">\r\n<h2>와디즈 펀딩 이용자 천만 명 시대 열다</h2>\r\n\r\n<h3><br />\r\n-3월 거래건수 51% 증가, 월간 방문자수 천만 명 넘어서며 전분기 대비 20% 증가세 보여<br />\r\n-홈코노미, 론리니스 이코노미 등 최근 트렌드 반영하는 펀딩 사례 먼저 선보여<br />\r\n-오프라인 채널 특화된 자동차, 고급가전, 대형가구 등 새로운 카테고리 펀딩 요청 문의 늘어&hellip; 사업 돌파구 찾는 기업에 새로운 기회 제공할 것<br />\r\n&nbsp;</h3>\r\n\r\n<p><img class=\"fr-dib fr-fic\" src=\"https://cdn.wadiz.kr/ft/images/green001/2020/0402/20200402135847180_73.jpg/wadiz/format/jpg/quality/80/optimize\" /></p>\r\n\r\n<p>라이프스타일 투자플랫폼 와디즈(대표자 : 신혜성, www.wadiz.kr)는 와디즈 플랫폼 3월 방문자가 천만 명을 상회하며 와디즈 펀딩 이용자 천만 명 시대가 열렸다고 밝혔다.<br />\r\n<br />\r\n와디즈는 2013년 리워드형 펀딩 서비스를 시작으로 2016년 투자형 펀딩 서비스가 도입되며 본격적으로 방문자가 늘기 시작했고 2017년 월 방문자가 100만 명을 돌파한 이후 매년 급격히 증가해 지난해 500만 명에 이어 불과 1년도 채 안되 올 3월 방문자가 천만 명을 넘어섰다.<br />\r\n<br />\r\n펀딩 건수도 크게 늘었다. 3월 한 달간 펀딩 결제건수만 약 20만건으로 전월 대비 51% 증가하며 실제 펀딩 참여자도 꾸준히 늘고 있다.<br />\r\n<br />\r\n와디즈는 기존에 없던 새로운 제품이나 서비스를 가장 먼저 선보이며 트렌드를 가장 먼저 접할 수 있는 서비스로 꾸준히 자리매김 해 왔다. 지난해부터 1인 가구의 증가로 홈코노미, 론리니스 이코노미 등 기존에 없던 트렌드가 형성되면서 관련 프로젝트가 와디즈 펀딩에서 먼저 나타나기 시작했다.<br />\r\n<br />\r\n집 위주의 경제활동을 의미하는 홈코노미 사례로 집에서 운동을 즐기는 홈트족을 위한 홈트레이닝 기구, 주거 공간과 인테리어 관련 홈리빙 제품, 집에 머무는 시간이 늘어난 집콕족을 위한 대형TV, 홈시어터, 로봇청소기 등 고급 가전제품까지 라이프스타일 전반에 걸쳐 다양한 형태로 드러났다.</p>\r\n\r\n<p>대표적으로 최근 필라테스 기구를 선보인 파인유얼뷰티 &lsquo;뷰릿&rsquo; 프로젝트에 4천명 넘게 참여해 4억원이 모집됐다. 홈리빙 분야에선 50만원대 고급 매트리스나 빈백 소파, 침대 등 고가 대형 제품들이 큰 인기를 모으기도 했다.<br />\r\n<br />\r\n뿐만 아니라, 집에서 보내는 시간이 늘어나면서 테크나 가전 제품 수요도 증가했다. 현재 펀딩 중인 60만원대 65인치 스마트TV &lsquo;트루비&rsquo;는 3억원 넘게 모집하고 있고, 앤커의 프리미엄 사운드바와 로봇청소기 등이 연달아 선보이며 각각 10억씩 모집해 큰 인기를 끌었다.<br />\r\n<br />\r\n현대인의 외로움에서 생겨난 경제활동으로 론리니스 이코노미 사례도 다양한 형태로 등장했다.<br />\r\n<br />\r\n대표적으로 1인가구 증가와 맞물려 반려동물 관련 펫 제품이 강세다. 주요 사례로는 1억원 펀딩 성공 후 현재 앵콜 펀딩 중인 워킨위드의 고양이 발톱깎이 &lsquo;룩컷&rsquo;, 다정한마켓의 반려동물 영양간식 &lsquo;로렌츠스틱&rsquo;, 반려동물을 위한 운동 및 놀이기구, 돌봄 서비스 등 떠오르는 반려동물 시장의 관심과 수요가 반영된 다양한 제품들이 꾸준히 선보이고 있다.<br />\r\n<br />\r\n또한, 느슨한 연결이라는 관점에서 취미나 공통 관심사에 따른 커뮤니티 모임도 잇달아 &nbsp;등장했다. 최근 펀딩에 성공한 여러 분야의 사람들과 영화 감상을 공유하는 담화관의 &lsquo;영화모임&rsquo; 프로젝트부터 &lsquo;맥주 큐레이션 페어링&rsquo; 프로젝트, 전문 호스트와 함께하는 인문&middot;예술 모임 &lsquo;카비네(CABINET)&rsquo;까지 다양한 주제의 모임이 펀딩을 통해 선보이며 관심을 끌었다.<br />\r\n<br />\r\n한편, 와디즈 펀딩 특성상 재고 부담 없이 수요에 기반한 양산 과정으로 시장성을 파악, 고객의 필요를 빠르게 확인 할 수 있는 기회를 제공하는 측면에서 1인창작자나 스타트업 외에도 중견, 대기업 브랜드까지 와디즈를 새로운 유통 채널로 적극 활용하고 있다. 코로나19로 인한 향후 예측이 어려운 시기에 사업의 돌파구를 찾는 기업들에게 와디즈 펀딩이 더 각광 받게 될 것으로 기대된다.<br />\r\n<br />\r\n와디즈 신혜성 대표는 &ldquo;와디즈를 방문하는 고객이 월 천만 명이 되었다는 것은 크라우드펀딩이 대한민국에서 하나의 문화로 자리 잡았다는 의미로 해석 할 수 있다&rdquo;며 &ldquo;앞으로 와디즈 펀딩이 2049 대부분의 사람들에게 새롭고 혁신적이고 의미 있는 것을 찾을 때 가장 먼저 떠오르는 신뢰 할 만한 서비스가 되도록 더욱 노력하겠다&rdquo;고 밝혔다.</p>\r\n</div>\r\n',1,'1590971507503977.png','Screenshot 2020-06-01 at 09.31.27.png','/upload/2020/',6,0,0,'2020-06-01 09:31:47'),(9,'와디즈, 코로나19 극복 위한 \'우리 매장 살리기\' 온라인 설명회 개최',1,'<div class=\"inner-contents\">\r\n<h2>와디즈, 코로나19 극복 위한 &#39;우리 매장 살리기&#39; 온라인 설명회 개최</h2>\r\n\r\n<h3><br />\r\n-코로나19 피해 입은 소상공인 위해 크라우드펀딩 통한 온라인 시장 진출 방법 유튜브에서 공개<br />\r\n-와디즈 펀딩으로 오프라인에서 온라인으로 사업 확장 성공한 메이커로부터 생생한 노하우 들을 수 있어<br />\r\n-설명회 참석자 펀딩 진행 시 담당 에디터 멘토링 제공해 성공적 펀딩 도울 계획</h3>\r\n\r\n<p><a href=\"https://www.wadiz.kr/web/school/detail/788\" rel=\"noopener noreferrer\" target=\"_blank\"><img class=\"fr-dib fr-fic\" src=\"https://cdn.wadiz.kr/ft/images/green001/2020/0313/20200313114156972_68.png/wadiz/format/jpg/quality/80/optimize\" /></a>라이프스타일 투자플랫폼 와디즈(대표자 : 신혜성, www.wadiz.kr)는 오는23일 유튜브 라이브를 통해 &lsquo;펀딩으로 우리 매장 살리기&rsquo; 특별 행사를 연다.<br />\r\n<br />\r\n이번 온라인 설명회는 최근 신종 코로나바이러스 감염증(코로나19)의 확산으로 소비심리가 위축되어 오프라인 기반의 사업을 운영하며 예기치 못한 어려움을 겪고있는 소상공인과 스타트업을 위해 마련됐다.<br />\r\n<br />\r\n설명회에선 카페, 식당 등 요식 업계부터 공연,전시 등 문화 업계에 이르기까지 오프라인 중심의 대면 서비스를 제공하고 있는 예비 메이커를 위해 크라우드펀딩 절차 및 기대효과에 대해 상세히 안내할 예정이다.<br />\r\n<br />\r\n또한, 와디즈 펀딩을 통해 오프라인에 국한됐던 소상공인 및 자영업자들의 제품 및 서비스를 온라인으로 확장, 매출 증대와 새로운 자금 조달 기회를 마련할 수 있도록 적극 지원할 계획이다.<br />\r\n<br />\r\n뿐만 아니라 설명회에 참석한 예비 메이커들이 펀딩을 성공적으로 시작할 수 있도록 와디즈 리워드 담당 에디터의 일대일 멘토링 서비스도 제공한다.<br />\r\n<br />\r\n특히 이번 행사에서는 와디즈 펀딩을 통해 온라인 진출에 성공한 메이커 특강이 예정되어 있어 기대를 모으고 있다. 연사로는 웨딩 영상 촬영 서비스로 3번의 펀딩에 성공한 &#39;윤기필름&#39; 김윤기 대표와 한우스지어묵탕, 메로구이 등을 가정간편식(HMR)으로 선보여 큰 인기를 끌었던 &#39;오오야&#39; 이미현 대표가 출연해 위기 극복 방법과 펀딩 경험에 대해 공유하는 시간을 가진다.<br />\r\n<br />\r\n와디즈 최동철 부사장은 &quot;자금 조달이 어려운 스타트업과 창업자를 지원하는 것이 크라우드펀딩의 본질&rdquo;이라며 &ldquo;이번 행사를 통해 오프라인 기반의 사업자 분들이 크라우드펀딩의 장점과 노하우를 체득하여 위기를 극복하고 새로운 사업 기회를 발굴하는 계기가 되기를 희망한다&rdquo;고 밝혔다.<br />\r\n<br />\r\n한편, 이번 설명회는 와디즈 홈페이지 내 <a href=\"https://www.wadiz.kr/web/school/detail/788\" rel=\"noopener noreferrer\" target=\"_blank\">&#39;와디즈 스쿨&#39; 페이지</a>에서 직접 신청할 수 있다.</p>\r\n\r\n<p><a href=\"https://www.wadiz.kr/web/school/detail/788\" rel=\"noopener noreferrer\" target=\"_blank\"><strong>&lt;펀딩으로 우리 매장 살리기&gt; 스쿨 바로가기</strong></a></p>\r\n</div>\r\n',1,'1590972425717907.png','Screenshot 2020-06-01 at 09.45.57.png','/upload/2020/',7,0,0,'2020-06-01 09:47:05'),(10,'와디즈, 푸드 창업자 진검승부 가린다... \'제 1회 와디즈 푸드대첩\' 런칭',1,'<div class=\"inner-contents\">\r\n<h2>와디즈, 푸드 창업자 진검승부 가린다...<br />\r\n&#39;제 1회 와디즈 푸드대첩&#39; 런칭</h2>\r\n\r\n<h3><br />\r\n-지난해 1,000여 팀 푸드 메이커가 펀딩 오픈해... 건강한 라이프스타일 제안하는 푸드 제품 선보여 큰 인기 끌어<br />\r\n-와디즈 펀딩 통해 푸드 창업 도전하는 예비 메이커 모집 위한 첫 기획전 &#39;와디즈 푸드대첩&#39; 시작해<br />\r\n-최대 500만원 지원금 지급...최종 선발된 메이커 대상 푸드 전문 PD 컨설팅, 마케팅 지원하기로 해</h3>\r\n\r\n<p><img class=\"fr-dib fr-fic\" src=\"https://cdn.wadiz.kr/ft/images/green001/2020/0225/20200225094652192_50.jpg/wadiz/format/jpg/quality/80/optimize\" />라이프스타일 투자플랫폼 와디즈(대표자 : 신혜성, www.wadiz.kr)는 푸드 스타트업 발굴을 위한 &#39;제 1회 와디즈 푸드대첩&#39;을 시작한다고 밝혔다.<br />\r\n<br />\r\n이번 기획전은 푸드 분야에서 실력을 갖춘 예비 메이커를 발굴해 푸드 창업자들의 지속적인 성장을 돕고자 준비됐다.<br />\r\n<br />\r\n와디즈 펀딩은 푸드 창업자들의 새로운 제품 런칭을 위한 데뷔 무대로 꾸준히 자리매김해 왔다. 지난해 와디즈 리워드형 펀딩 푸드 분야는 약 100억원을 모집했고, 한 해에만 약 1,000팀이 넘는 푸드 메이커가 와디즈를 통해 기존에 만나보지 못한 새로운 먹거리를 선보였다. &nbsp;<br />\r\n<br />\r\n오는 3월1일까지 신청을 마치고 선발된 총 30팀은 프로젝트 진행 기간 동안 와디즈 푸드 전문 PD로부터 맞춤 컨설팅을 제공 받게 된다. 또한 SNS홍보지원금, 와디즈 플랫폼 메인 배너 광고 등 다양한 혜택도 받을 수 있다.<br />\r\n<br />\r\n특히 와디즈는 이번 기획전 참가 메이커 중 푸드 카테고리 내 상위 5팀에게 메이커의 성장을 응원하는 차원의 지원금을 최대 500만원까지 제공할 예정이다.<br />\r\n<br />\r\n한편, 와디즈에서 푸드 카테고리의 약진은 여러 사례를 통해 이미 증명된 바 있다. 대표적으로 지난해 추석선물용 보리굴비를 선보인 &#39;실버스푼&#39;은 1억 6천만원을 모집해 큰 인기를 끌었다. 뿐만 아니라 &#39;마이노멀컴퍼니&#39;의 무설탕 키토 알룰로스, &#39;이코니크&#39;의 무첨가 단백질바 등 건강한 라이프스타일을 제안하는 푸드 프로젝트 역시 평균 1억원 이상을 모집한 바 있다. 또한 본아이에프, 대상웰라이프 등 중견&middot;대기업 브랜드의 펀딩 참여도 꾸준히 늘고 있는 추세다.<br />\r\n<br />\r\n와디즈 황인범 이사는 &ldquo;이번 기획전은 와디즈 펀딩에 도전하고자 하는 푸드 메이커들을 집중 지원하기 위해 개최하게 됐다&rdquo;며 &ldquo;지원금을 비롯해 전문 컨설팅, 홍보 지원 등 성공적인 펀딩을 위한 다양한 혜택이 준비된 만큼 푸드 분야를 이끌 메이커들의 도전을 기대한다&rdquo;고 밝혔다.</p>\r\n</div>\r\n',0,'1590978088723498.jpg','optimize (2).jpg','/upload/2020/',8,0,0,'2020-06-01 11:21:28'),(11,'유튜버, 와디즈에서 펀딩 진행 사례 늘어나…기존 구독자 팬덤 기반으로 펀딩 적극 활용해',1,'<div class=\"inner-contents\">\r\n<h2>유튜버, 와디즈에서 펀딩 진행 사례 늘어나&hellip;<br />\r\n기존 구독자 팬덤 기반으로 펀딩 적극 활용해</h2>\r\n\r\n<h3><br />\r\n-유튜브 헬스분야 1위 &#39;피지컬갤러리&#39;, 여행 크리에이터 &#39;청춘여락&#39;, 뮤직 크리에이터 &lsquo;제니윤&rsquo; 등 인기 유튜버 펀딩 프로젝트 연이어 오픈하며 주목 받아<br />\r\n-건강부터 문화까지 라이프스타일 기반 다양한 분야 유튜버와 팬덤 결합해 펀딩 성공으로 이어져</h3>\r\n\r\n<p><img class=\"fr-dib fr-fic\" src=\"https://cdn.wadiz.kr/ft/images/green001/2020/0213/20200213094353513_64.jpg/wadiz/format/jpg/quality/80/optimize\" /></p>\r\n\r\n<p>라이프스타일 투자플랫폼 와디즈(대표자 : 신혜성, www.wadiz.kr)는 인기 유튜버들의 크라우드펀딩 참여 사례가 점차 늘어나고 있다고 밝혔다.<br />\r\n<br />\r\n먼저 유튜브 내 148만 구독자를 확보한 건강분야 1위 채널 &#39;피지컬갤러리&#39;는 지난 6일 와디즈에서 에너지 음료 &#39;빡포션&#39;을 선보여 현재 2억 원 넘게 자금을 모집하며 인기를 모으고 있다.<br />\r\n<br />\r\n또한, 47만 구독자를 보유한 여행 전문 유튜버 &lsquo;청춘여락&rsquo;은 지난 8일 와디즈에서 웹드라마 &lt;인도행 티켓&gt;제작 관련 프로젝트를 선보여 5천만원 넘게 모집하며 순항하고 있다.<br />\r\n<br />\r\n앞서 지난해에는 춤추는 바이올리니스트로 알려진 뮤직 크리에이터 &#39;제니윤&#39; (현재 구독자 81만명)이 와디즈를 통해 공연 펀딩을 선보였고, 특수분장 유튜버 &#39;퓨어디&#39; (현재 구독자 42만명)는 특수분장사의 노하우를 살린 클렌징 제품을 출시해 약 1천1백만원의 자금을 모으는데 성공했다.<br />\r\n<br />\r\n이러한 배경에는 크라우드펀딩을 통해 제품 개발에 필요한 자금을 조달하여 좋은 제품을 합리적인 가격에 제안할 수 있을 뿐 아니라 얼리어답터 성향을 지닌 와디즈 서포터들의 상세한 피드백을 통해 개선점을 도출, 제품 완성도를 높이고 향후 사업 방향을 확인할 수 있는 테스트베드로 활용할 수 있다는 점에서 더욱 주목받고 있는 것으로 분석된다.<br />\r\n<br />\r\n특히, 기존 구독자를 기반으로 이미 충성도 높은 고객군을 확보하고 있는 유튜버 특성상 초기 자금 확보에 유리하고 커뮤니케이션 측면에서도 활발한 소통을 펼치며 실제 펀딩에서도 좋은 결과로 이어지는 상황이다.<br />\r\n<br />\r\n이는 일반 커머스와 달리 크라우드펀딩에선 단순 제품 소개가 아닌 스토리를 풀어내는 능력이 펀딩 결과에도 영향을 미치는 점에서 볼 때 각 분야별 유튜버들의 콘텐츠 경쟁력, 스토리텔링과 공감능력 등이 주효했다는 분석이다.<br />\r\n<br />\r\n와디즈 신혜성 대표는 &ldquo;건강, 여행, 음악 등 라이프스타일이 반영된 다양한 분야의 유명 유튜버들이 선보인 프로젝트가 구독자 기반의 팬덤과 맞물려 크라우드펀딩에서도 시너지를 내고 있다&rdquo;며 &ldquo;뉴미디어 분야의 크리에이터나 인플루언서들이 와디즈 플랫폼을 통한 다양한 펀딩 시도가 더욱 늘어날 것으로 예상한다&rdquo;이라고 밝혔다.</p>\r\n</div>\r\n',0,'1590978347275110.jpg','optimize (3).jpg','/upload/2020/',9,0,0,'2020-06-01 11:25:47'),(12,'패션·잡화 분야 전년 대비 217% 성장... 패션 트렌드 이끌 메이커 공개모집한다',1,'<div class=\"inner-contents\">\r\n<h2>와디즈, 패션&middot;잡화 분야 전년 대비 217% 성장...<br />\r\n패션 트렌드 이끌 메이커 공개모집한다</h2>\r\n\r\n<h3><br />\r\n-패션 메이커 공개 모집하는 &#39;프로젝트 런웨이 와디즈&#39; 기획전 런칭해<br />\r\n-선발된 메이커 대상 패션 전문PD 개별 컨설팅 통한 스토리 기획, 마케팅 전략 등 전폭 지원해<br />\r\n-패션분야 모집금액 전년대비 217%증가... 1인 디자이너부터 대기업까지 와디즈 펀딩 활용해</h3>\r\n\r\n<p><img class=\"fr-dib fr-fic\" src=\"https://cdn.wadiz.kr/ft/images/green002/2020/0210/20200210103720881_90.png/wadiz/format/jpg/quality/80/optimize\" /></p>\r\n\r\n<p><br />\r\n라이프스타일 투자플랫폼 와디즈(대표자 : 신혜성, www.wadiz.kr)는 패션 산업을 이끌어 갈 메이커를 모집하기 위한 기획전 &#39;프로젝트 런웨이 와디즈&#39;를 시작한다고 밝혔다.</p>\r\n\r\n<p>지난해 와디즈 리워드형 펀딩 내 패션&middot;잡화 분야는 235억원을 모집하며 전년대비 217% 성장했고, 한 해에만 2,328건이 개설되어 오픈건수 역시 149%나 증가해 성장을 크게 견인했다.<br />\r\n<br />\r\n이미 와디즈에선 스니커즈 &#39;블루피치&#39;, 프리미엄 코트 &#39;히든메이커스&#39;등 패션 메이커가 평균 2억원 이상을 모집하며 디자이너 브랜드의 런칭 무대로 활용되고 있다. 뿐만 아니라 신세계인터내셔날 사내벤처팀 &#39;플립&#39;, 코오롱FnC &#39;헤드스포츠&#39;, 인디에프 &#39;트루젠&#39;등 와디즈를 신제품의 정식 유통채널로 삼는 중견, 대기업의 참여도 꾸준히 늘고 있는 추세다.</p>\r\n\r\n<p>이러한 배경에는 크라우드펀딩 방식이 선주문을 통해 수요를 예측할 수 있어 재고부담을 줄일 뿐 아니라 소비자 반응까지 미리 살펴볼 수 있다는 점에서 새로운 유통채널로 주목받고 있는 것으로 분석된다.<br />\r\n<br />\r\n이번 기획전은 패션&middot;잡화 분야 내 펀딩을 희망하는 메이커라면 누구나 지원할 수 있다. 특히, 펀딩 목적과 제품 컨셉에 맞춰 리워드 전문PD를 통해 개별 컨설팅을 받고 프로젝트를 오픈할 수 있는 기회를 제공할 예정이다.</p>\r\n\r\n<p>한편, 와디즈는 오는 28일까지 순차적으로 메이커를 선정해 공개할 예정이며 선발된 메이커는 성공적인 펀딩을 위한 콘텐츠 제작부터 SNS홍보, 와디즈 마케팅 채널 홍보 등 다양한 지원을 받게된다.</p>\r\n\r\n<p>와디즈 황인범 이사는 &ldquo;프로젝트 런웨이 와디즈는 수요 예측에 어려움을 겪는 패션&middot;잡화 분야 메이커들에게 실제적인 도움을 주고자 오랜 시간 고민해 마련했다&rdquo;며 &ldquo;다양한 혜택을 준비한만큼 패션 트렌드를 이끌어갈 예비 메이커들의 도전을 기대한다&rdquo;고 밝혔다.</p>\r\n</div>\r\n',0,'1590978423013878.jpg','optimize (4).jpg','/upload/2020/',10,0,0,'2020-06-01 11:27:03'),(13,'와디즈, 하나금융투자 클럽원과 투자자 오프라인 모임 \'원테이블\' 개최... 대체투자 노하우 한자리서 듣는다',1,'<div class=\"inner-contents\">\r\n<h2>와디즈, 하나금융투자 클럽원과 투자자 오프라인 모임 &#39;원테이블&#39; 개최... 대체투자 노하우 한자리서 듣는다</h2>\r\n\r\n<h3><br />\r\n-와디즈 유료멤버십 W9 회원 대상 프라이빗 네트워킹 모임 &#39;원테이블&#39; 새해 첫 행사 열어<br />\r\n-고액자산가 투자 포트폴리오 관리하는 하나클럽원 투자 전문가 PB 3인 연사로 나서<br />\r\n-투자 방법론, 메가트렌드, 대체투자 등 투자 전문가 인사이트 공유하기로 해</h3>\r\n\r\n<p><img class=\"fr-dib fr-fic\" src=\"https://cdn.wadiz.kr/ft/images/green001/2020/0122/20200122110504431_31.jpg/wadiz/format/jpg/quality/80/optimize\" /></p>\r\n\r\n<p><br />\r\n라이프스타일 투자플랫폼 와디즈는 오는 30일 하나금융투자 클럽원과 함께 서울 광화문 신라스테이에서 투자자 오프라인 네트워킹 모임인 &lsquo;원테이블&rsquo; 새해 첫 행사를 연다고 밝혔다.<br />\r\n<br />\r\n이번 행사는 와디즈 유료멤버십 W9회원 대상 오프라인 모임 &#39;원테이블&#39;의 신년 첫 이벤트로 소수의 고액자산가 투자 포트폴리오를 관리하는 것으로 잘 알려진 하나금융투자 클럽원(Club1)과 함께 마련했다.<br />\r\n<br />\r\n새해를 여는 1월 원테이블 행사는 &#39;2020년 부자들의 투자 전략&#39;이란 주제를 선정, 하나클럽원 대표 PB 3인을 통해 듣는 투자의 새로운 관점에 대한 강연과 투자 정보를 공유하는 소규모 네트워킹 프로그램으로 진행될 예정이다.<br />\r\n<br />\r\n와디즈의 첫 유료멤버십 W9은 현재 누적 1,000명이 가입한 서비스로 한도없이 투자 가능한 사모 투자 프로젝트에 참여할 수 있고 대체투자 기회를 제공받을 수 있다는 점에서 차별성을 띄고 있다.<br />\r\n<br />\r\nW9회원들을 위해 지난해 3월부터 시작된 &lsquo;원테이블&rsquo;은 기존에 쉽게 접하기 어려운 유망 스타트업을 소개하고 투자 전문가를 통해 투자 시장 전망과 인사이트를 공유하는 토론과 네트워킹의 장으로서 자리매김해 왔다.<br />\r\n<br />\r\n와디즈 투자실 김지훈 이사는 &ldquo;W9 회원은 와디즈와 함께 새로운 투자의 흐름을 만들어 가는 동반자이자 파트너&rdquo;라며 &ldquo;올해 진행될 원테이블 행사에서는 저금리 시대에 개인 투자자들을 위한 스타트업 투자를 포함해 미술품, 개인투자조합 등 다양한 대체투자에 대한 인사이트와 기회를 제공할 계획&rdquo;이라고 밝혔다.<br />\r\n<br />\r\n한편, 이번 원테이블 행사에 대한 자세한 안내 및 신청 방법은 와디즈 홈페이지를 통해 확인할 수 있다. &nbsp;<br />\r\n<br />\r\n&nbsp;</p>\r\n</div>\r\n',0,'1590978542239664.jpg','optimize (5).jpg','/upload/2020/',11,0,0,'2020-06-01 11:29:02'),(14,'와디즈, 펀딩금 반환 정책 시행',1,'<div class=\"inner-contents\">\r\n<h2>와디즈, 펀딩금 반환 정책 시행</h2>\r\n\r\n<h3><br />\r\n-플랫폼 선도사업자 책임 강화 및 서포터 보호 위해 반환 정책 앞당겨 시작해<br />\r\n-건강한 펀딩 문화 조성 및 도전이 자연스런 환경 만드는데 집중할 것<br />\r\n&nbsp;</h3>\r\n\r\n<p>라이프스타일 투자플랫폼 와디즈는 지난 17일 &lsquo;펀딩금 반환 정책&rsquo;을 전격 시행했다고 20일 밝혔다.<br />\r\n<br />\r\n이번 정책은 지난해 말 와디즈가 오는 3월부터 서포터를 보호하기 위한 펀딩금 반환 정책을 시행하기로 발표한데 이은 후속조치로 선도 사업자로서의 책임을 더하고 서포터들의 불편을 최소화하기 위해 조기 시행하기로 결정했다.<br />\r\n<br />\r\n특히, 기존 커머스의 환불 정책과는 구분되어 크라우드펀딩이 지닌 특성에 따라 기존 시장에 출시되지 않은 제품을 처음 만드는 과정에서 발생될 수 있는 품질 및 배송지연에 대한 이슈를 직접 해결하기 위한 맞춤형 정책이다.<br />\r\n<br />\r\n펀딩금 반환 정책은 최대 지연일까지 생산 불가로 판단되는 &lsquo;지연 반환&rsquo;과 리워드의 기능 및 성능상 결함 및 하자에 의한 &lsquo;하자 반환&rsquo;으로 구분된다.<br />\r\n<br />\r\n반환 대상은 지난 17일 시행일 기준으로 펀딩 진행 중인 프로젝트와 신규 오픈 프로젝트가 적용된다. 다만, 시행일 이전 종료 프로젝트의 경우 이번 반환정책에 포함되지 않으며 프로젝트별로 메이커가 고지한 정책에 따라 별도 반환을 진행할 수 있다.<br />\r\n<br />\r\n이번 정책 시행에 따라 반환에 해당되는 경우, 서포터는 홈페이지 내 공지된 &lsquo;펀딩금 반환 신청 문의&rsquo; 채널을 통해 직접 반환 신청을 할 수 있다. 펀딩금 반환이 확정되면 카드 결제 취소 방식으로 펀딩금액을 돌려 받게 된다.<br />\r\n<br />\r\n와디즈 신혜성 대표는 &ldquo;와디즈에서 메이커의 도전을 지지하는 서포터들에게 불편을 주었던 것에 대해 안타까운 마음이 컸다. 펀딩금 반환 정책 시행을 결정한 이후 빠르게 시행하고 싶었지만 정책과 시스템을 구비하는데 시간이 필요해 이제야 시작하게 됐다&rdquo;며 &ldquo;꾸준히 보완하여 보다 안전한 와디즈 펀딩 문화를 조성해 도전이 자연스러운 대한민국을 만드는데 더욱 힘쓰겠다&rdquo;고 밝혔다.<br />\r\n<br />\r\n한편, 이번 정책에 대한 자세한 내용은 와디즈 홈페이지 공지사항을 통해서도 확인할 수 있다.<br />\r\n&nbsp;</p>\r\n</div>\r\n',0,'1590978808207605.png','Screenshot 2020-06-01 at 11.32.54.png','/upload/2020/',12,0,0,'2020-06-01 11:33:28'),(15,'와디즈, 제이프렌즈와 업무협약 체결… 국내 스타트업 중국 진출 적극 돕는다',1,'<div class=\"inner-contents\">\r\n<h2>와디즈, 제이프렌즈와 업무협약 체결&hellip;<br />\r\n국내 스타트업 중국 진출 적극 돕는다</h2>\r\n\r\n<h3><br />\r\n-중국 마케팅 및 유통 전문기업 &lsquo;제이프렌즈&rsquo;와 전략적 업무 제휴 맺어<br />\r\n-와디즈 펀딩 성공 메이커 중국 진출 위한 교육‧컨설팅 및 현지 유통, 마케팅 지원하기로 합의<br />\r\n-중국 등 한국 넘어 세계 시장에 도전하는 메이커 위한 실제적 도움 제공할 것으로 기대해</h3>\r\n\r\n<p><img class=\"fr-dib fr-fic\" src=\"https://cdn.wadiz.kr/ft/images/green001/2020/0115/20200115105745121_64.jpg/wadiz/format/jpg/quality/80/optimize\" /></p>\r\n\r\n<p>라이프스타일 투자플랫폼 와디즈는 지난 14일 국내 스타트업의 중국 진출을 돕기 위해 제이프렌즈와 업무협약을 맺었다고 15일 밝혔다.<br />\r\n<br />\r\n이번 협약은 그간 와디즈가 준비해온 해외 B2B 기반 신규 사업인 &lsquo;와디즈트레이더스&rsquo;를 통해 와디즈 펀딩에 성공한 메이커가 빠르게 해외로 진출 할 수 있게 판로를 확대하는 차원에서 마련했다.<br />\r\n<br />\r\n중국 내 마케팅‧유통 전문기업 제이프렌즈는 중국 현지 법인을 통해 온라인 유통 및 중국 인플루언서인 왕홍(網紅)을 활용한 미디어 커머스 사업을 활발히 펼치고 있으며 K 뷰티 매거진 발행, K 투어 플랫폼 서비스 제공 등 다방면에 있어 노하우를 쌓아온 대표적인 중국 전문 비즈니스 기업이다.<br />\r\n<br />\r\n이번 협약을 통해 양 사는 와디즈 메이커들의 성공적인 중국 진출 전략을 기획하고 브랜드에 적합한 종합적 컨설팅은 물론 현지 맞춤형 홍보, 마케팅을 종합적으로 지원할 예정이다. &nbsp;<br />\r\n<br />\r\n뿐만 아니라, 와디즈는 중국 시장의 특수성과 현지 상황에 맞춰 중국에서 오랜 기간 전문성을 쌓아온 제이프렌즈를 통해 중국어 브랜드명과 광고문구 선정부터 상표등록, 위생허가 신청 등 실제적인 업무를 지원하고 중국 진출을 위한 다양한 교육 프로그램을 제공할 계획이다.<br />\r\n<br />\r\n와디즈 신혜성 대표는 &ldquo;지난해부터 해외 주요 크라우드펀딩 플랫폼과 파트너십을 통해 와디즈 펀딩 성공 기업들의 해외 진출을 돕고자 노력해 왔다&rdquo;며 &ldquo;이번 제휴를 통해 국내 스타트업들이 중국 진출의 물꼬를 틔우고 한국을 넘어 세계를 무대로 도전하는 메이커들을 지원하는데 더욱 힘 쓸 계획&rdquo;이라고 밝혔다.<br />\r\n<br />\r\n제이프렌즈 장래은 대표는 &ldquo;와디즈와의 협약을 통해 국내 유망 스타트업의 중화권 진출을 도울 수 있게 되어 기대감이 크다&rdquo;며 &ldquo;그간 쌓아온 노하우를 적극 활용하여 국내 많은 기업들이 중화권 시장에 성공적으로 안착 할 수 있도록 적극 지원하겠다&rdquo;고 전했다.<br />\r\n<br />\r\n한편, 이번 협약을 시작으로 와디즈는 제이프렌즈와 중국 진출 희망 기업을 모집하고 세부적인 진출 전략을 수립해 나갈 예정이다.</p>\r\n</div>\r\n',0,'1590978923827512.jpg','optimize (6).jpg','/upload/2020/',13,0,0,'2020-06-01 11:35:23'),(16,'와디즈, 2019년 펀딩액 1,400억원 넘어서... 지난 6년간 펀딩보다 작년 한해 더 많이 성사시켜',1,'<div class=\"inner-contents\">\r\n<h2>와디즈, 2019년 펀딩액 1,400억원 넘어서...<br />\r\n지난 6년간 펀딩보다 작년 한해 더 많이 성사시켜<br />\r\n&nbsp;</h2>\r\n\r\n<h3>- 2019년 펀딩액 전년 대비 약 140% 성장하며 1,435억 모집&hellip; 누적 펀딩금액 2,400억 넘어서<br />\r\n- 한 해에만 약 8천개 프로젝트 열려 창업기업 및 스타트업을 위한 전방위 플랫폼으로 자리매김해<br />\r\n- 최근 5년간 연평균 약 250% 성장하며 올해 펀딩액 4,000억원 규모 전망</h3>\r\n\r\n<p><img class=\"fr-dib fr-fic\" src=\"https://cdn.wadiz.kr/ft/images/green001/2020/0115/20200115105611468_76.jpg/wadiz/format/jpg/quality/80/optimize\" /></p>\r\n\r\n<p>라이프스타일 투자플랫폼 와디즈는2019년 한 해에만 1,400억원 넘게 모집하며 전년 대비 약 140% 성장했다고 13일 밝혔다.<br />\r\n<br />\r\n이는 지난 6년간 모집된 1,017억원을 훌쩍 넘어선 것으로 현재까지 와디즈를 통해 누적 2,400억원의 자금이 창업기업 및 스타트업에 전달 됐다.<br />\r\n<br />\r\n와디즈는 최근 5년간 매년 두 배 이상 성장하며 연평균 성장률 약 250%를 기록, 그간 성장세를 감안해 올해 펀딩액은 4,000억 원 규모를 전망하고 있다.<br />\r\n<br />\r\n리워드형 펀딩과 투자형 펀딩을 살펴보면 지난 한해 리워드형 1,051억원, 투자형 383억원이 각각 모집되어 연간 펀딩액 1,435억원을 달성하며 전년 대비 138% 증가했고, 프로젝트 오픈건수는 리워드형 7,643건, 투자형 238건으로 총 7,881건이 개설되며 전년 대비 125% 늘었다.<br />\r\n<br />\r\n펀딩금액 뿐 아니라 프로젝트 오픈건수도 큰 폭으로 증가했다. 와디즈에서 현재까지 누적 14,000건의 프로젝트가 개설됐고 이 중 절반 이상인 약 8천건의 프로젝트가 지난 한해 선보이며 1인창작자부터 중소, 대기업까지 다양한 도전이 끊임없이 구현되는 공간으로서 자리매김했다는 평가다.<br />\r\n<br />\r\n사업 부문별 카테고리를 살펴보면 2019년 리워드형은 ▲패션&middot;잡화 ▲푸드 ▲홈리빙 ▲뷰티 ▲테크&middot;가전 순으로, 투자형은 ▲F&amp;B ▲라이프스타일 ▲의료&middot;바이오 ▲환경&middot;에너지 ▲데이터&middot;솔루션 순으로 많은 프로젝트가 오픈 됐다.<br />\r\n<br />\r\n대표적인 사례로는 리워드형 펀딩에서 15만원대 양가죽 재킷을 선보인 씨씨씨컴퍼니의 &lsquo;국민라이더 재킷&rsquo; 프로젝트가 누적 펀딩액 20억원을 달성, 1만3천여명의 서포터의 참여를 이끌어내며 역대 패션&middot;잡화 분야 최다 펀딩 기록을 경신했다.<br />\r\n<br />\r\n투자형 펀딩에선 자산관리서비스 불리오를 운영하는 두물머리가 700명이 넘는 투자자로부터 15억을 모집하며 투자형 펀딩 단일 규모 프로젝트로서 최다 금액을 기록했다. 이는 지난 1월 자본시장법 개정 후 증권 발행한도 확대에 따른 최대 모집금액인 15억원을 처음 달성한 사례로 그 의미를 더했다.<br />\r\n<br />\r\n뿐만 아니라 투자형 펀딩 성공 기업에서 첫 코스닥 상장 사례도 배출됐다. 2016년 투자형 펀딩에 성공한 핀테크 보안 기업 아톤(구 에이티솔루션즈)은 3년 반 만에 상장 후 기업가치가 약 8.4배 증가하며 스타트업 투자에서 단기간 내 높은 수익 실현이 가능함을 실제로도 입증했다. &nbsp;<br />\r\n<br />\r\n한편, 와디즈 펀딩에 성공한 메이커들의 후속 투자 유치 금액만 누적 1,000억원을 넘어서며 크라우드펀딩을 통한 민간 자금이 기관자금을 이끌어 내 기업의 성장을 지원했다는 점에서도 의미를 두고 있다.<br />\r\n<br />\r\n와디즈 신혜성 대표는 &ldquo;와디즈는 지난 7년간 자금이 필요한 곳에 흐르게 하는 금융의 역할을 묵묵히 감당해 왔다&rdquo;며 &ldquo;올해는 새롭고 혁신적이며 의미 있는 일을 찾는 사람들이 가장 먼저 떠올리는 서비스로 기억될 뿐 아니라 와디즈 펀딩에 참여하는 서포터가 신뢰 할 만한 서비스로 자리매김 할 수 있도록 더욱 노력하겠다&rdquo;고 밝혔다.</p>\r\n</div>\r\n',0,'1590979008341837.jpg','optimize (7).jpg','/upload/2020/',14,0,0,'2020-06-01 11:36:48'),(17,'와디즈, 문화콘텐츠 관련 투자형 펀딩 새해에도 각광… 공연, 전시, 영화 등 일반 투자자 위한 대체 투자 기회 열려',1,'<div class=\"inner-contents\">\r\n<h2>와디즈, 문화콘텐츠 관련 투자형 펀딩 새해에도 각광&hellip;<br />\r\n공연, 전시, 영화 등 일반 투자자 위한 대체 투자 기회 열려</h2>\r\n\r\n<h3><br />\r\n-국내 대표음악 축제 &lt;그린플러그드 서울&gt;, 영화 &lt;소리꾼&gt;, 전시&lt;카스틸리오니 한국특별전&gt; 등 다양한 분야 문화콘텐츠 프로젝트 이달 오픈해 &nbsp;<br />\r\n-&lt;그린플러그드 서울 2020&gt; 프로젝트 오픈 20분만에 8억 달성하며 최단 시간 모집 기록 경신해<br />\r\n-대체 투자 기회 제공하며 일반 투자자 재테크 수단으로 꾸준히 인기 끌어</h3>\r\n\r\n<h3><img class=\"fr-dib fr-fic\" src=\"https://cdn.wadiz.kr/ft/images/green001/2020/0115/20200115110012250_63.jpg/wadiz/format/jpg/quality/80/optimize\" /></h3>\r\n\r\n<p>라이프스타일 투자플랫폼 와디즈는 일반 대중의 높은 수요를 반영한 문화콘텐츠 관련 투자형 펀딩 프로젝트가 오픈을 앞두고 있다고 9일 밝혔다.<br />\r\n<br />\r\n먼저 지난해 9억원을 모집하며 5개월만에 14% 수익을 기록한 국내 대표음악축제 &lsquo;그린플러그드 서울&rsquo; 프로젝트가 새해에도 연이어 오픈했다.<br />\r\n<br />\r\n지난 6일 시작된 &lsquo;그린플러그드 서울 2020&rsquo; 프로젝트는 청약 개시 20분만에 8억원을 달성하며 목표를 초과해 하루 만에 12억원을 모집한 이후에도 계속 투자자가 몰리는 상황이다. 이로써 투자형 크라우드펀딩에서 최단 시간 모집 기록도 경신했다.<br />\r\n<br />\r\n뿐만 아니라, 대중의 관심사가 반영된 문화콘텐츠 프로젝트는 축제부터 전시, 공연, 영화까지 전 영역으로 꾸준히 확대되고 있다.<br />\r\n<br />\r\n1월 중 오픈되는 프로젝트로는 어제 청약 개시한 이탈리아 디자인의 거장 아킬레 카스틸리오니의 &lsquo;카스틸리오니 한국특별전&rsquo;부터 전 연령대를 아우르며 꾸준히 사랑받는 일러스트 전시 &lsquo;볼로냐 일러스트 원화전 2019&rsquo;, 영화 &lsquo;귀향&rsquo;을 통해 75,000여명의 투자자를 모집하며 펀딩 성공한 조정래 감독의 신작 영화 &lsquo;소리꾼&rsquo; 등이 투자자를 만날 채비를 하고 있다.<br />\r\n<br />\r\n와디즈 김지훈 이사는 &ldquo;투자형 크라우드펀딩에서 대중과 접점이 가장 높은 문화콘텐츠 프로젝트는 투자자들로부터 꾸준히 인기를 끌고 있는 대표적인 분야 중 하나&rdquo;라며 &ldquo;프로젝트에 따라 투자 수익 뿐 아니라 티켓, 굿즈, 크레딧 등 추가 혜택이 제공 되는 만큼 대체 투자에 관심있는 일반 투자자들의 많은 참여를 기대한다&rdquo;고 밝혔다.</p>\r\n</div>\r\n',0,'1590979140023722.png','Screenshot 2020-06-01 at 11.38.41.png','/upload/2020/',15,0,0,'2020-06-01 11:39:00'),(18,'와디즈벤처스, 사회적 기업 업드림코리아 투자 집행... 유망 스타트업 발굴 및 육성 힘쓴다',1,'<div class=\"inner-contents\">\r\n<h2>와디즈벤처스, 사회적 기업 업드림코리아 투자 집행...<br />\r\n유망 스타트업 발굴 및 육성 힘쓴다</h2>\r\n\r\n<h3>- 지난해 신설된 와디즈벤처스 통해 사회적 가치 창출하는 기업 선제적 발굴하는데 집중해<br />\r\n- 두번째 사회적 기업 투자로 임팩트 커머스 기업 &lsquo;업드림코리아&rsquo;에 투자 진행<br />\r\n- 지난 한 해 2개 펀드 결성, 9개 기업 투자하며 중개에서 직접 투자 영역으로 사업 확대해</h3>\r\n\r\n<p><img class=\"fr-dib fr-fic\" src=\"https://cdn.wadiz.kr/ft/images/green001/2020/0107/20200107105149149_72.jpg/wadiz/format/jpg/quality/80/optimize\" />라이프스타일 투자플랫폼 와디즈는 와디즈벤처스에서 결성한 임팩트 펀드를 통해 사회적기업 업드림코리아에 투자했다고 7일 밝혔다.</p>\r\n\r\n<p><br />\r\n와디즈벤처스는 업드림코리아가 사회 문제를 대중에게 널리 알리며 공감대를 형성, 제품 런칭 단계에서도 시장 반응을 직접 살펴보는 등 진정성 있게 사업을 전개했다고 평가해 투자를 진행하게 됐다. 이번 투자는 와디즈벤처스가 지난해 11월 투자한 시니어 푸드 기업 &lsquo;사랑과선행&rsquo;에 이은 두번째 사회적 기업 투자다.<br />\r\n<br />\r\n업드림코리아는 사회적 임팩트가 있는 제품들을 직접 기획 및 제조, 판매하는 임팩트 커머스 기업으로 깔창생리대에 대한 사회적 문제를 제기하며 투자형 크라우드펀딩을 통해 R&amp;D 자금을 모으는데 성공, 이후 약 2년간 연구를 통해 생리대 &lsquo;산들산들&rsquo;을 리워드형 크라우드펀딩을 통해 선보여 크게 주목 받았다.<br />\r\n<br />\r\n업드림코리아 이지웅 대표는 &quot;와디즈에서만 13번의 펀딩을 통해 약 13억원을 모집하며 기존 시장에서 만날 수 없었던 약 25,000명의 서포터를 만날 수 있었고 와디즈벤처스에서 투자까지 받게 되어 감회가 새롭다&quot;며 &quot;사회적기업으로서 더 큰 책임감을 가지고 세상을 널리 이롭게 하는 건강한 기업이 될 수 있게 더욱 노력하겠다&quot;고 밝혔다.<br />\r\n<br />\r\n와디즈 신혜성 대표는 &ldquo;업드림코리아는 여러 차례 와디즈 펀딩을 받으며 꾸준히 성장한 기업으로서 사회적 가치와 재무적 가치를 함께 창출 할 수 있는 회사로 인정 받아 소비자의 신뢰도를 확인하고 투자가 이뤄 진 것에 의미가 있다&ldquo;며 &ldquo;앞으로도 사회에 긍정적인 영향을 미치는 건강한 기업에 투자하며 스타트업 투자 생태계를 조성하는데 더욱 힘쓸 계획&rdquo;이라고 밝혔다.<br />\r\n<br />\r\n한편 와디즈는 지난해 상반기 유망 스타트업을 발굴, 육성하기 위해 중개에서 직접 투자 영역으로 사업을 확대하며 와디즈벤처스를 신설, 2019년 상반기 2개 펀드 결성 후 9개 기업에 투자하며 적극적인 행보를 이어가고 있다.<br />\r\n&nbsp;</p>\r\n</div>\r\n',0,'1590979261659546.jpg','optimize (9).jpg','/upload/2020/',16,0,0,'2020-06-01 11:41:01'),(19,'와디즈 펀딩으로 돌아보는 2019 트렌드 공개... \'와디즈 메이커 어워드 2019\' 발표',1,'<div class=\"inner-contents\">\r\n<h2>와디즈 펀딩으로 돌아보는 2019 트렌드 공개... &#39;와디즈 메이커 어워드 2019&#39; 발표</h2>\r\n\r\n<p>- 2019년 한 해 트렌드를 이끈 &lsquo;씨씨씨컴퍼니&rsquo;, &lsquo;지피페스트&rsquo;, &lsquo;심플에프앤비&rsquo; 등 메이커 100팀 수상</p>\r\n\r\n<p>- 펀딩 달성 금액, 메이커 소통 능력, 서포터의 지지 등 심사해 총 7개 부문 선정해</p>\r\n\r\n<p>- 크라우드펀딩으로 한해 트렌드 돌아보는 시상식으로 자리매김해&nbsp;</p>\r\n\r\n<p><img class=\"fr-dib fr-fic\" src=\"https://cdn.wadiz.kr/ft/images/green001/2019/1227/20191227105852808_56.jpg/wadiz/format/jpg/quality/80/optimize\" /></p>\r\n\r\n<h5>&lt;사진설명 : 와디즈 메이커 어워드 2019에 선정된 수상자 100&gt;</h5>\r\n\r\n<p>라이프스타일 투자플랫폼 와디즈는 2019년 와디즈 펀딩을 통해 트렌드를 주도한 &#39;와디즈 메이커 어워드 2019&#39;를 발표했다고 23일 밝혔다.&nbsp;</p>\r\n\r\n<p><br />\r\n올해로 3회째를 맞이한 &#39;와디즈 메이커 어워드&#39;는 분야별로 펀딩에 성공한 메이커에게 보내는 축하와 응원의 의미가 담겨있다.&nbsp;</p>\r\n\r\n<p><br />\r\n이번 주제는 &#39;2020의 물살을 가르는, 2019의 탁월한 서퍼들&#39;로 도전하는 메이커와 지지하는 서포터의 모습을 담아 크라우드펀딩으로 한해 트렌드를 돌아보고자 기획했다.&nbsp;</p>\r\n\r\n<p><br />\r\n와디즈에서 새롭게 선보이는 메이커는 매년 증가해 올해 개설된 프로젝트만 7,000여개에 달한다. 이번 어워드에 선정된 메이커는 와디즈 펀딩을 통한 긍정적 영향력, 펀딩 달성 금액, 소통능력, 서포터의 피드백과 후기 등 프로젝트에 대한 만족도를 종합적으로 심사해 최종 선정했다.</p>\r\n\r\n<p><br />\r\n수상 부문은 총 7개로 나눠, ▲Amazing Tech(기술에 상상을 더하는 사람들) ▲Fashion Insight(남다른 스타일을 만드는 사람들) ▲Growing Together(손을 잡고 함께 성장하는 사람들) ▲Life Balance(나를 더 나답게 만드는 사람들) ▲New Lifeduct(새로운 라이프스타일을 제시하는 사람들) ▲Real Happiness(진정한 행복을 위해 정성을 쏟는 사람들) ▲Right Thing(옳은 방향으로 나아가는 사람들)로 구분했다.&nbsp;</p>\r\n\r\n<p><br />\r\n이번 어워드는 패션 분야에서 남다른 크리에이티브로 스타일을 만들어 낸 메이커에게 주는 &#39;Fashion Insight&#39;, 일과 삶의 균형을 찾아주는 메이커에게 주는 &#39;Life Balance&#39;, 서포터의 지지로 도전하고 함께 성장한 메이커에게 주는 &#39;Growing Together&#39;부문이 신설됐다.&nbsp;</p>\r\n\r\n<p><br />\r\n특히, 브랜드를 앞세우기 보다 진정성 있는 스토리로 공감을 얻은 메이커들이 서포터들로부터 큰 지지를 받았다. 국민라이더 재킷을 선보여 패션&middot;잡화 분야 최다 기록을 경신한 &#39;씨씨씨컴퍼니&#39;, 국내 대표 음악 축제 그린플러그드 서울 프로젝트로 투자자들에게 14%의 수익을 돌려준 &#39;주식회사 지피페스트&#39;, 가맹점주들과 상생을 실현한 백채김치찌개 운영기업 &#39;심플에프앤비&#39;등이 대표적인 사례다.&nbsp;</p>\r\n\r\n<p><br />\r\n와디즈 신혜성 대표는 &ldquo;메이커 어워드는 도전하고 지지하는 사람들이 우리 삶에 끼친 긍정적인 변화를 함께 나누기 위해 준비했다&rdquo;며 &ldquo;어워드를 수상한 메이커는 자부심을 가지고 새해에도 계속 도전을 이어가길 바란다&rdquo;고 밝혔다.&nbsp;</p>\r\n\r\n<p><br />\r\n한편 &lsquo;와디즈 메이커 어워드 2019&rsquo;에 선정된 메이커와 트렌드 등 자세한 내용은 와디즈 홈페이지에서 확인할 수 있다.&nbsp;</p>\r\n</div>\r\n',0,'1590979350204366.png','Screenshot 2020-06-01 at 11.42.11.png','/upload/2020/',17,0,0,'2020-06-01 11:42:30'),(20,'와디즈, ‘일자리 우수기업’ 선정… 일자리 창출 및 지역 고용 활성화 기여 공로 인정 받아',1,'<div class=\"inner-contents\">\r\n<h2><strong>와디즈, &lsquo;일자리 우수기업&rsquo; 선정... </strong><strong>일자리 창출 및 지역 고용 활성화 기여 공로 인정 받아</strong></h2>\r\n\r\n<p>-경기도 판교테크노밸리 소재 기업으로 일자리 창출과 성장에 대한 공로 인정 받아</p>\r\n\r\n<p>-정규직 95% 이상, 여성비율 50%, 평균 연령 31세의 청년 친화 기업으로 좋은 일자리 만들어내&nbsp;</p>\r\n\r\n<p>-장애인 직접 고용, 자율 출퇴근제, 리프레쉬 휴가 등 복지 프로그램 도입해 직원 만족도 제고에 기여한 점 높이 평가&nbsp;</p>\r\n\r\n<p><img class=\"fr-dib fr-fic\" src=\"https://cdn.wadiz.kr/ft/images/green001/2019/1227/20191227094752910_67.jpg/wadiz/format/jpg/quality/80/optimize\" /></p>\r\n\r\n<h5><strong>&lt;사진설명 : 와디즈 판교 사옥 내 컬쳐센터에서 점심시간을 활용해 직원들이 스트레칭 동호회 활동에 참여하고 있다&gt;</strong></h5>\r\n\r\n<p>라이프스타일 투자플랫폼 와디즈는 &lsquo;2019년 하반기 경기도 일자리 우수기업&rsquo;에 선정되었다고 20일 밝혔다.&nbsp;</p>\r\n\r\n<p>&lsquo;일자리 우수기업 인증제&rsquo;는 경기도 일자리재단이 일자리 창출과 고용복지 안정에 힘쓴 도내중소기업에게 인센티브를 제공하는 제도로 서류 및 현장실사를 거쳐 일자리 창출 여부, 일자리 성장성, 근로자 복지 등을 1차로 심사하고 심의위원회를 거쳐 최종 선정한다.&nbsp;</p>\r\n\r\n<p>와디즈는 크라우드펀딩 시장 확대와 함께 최근 5년간 평균 약 250% 성장하며 직원 규모도 빠르게 증가해 전년 대비 두 배 가까이 늘었다. 이에 지역 내 일자리 창출과 더불어 플랫폼으로서 스타트업 및 창업기업에 기회 제공하며 간접 고용 창출에도 기여한 점에서 높은 평가를 받았다.</p>\r\n\r\n<p>특히, 정규직 비율이 95% 이상을 차지하고 여성 비율이 50%, 직원 평균 연령 31세의 청년 친화 기업으로서 양질의 일자리를 만들어 냈다는 평이다.</p>\r\n\r\n<p>뿐만 아니라 스타트업의 수평적인 조직 문화, 매월 열리는 전사 타운홀 미팅, 자율적 노사협의회 운영 등 활발한 소통이 이뤄지고, 장애인 직접 고용 사내 카페,리프레쉬 휴가 제도, 자율 출퇴근제, 자기개발 및 동호회 활동 지원 등 다양한 혜택을 제공하며 직원 복지 및 만족도 제고를 위해 노력한 점에 대해서도 좋은 평가를 받았다.&nbsp;</p>\r\n\r\n<p>와디즈 신혜성 대표는 &ldquo;이번 일자리 우수기업 선정은 지난 7년간 와디즈가 펼쳐온 노력의 결실로 좋은 일자리 창출과 성장에 대한 공로를 함께 인정 받은 것&rdquo;이라며 &ldquo;올바른 생각이 신뢰를 바탕으로 성장하는 세상을 만든다는 미션으로 와디즈의 기업 문화를 알리고 전파하는데 더욱 힘쓸 계획&rdquo;이라고 밝혔다.&nbsp;</p>\r\n\r\n<p>한편, 일자리 우수기업 혜택으로는 지방세 관련 세무조사 면제, 중소기업육성자금 신청 시 가점 부여, 기업 채용콘텐츠 제작&middot;홍보, 복지시설 개선비 등 중소기업 및 스타트업에게 도움이 되는 다양한 지원이 제공된다.</p>\r\n</div>\r\n',0,'1590979445867412.jpg','optimize (10).jpg','/upload/2020/',18,0,0,'2020-06-01 11:44:05'),(21,'[리워드] 올해 소원은 무엇? 펀딩 하는 대로 이루어질 거예요!',1,'<p><img src=\"https://cdn.wadiz.kr/ft/images/green001/2020/0117/20200117144136423_30.jpg/wadiz/format/jpg/quality/80/optimize\" style=\"margin:0\" /></p>\r\n\r\n<p><img src=\"https://cdn.wadiz.kr/ft/images/green001/2020/0121/20200121154319734_59.jpg/wadiz/format/jpg/quality/80/optimize\" style=\"margin:0\" /></p>\r\n\r\n<table style=\"width:100%\">\r\n	<tbody>\r\n		<tr>\r\n			<td style=\"width:33.3333%\"><a href=\"https://www.wadiz.kr/web/wcomingsoon/rwd/54626\" target=\"_blank\"><img src=\"https://cdn.wadiz.kr/ft/images/green001/2020/0117/20200117143915625_30.jpg/wadiz/format/jpg/quality/80/optimize\" /></a></td>\r\n			<td style=\"width:33.3333%\"><a href=\"https://www.wadiz.kr/web/wcomingsoon/rwd/57378\" target=\"_blank\"><img src=\"https://cdn.wadiz.kr/ft/images/green001/2020/0117/20200117143919700_30.jpg/wadiz/format/jpg/quality/80/optimize\" /></a></td>\r\n			<td style=\"width:33.3333%\"><a href=\"https://www.wadiz.kr/web/wcomingsoon/rwd/57195\" target=\"_blank\"><img src=\"https://cdn.wadiz.kr/ft/images/green001/2020/0117/20200117143922660_30.jpg/wadiz/format/jpg/quality/80/optimize\" /></a></td>\r\n		</tr>\r\n	</tbody>\r\n</table>\r\n\r\n<p><img src=\"https://cdn.wadiz.kr/ft/images/green001/2020/0121/20200121154333694_59.jpg/wadiz/format/jpg/quality/80/optimize\" style=\"margin:0\" /></p>\r\n\r\n<table style=\"width:100%\">\r\n	<tbody>\r\n		<tr>\r\n			<td style=\"width:33.3333%\"><a href=\"https://www.wadiz.kr/web/wcomingsoon/rwd/51684\" target=\"_blank\"><img src=\"https://cdn.wadiz.kr/ft/images/green001/2020/0117/20200117160605272_56.jpg/wadiz/format/jpg/quality/80/optimize\" /></a></td>\r\n			<td style=\"width:33.3333%\"><a href=\"https://www.wadiz.kr/web/wcomingsoon/rwd/52312\" target=\"_blank\"><img src=\"https://cdn.wadiz.kr/ft/images/green001/2020/0117/20200117190450621_12.jpg/wadiz/format/jpg/quality/80/optimize\" /></a></td>\r\n			<td style=\"width:33.3333%\"><a href=\"https://www.wadiz.kr/web/wcomingsoon/rwd/57408\" target=\"_blank\"><img src=\"https://cdn.wadiz.kr/ft/images/green001/2020/0117/20200117190401343_12.jpg/wadiz/format/jpg/quality/80/optimize\" /></a></td>\r\n		</tr>\r\n	</tbody>\r\n</table>\r\n\r\n<p><img src=\"https://cdn.wadiz.kr/ft/images/green001/2020/0121/20200121154342062_59.jpg/wadiz/format/jpg/quality/80/optimize\" /></p>\r\n\r\n<table style=\"width:100%\">\r\n	<tbody>\r\n		<tr>\r\n			<td style=\"width:33.3333%\"><a href=\"https://www.wadiz.kr/web/wcomingsoon/rwd/56440\" target=\"_blank\"><img src=\"https://cdn.wadiz.kr/ft/images/green001/2020/0117/20200117160611533_56.jpg/wadiz/format/jpg/quality/80/optimize\" /></a></td>\r\n			<td style=\"width:33.3333%\"><a href=\"https://www.wadiz.kr/web/wcomingsoon/rwd/56802\" target=\"_blank\"><img src=\"https://cdn.wadiz.kr/ft/images/green001/2020/0117/20200117190412140_12.jpg/wadiz/format/jpg/quality/80/optimize\" /></a></td>\r\n			<td style=\"width:33.3333%\"><a href=\"https://www.wadiz.kr/web/wcomingsoon/rwd/55990\" target=\"_blank\"><img src=\"https://cdn.wadiz.kr/ft/images/green001/2020/0117/20200117144020922_30.jpg/wadiz/format/jpg/quality/80/optimize\" /></a></td>\r\n		</tr>\r\n	</tbody>\r\n</table>\r\n\r\n<p><img src=\"https://cdn.wadiz.kr/ft/images/green001/2020/0121/20200121154349183_59.jpg/wadiz/format/jpg/quality/80/optimize\" /></p>\r\n\r\n<table style=\"width:100%\">\r\n	<tbody>\r\n		<tr>\r\n			<td style=\"width:33.3333%\"><a href=\"https://www.wadiz.kr/web/wcomingsoon/rwd/56789\" target=\"_blank\"><img src=\"https://cdn.wadiz.kr/ft/images/green001/2020/0117/20200117144032040_30.jpg/wadiz/format/jpg/quality/80/optimize\" /></a></td>\r\n			<td style=\"width:33.3333%\"><a href=\"https://www.wadiz.kr/web/wcomingsoon/rwd/57711\" target=\"_blank\"><img src=\"https://cdn.wadiz.kr/ft/images/green001/2020/0117/20200117190439407_12.jpg/wadiz/format/jpg/quality/80/optimize\" /></a></td>\r\n			<td style=\"width:33.3333%\"><a href=\"https://www.wadiz.kr/web/wcomingsoon/rwd/56679\" target=\"_blank\"><img src=\"https://cdn.wadiz.kr/ft/images/green001/2020/0117/20200117144040451_30.jpg/wadiz/format/jpg/quality/80/optimize\" /></a></td>\r\n		</tr>\r\n	</tbody>\r\n</table>\r\n\r\n<p><img src=\"https://cdn.wadiz.kr/ft/images/green001/2020/0117/20200117144217947_30.jpg/wadiz/format/jpg/quality/80/optimize\" style=\"margin:0\" /></p>\r\n\r\n<p><a href=\"https://www.wadiz.kr/web/wboard/newsBoardDetail/6985\" target=\"_blank\"><img src=\"https://cdn.wadiz.kr/ft/images/green001/2020/0117/20200117144238615_30.jpg/wadiz/format/jpg/quality/80/optimize\" style=\"margin:0\" /></a></p>\r\n\r\n<p><img src=\"https://cdn.wadiz.kr/ft/images/green001/2020/0117/20200117144242075_30.jpg/wadiz/format/jpg/quality/80/optimize\" style=\"margin:0\" /></p>\r\n',1,'1590979781462539.png','Screenshot 2020-06-01 at 11.49.11.png','/upload/2020/',19,0,0,'2020-06-01 11:47:39'),(22,'W9 멤버십 서비스가 신규 개편되었습니다!',1,'<div class=\"inner-contents\">\r\n<p><img class=\"fr-dib fr-fic\" src=\"https://cdn.wadiz.kr/ft/images/green001/2018/1026/20181026135821847_76.png/wadiz/format/jpg/quality/80/optimize\" /></p>\r\n\r\n<h2>W9 서비스 신규 개편 안내</h2>\r\n\r\n<p>안녕하세요 와디즈입니다.<br />\r\n저희는 W9을 통해 빠르게 성장하는 스타트업과 현명한 투자자와의 연결고리를 이어주고자 합니다.<br />\r\n또한 투자자는 성장 가능성이 높은 비상장기업부터 Early Stage에 있는 초기 창업기업까지 국내 최대<br />\r\n라이프스타일 투자플랫폼 와디즈만이 가질 수 있는 독자적인 소싱채널을 통해<br />\r\n<strong><u>기업을 소개받고 한도 제한 없는 투자가 가능합니다.</u></strong></p>\r\n\r\n<p>W9의 서비스가 어떻게 바뀌었는지 궁금하면 아래 내용을 확인해주세요!</p>\r\n\r\n<h3><strong>1. W9 멤버십 회원가입 서비스</strong><strong><img class=\"fr-dib fr-fic\" src=\"https://cdn.wadiz.kr/ft/images/green001/2018/1026/20181026135908882_76.png/wadiz/format/jpg/quality/80/optimize\" /></strong></h3>\r\n\r\n<p>- W9 멤버십 가입 및 연회비 결제가 자동화되어 간편하게 가입이 가능합니다. (카드결제 가능)<br />\r\n- 연회비는 기본가 999,000원이며 올해까지 얼리버드 특가로 399,000원에 결제 및 가입가능합니다.<br />\r\n- 가입 시 <strong>[30만원 투자 쿠폰]</strong>이 즉시 지급되며 또한 HBR 코리아 잡지 1년 구독권(15만원 상당)을 드립니다.<br />\r\n(얼리버드 프로모션 기간에 가입 시 추가로 &#39;스타트업 투자&#39; 프리미엄 강의(11만원 상당) 패스트캠퍼스 무료 수강권 증정)</p>\r\n\r\n<p><img class=\"fr-dib fr-fic\" src=\"https://cdn.wadiz.kr/ft/images/green001/2018/1026/20181026135935567_76.png/wadiz/format/jpg/quality/80/optimize\" /></p>\r\n\r\n<h5>W9 멤버십에 가입하시면 마이프로필-&gt;나의투자-&gt;W9 회원정보에서 가입정보를 자세하게 확인할 수 있습니다.</h5>\r\n\r\n<p>- 현재 투자회원만 가입 가능하지만 추후 일반 간편회원도 가입하실 수 있습니다.<br />\r\n- <strong>가입취소는 7일 이내에만 가능</strong>하며 지급받은 투자쿠폰을 사용했거나 W9프로젝트에 참여한 이력이 있을 시 불가능합니다.</p>\r\n\r\n<p><a href=\"https://www.wadiz.kr/web/wpage/w9\" rel=\"noopener noreferrer\" target=\"_blank\"><strong>지금 W9 멤버십 가입하고 얼리버드 혜택받기 &gt;</strong></a></p>\r\n\r\n<p>&nbsp;</p>\r\n\r\n<h3>2. W9&amp;사모 전용 투자 메인페이지 프리미엄 메뉴 신설</h3>\r\n\r\n<p><img class=\"fr-dib fr-fic\" src=\"https://cdn.wadiz.kr/ft/images/green001/2018/1026/20181026140041876_76.png/wadiz/format/jpg/quality/80/optimize\" /></p>\r\n\r\n<h5>앞으로 어떠한 넥스트유니콘 W9 프로젝트가 투자자 모집을 진행할지 많은 기대바랍니다.</h5>\r\n\r\n<p>- 와디즈-&gt;투자-&gt;프리미엄* 메뉴 페이지에서 현재 진행중인 혹은 이미 종료된 W9, 사모 프로젝트를 확인할 수 있습니다.<br />\r\n- W9 프로젝트에 투자하기 위해서는 &#39;사전승인 신청&#39;을 받아야하며 이는 49인으로 제한되어있습니다.<br />\r\n- 기업 프로젝트 카드에 &#39;사전승인 신청가능&#39; 표시가 있으면 사전승인 신청 및 기업설명서를 확인이 가능하며<br />\r\n담당자 검토 후 결과를 개별 연락처로 알려드립니다.</p>\r\n\r\n<p><a href=\"https://www.wadiz.kr/web/winvest/premium\" rel=\"noopener noreferrer\" target=\"_blank\"><strong>지금 진행중인 W9 프로젝트 구경하러 가기 &gt;</strong></a></p>\r\n\r\n<p>&nbsp;</p>\r\n\r\n<hr />\r\n<p>&nbsp;</p>\r\n\r\n<p><img class=\"fr-dib fr-fic\" src=\"https://cdn.wadiz.kr/ft/images/green001/2018/1026/20181026143242570_76.png/wadiz/format/jpg/quality/80/optimize\" /></p>\r\n\r\n<p>개편된 W9 서비스의 많은 이용 부탁드리며,<br />\r\n관련하여 궁금하신 점은 오른쪽 하단 문의하기를 통해 남겨주시면 순차적으로 답변드리겠습니다.<br />\r\n감사합니다. :)<br />\r\n<br />\r\n와디즈 드림</p>\r\n</div>\r\n',0,'1590980172307993.jpg','optimize (12).jpg','/upload/2020/',20,0,0,'2020-06-01 11:56:12');
/*!40000 ALTER TABLE `tb_article_news` ENABLE KEYS */;
UNLOCK TABLES;

--
-- Table structure for table `tb_article_notice`
--

DROP TABLE IF EXISTS `tb_article_notice`;
/*!40101 SET @saved_cs_client     = @@character_set_client */;
/*!50503 SET character_set_client = utf8mb4 */;
CREATE TABLE `tb_article_notice` (
  `id` int(10) unsigned NOT NULL AUTO_INCREMENT,
  `subject` varchar(300) NOT NULL COMMENT '제목',
  `member_id` int(10) unsigned NOT NULL COMMENT '작성자 일련번호',
  `content` text COMMENT '내용',
  `hit` int(11) DEFAULT '0' COMMENT '조회수',
  `fileName` varchar(300) DEFAULT NULL COMMENT '첨부파일이름',
  `fileOriName` varchar(300) DEFAULT NULL COMMENT '첨부파일원래이름',
  `fileUrl` varchar(300) DEFAULT NULL COMMENT '첨부파일저장 위치',
  `ref` int(11) DEFAULT NULL COMMENT '답변형 게시판에서 정렬 할때 사용(id)',
  `re_step` int(11) DEFAULT NULL COMMENT '답변형 게시판에서 사용하는 그룹(답글의 그룹)',
  `re_level` int(11) DEFAULT NULL COMMENT '답변형 게시판에서 들여쓰기',
  `reg_date` datetime DEFAULT CURRENT_TIMESTAMP COMMENT '작성일',
  PRIMARY KEY (`id`)
) ENGINE=InnoDB AUTO_INCREMENT=240 DEFAULT CHARSET=utf8mb4 COLLATE=utf8mb4_0900_ai_ci;
/*!40101 SET character_set_client = @saved_cs_client */;

--
-- Dumping data for table `tb_article_notice`
--

LOCK TABLES `tb_article_notice` WRITE;
/*!40000 ALTER TABLE `tb_article_notice` DISABLE KEYS */;
INSERT INTO `tb_article_notice` VALUES (218,'와디즈 심사 정책에 대한 안내',1,'<h3><strong>서포터 회원님들께</strong></h3>\r\n\r\n<p><br />\r\n&nbsp;</p>\r\n\r\n<p>안녕하십니까, 와디즈 신혜성 대표입니다.&nbsp;<br />\r\n&nbsp;</p>\r\n\r\n<p>와디즈의 심사 정책에 대한 다양한 지적에 대해 회원님들께 안내 말씀 드립니다.<br />\r\n&nbsp;</p>\r\n\r\n<p>와디즈는 스타트업, 창작자, 기업의 새로운 아이디어와 서포터의 필요를 연결하는 서비스입니다. 시제품 단계에 있거나 출시를 앞두고 있는 제품으로 펀딩을 받아 생산/배송하도록 지원하는 서비스를 제공하고 있습니다. 이러한 이유로 새로운 제품의 매력도와 함께 제품의 불완전성도 지니고 있습니다.&nbsp;<br />\r\n&nbsp;</p>\r\n\r\n<p>이에 와디즈는 서비스 내외<strong>부의 다양한 의견을 바탕으로&nbsp;서포터 회원님들이 받을 수 있는 피해를 예방하고 혁신적인 제품이 지속적으로 제공될 수 있도록 아래와 같은 정책을 시행하고 있습니다.</strong><br />\r\n&nbsp;</p>\r\n\r\n<p><strong>첫째로,&nbsp;</strong>프로젝트가 실패하여 서포터 회원들이 제품을 받을 수 없거나 제품이 소개된 내용과 달라 환불이 필요한 경우, 와디즈가 책임지고 펀딩금을 반환하고 있습니다.&nbsp;<br />\r\n&nbsp;</p>\r\n\r\n<p><strong>둘째로,&nbsp;</strong>프로젝트에 지적재산권 침해, 허위/과장 광고 등 문제가 접수되어 사실이 명확히 확인되는 경우 펀딩을 중도 취소하여 피해를 예방하고 있습니다.&nbsp;<br />\r\n&nbsp;</p>\r\n\r\n<p>위 두가지 정책을 바탕으로 서포터 회원님들이 입을 수 있는 피해의 많은 부분을 예방하고 있습니다.&nbsp;</p>\r\n\r\n<p>&nbsp;</p>\r\n\r\n<h3><strong>다음은 와디즈가 늘 고민하고 있는 내용입니다.</strong></h3>\r\n\r\n<p><br />\r\n와디즈는 메이커의 자유로운 아이디어를 최대한 존중하기 위하여&nbsp;<strong>기</strong><strong>존의 것과 다른 제품과 서비스인 경우에 한정하여 프로젝트 진행이 가능하도록 심사기준을 수립</strong>하고 있습니다.<br />\r\n&nbsp;</p>\r\n\r\n<p>그러나 자체 심사과정에서 전 세계에 존재하는 유사한 제품을 모두 확인하지 못하는 것도 사실입니다. 이를 보완하기 위해, 사전적 자체심사와 사후적 참여 그리고 지적재산권에 대한 법적인 기준으로 프로젝트 가이드를 정교화하고 있습니다. 유튜브나 에어비앤비와 같은 플랫폼 서비스들과 마찬가지로 회원들의 적극적인 참여가 이를 보완해 주고 있으며, 앞으로도&nbsp;<strong>참여를 위한 다양한 방법</strong><strong>을 제공</strong>하는 것을 와디즈의 방향성으로 삼고 있습니다.&nbsp;<br />\r\n&nbsp;</p>\r\n\r\n<p>유튜브 등 SNS 미디어를 통해 접수되는 내용들에 대해서도 늘 심도있게 파악하고 부족한 부분을 보완하기 위해 노력하고 있습니다. 그동안 접수되는 내용에 대해 상세한 설명을 드리기 보다는 더 좋은 서비스로 보완하는 것이 필요하다고 생각해 왔습니다. 그러나 많은 분들이 좀더 명확하고 공개적인 방법으로 프로젝트 심사에 대한 궁금증이 해소되길 원하셔서 향후에는 그러한 의견에 부합하도록 서비스를 준비하도록 하겠습니다.<br />\r\n&nbsp;</p>\r\n\r\n<p>마지막으로, 조만간 와디즈에 애정어린 조언을 해 주실 분들을&nbsp;<strong>초청하여 의견을 듣는 시간을 마련</strong>하도록 하겠습니다. 와디즈를 통해 메이커들의 새로운 도전을 지지해 주시고 플랫폼의 역할에 대해서도 따끔하게 지적해 주셔서 감사합니다.</p>\r\n\r\n<p>&nbsp;</p>\r\n\r\n<p>새로운 시장을 만들어가는 과정에서 와디즈의 고민에 대해 회원님들과 자주 소통하겠으며 앞으로도 회원님들의 의견을 더욱 소중히 여기는 와디즈가 되겠습니다.&nbsp;</p>\r\n\r\n<p>&nbsp;</p>\r\n\r\n<p>와디즈 주식회사<br />\r\n대표이사 신혜성 드림</p>\r\n',1,'','','',1,0,0,'2020-05-29 14:21:08'),(219,'리워드 서비스 펀딩금 반환정책 시행 공지',1,'<p>안녕하세요? 와디즈입니다.<br />\r\n&nbsp;</p>\r\n\r\n<p>와디즈는 2020년을 맞이하여 서포터 회원님들이 더욱 신뢰하며 서비스를 이용하실 수 있도록 펀딩금 반환 정책을 준비하였고, 그 시작점으로 지난 11,12월 사이트 공지사항 및 언론보도를 통해 2020년 3월부터 시행하기로 약속드렸던 리워드 펀딩서비스 관련 펀딩금 반환정책을 오늘 (17일)부터 시행합니다.<br />\r\n&nbsp;</p>\r\n\r\n<p><strong>※ 2019.12.18일자 언론보도 &gt;</strong>&nbsp;<a href=\"https://www.hankyung.com/it/article/201912185266j\" target=\"_blank\">&ldquo;와디즈, 내년 3월부터 &lsquo;펀딩금 반환정책&rsquo; 시행&rdquo;</a>&nbsp; (출처 : 한국경제)</p>\r\n\r\n<p><br />\r\n&nbsp;</p>\r\n\r\n<p>펀딩금 반환 시스템 구축을 위한 최소시간을 감안하여 올 3월 중 시행 예정이었으나, 시스템이 완비되지 않더라도 조금 더 빨리 시행하기로 결정하였습니다. 자세한 사항은 아래와 같으며 앞으로도 더 좋은 서비스로 보답하는 와디즈가 되도록 노력하겠습니다.<br />\r\n<br />\r\n<br />\r\n&nbsp;</p>\r\n\r\n<h3><strong>1. 펀딩금 반환정책 시행 일시</strong></h3>\r\n&nbsp;\r\n\r\n<p>2020년 1월 17일 (금)</p>\r\n\r\n<p><br />\r\n<br />\r\n&nbsp;</p>\r\n\r\n<h3><strong>2. 펀딩금 반환정책 대상</strong></h3>\r\n&nbsp;\r\n\r\n<p>1) 1월 17일 (금) 기준 와디즈에서 진행중 (프로젝트가 종료되지 않은)인 프로젝트 및 앞으로 신규 오픈되는 프로젝트 전체<br />\r\n&nbsp;</p>\r\n\r\n<p>2) 1월 17일 (금) 이전 펀딩기간이 종료된 프로젝트는 와디즈 펀딩금 반환정책 대상에 해당하지 않으며, 각 프로젝트 별로 펀딩안내 페이지의 교환/환불/AS 정책에 따라 펀딩금 반환을 진행할 수 있습니다.</p>\r\n\r\n<p><br />\r\n&nbsp;</p>\r\n\r\n<h3><strong>3. 펀딩금 반환기준</strong></h3>\r\n&nbsp;\r\n\r\n<p><strong>1) 배송 지연 시 반환 기준</strong><br />\r\n메이커가 약속한 리워드 발송 시작일보다 90일 이상 지연된 경우, 서포터는 펀딩금 반환 신청 가능<br />\r\n&nbsp;</p>\r\n\r\n<p><strong>2) 제품 하자 시 반환 기준</strong><br />\r\n- 리워드 제품 수령일로부터 7일 이내 펀딩금 반환 신청 가능<br />\r\n- 아래 상세 운영정책 기준에 근거하여 하자로 인정될 경우 신청 가능<br />\r\n- 크라우드펀딩 특성상, 펀딩 종료 후 단순 변심에 의한 신청은 불가</p>\r\n\r\n<p><strong>3) 예외 사항 &nbsp;</strong><br />\r\n<br />\r\n예정보다 정책 적용을 일찍 진행함에 따라, 현재 이미 오픈하여 진행 중 ~ 이미 오픈 준비가 완료되어 대기 중인 프로젝트의 경우, 각 프로젝트의 펀딩안내 페이지에 고지된 교환/환불/AS정책이 우선 적용되며, 메이커 정책이 부재한 경우에는 본 펀딩금 반환정책이 적용됩니다. 자세한 부분은 각 프로젝트의 펀딩 안내 페이지를 참고해주세요.&nbsp;</p>\r\n\r\n<p><strong>▶ 상세 펀딩금 반환 기준</strong>&nbsp;&gt;&nbsp;<a href=\"https://www.wadiz.kr/web/wterms/reward_supporter#3-%ED%8E%80%EB%94%A9%EA%B8%88-%EB%B0%98%ED%99%98-%EC%A0%95%EC%B1%85\" target=\"_blank\">펀딩금 반환 운영정책 바로가기 링크</a></p>\r\n\r\n<p><br />\r\n&nbsp;</p>\r\n\r\n<h3>4. 펀딩금 반환 신청 방법 및 절차</h3>\r\n&nbsp;\r\n\r\n<p>1) 오늘 (2020. 01. 17)부터 펀딩금 반환 신청을 하실 수 있으며, 아래 펀딩금 반환 신청 문의처나 와디즈 고객센터를 통해 절차를 진행하실 수 있습니다. 문의사항에 대해서는 친절히 답변드리겠습니다.<br />\r\n&nbsp;</p>\r\n\r\n<p><strong>▶ 펀딩금 반환 신청 문의</strong>&nbsp;&gt;&nbsp;<a href=\"http://pf.kakao.com/_qFVVxb\" target=\"_blank\">펀딩금 반환 신청 문의처 링크</a><br />\r\n&nbsp;</p>\r\n\r\n<p>※ 와디즈 펀딩금 반환 시스템이 개발 완료되어 적용되는 3월 말경부터는 마이페이지에서 펀딩금 &nbsp;반환 신청을 바로 하실 수 있습니다.&nbsp;<br />\r\n&nbsp;</p>\r\n\r\n<p>※ 시스템이 아직 적용 전이어서 운영상의 어려움으로 펀딩금 반환 문의 창구의 즉각적인 응대 및 빠른 처리가 어려울 수 있습니다. 이 부분 사전 양해 부탁드립니다.&nbsp;<br />\r\n&nbsp;</p>\r\n\r\n<p>2) 기존에는 서포터가 펀딩금 반환을 메이커에게 직접 요청했으나, 앞으로는 모든 펀딩금 반환요청 접수는 와디즈를 통해 진행하고, 펀딩금 반환이 결정된 경우 와디즈가 카드 결제 취소 방식으로 펀딩금이 반환됩니다.<br />\r\n&nbsp;</p>\r\n\r\n<p>3) 시스템 적용 이전에 시행하다보니 펀딩금 반환 접수 후 응대, 처리까지 시간이 다소 소요될 수 있음을 다시한번 양해 부탁드립니다.</p>\r\n\r\n<p>&nbsp;</p>\r\n\r\n<p>더욱 신뢰할 수 있는 와디즈가 되기 위해 노력하겠습니다.<br />\r\n감사합니다.<br />\r\n&nbsp;</p>\r\n\r\n<p>와디즈 드림&nbsp;</p>\r\n',2,'','','',2,0,0,'2020-05-29 14:22:12'),(220,'펀딩금 반환 정책 강화 공지',1,'<p>안녕하세요. 와디즈입니다.&nbsp;<br />\r\n&nbsp;</p>\r\n\r\n<p>와디즈는 펀딩 중개사업자로서의 책임을 더하기 위해 펀딩금 반환 정책을 강화하고자 합니다.<br />\r\n&nbsp;</p>\r\n\r\n<p><strong>리워드 프로젝트 결과가 메이커가 약속한 내용과 확연히 다르거나 약속을 이행할 의지가 없을 경우, 참여한 서포터 회원에게 펀딩금 반환을 진행합니다.</strong><br />\r\n&nbsp;</p>\r\n\r\n<p>와디즈는 선도 사업자로서 더욱 신중하게 프로젝트를 심사하겠으며, 회원들의 참여를 통한 펀딩 커뮤니티 조성을 계속해서 강화해 가겠습니다. 자세한 기준 및 시행일은 추후 공지해 드리겠습니다.&nbsp;<br />\r\n&nbsp;</p>\r\n\r\n<p>더 좋은 펀딩 문화 조성을 위해 책임감을 가지고 노력하는 와디즈가 되겠습니다.&nbsp;</p>\r\n\r\n<p><br />\r\n와디즈 드림</p>\r\n',1,NULL,NULL,NULL,3,0,0,'2020-05-29 14:32:08'),(221,'와디즈 리워드 심사정책 및 개선방향 공지',1,'<p>안녕하세요. 와디즈입니다.<br />\r\n&nbsp;</p>\r\n\r\n<p>최근 &lsquo;프로젝트 신고하기&#39; 기능을 통해 다수의 신고가 접수되어 내용을 상세히 검토하였으며, 해당 내용을 바탕으로 와디즈의 현재 심사기준과 개선방향을 아래와 같이 공지 드립니다.</p>\r\n\r\n<p><br />\r\n&nbsp;</p>\r\n\r\n<h3>와디즈 심사 및 모니터링 기준 공지</h3>\r\n&nbsp;\r\n\r\n<p>1. 현재 와디즈의 심사 기준은 다음과 같습니다. 자세한 사항은 링크를 확인해주시기 바랍니다.(<a href=\"https://help.wadiz.kr/ko/articles/936757-%EB%A6%AC%EC%9B%8C%EB%93%9C-%ED%94%84%EB%A1%9C%EC%A0%9D%ED%8A%B8-%EC%9D%B4%EA%B2%83%EB%A7%8C%EC%9D%80-%EA%BC%AD-%ED%99%95%EC%9D%B8%ED%95%B4%EC%A3%BC%EC%84%B8%EC%9A%94\" target=\"_blank\">링크</a>) &nbsp;단, 카테고리별 추가 심사 사항은 와디즈 심사팀의 내부 정책에 따라 운영됩니다.<br />\r\n&nbsp;</p>\r\n\r\n<p>2. 현재 와디즈는 아래 4가지 유형 중 하나에 해당하는 메이커라면 프로젝트 오픈의 기회를 제공하고 있습니다.<br />\r\n<br />\r\n1) 제품의 전부 또는 대부분을 직접 기획/개발/생산하는 개인/회사에게 오픈의 기회를 제공합니다.<br />\r\n<br />\r\n2) 제품의 전부 또는 대부분을 직접 기획/개발하여 전문공장(국내외)에 위탁 생산을 의뢰하는 개인/회사에게 오픈의 기회를 제공합니다.<br />\r\n* 실제 대부분의 신생기업들은 직접 제조 방식이 아닌 위탁생산을 진행하고 있습니다.<br />\r\n<br />\r\n3) 시중에 유통되어 있는 제품의 일부를 개선 및 변형하여 전문공장에 위탁 생산을 의뢰하는 회사에게는 &lsquo;독점위탁계약서 제출&rsquo; 및 &lsquo;국내 유통에 필요한 인증을 취득(예정)하고 사후관리(고객 응대, 유무상 A/S 등)에 대한 내용을 증명&rsquo;할 경우 오픈의 기회를 제공합니다.<br />\r\n<br />\r\n4) 해외 브랜드의 국내 단독총판 라이센스를 보유한 회사는 &lsquo;글로벌&rsquo; 카테고리로 분류하여 &lsquo;해외직구&rsquo;와 같이 비공식채널로 유통될 수 있음을 고지하는 조건으로 오픈의 기회를 제공합니다. (&nbsp;<a href=\"https://www.wadiz.kr/web/wreward/collection/global?keyword=&amp;endYn=ALL&amp;order=recommend\" target=\"_blank\">글로벌 카테고리 바로가기</a>&nbsp;)<br />\r\n&nbsp;</p>\r\n\r\n<p>추가적으로, 와디즈는 다양한 기회를 제공하기 위해 와디즈의 심사 정책 뿐만 아니라 메이커와 서포터의 소통과 참여를 통한 자정이 가능하도록 노력하고 있습니다. 그 일환인 &lsquo;프로젝트 신고하기&#39; 기능을 통해 &lsquo;허위사실&rsquo;, &lsquo;지적재산권 침해&#39;, &lsquo;타 채널 판매정보&#39; 등에 대한 서포터 제보를 기반으로 현행 정책의 변화 및 개선 작업을 실행하고 있습니다.&nbsp;</p>\r\n\r\n<p>&nbsp;</p>\r\n\r\n<h3>와디즈 심사개선 및 모니터링 강화 방향</h3>\r\n&nbsp;\r\n\r\n<p>1. 와디즈는 &lsquo;시중에 유통되어 있는 제품의 일부를 개선 및 변형하여 전문공장(국내외)에 위탁 생산을 의뢰하는 회사&rsquo;의 경우 현행 심사정책 (상단 2-3항)에 따라 오픈을 허용하고 있고, 앞으로는 심사 시 개선 및 변형 사항에 대하여 더욱 명확하게 규명하고 추가로 프로젝트 상단에 &lsquo;제품의 일부를 개선 및 변형하여 생산한 제품임&#39;을 관련 정보와 함께 고지하도록 하겠습니다.<br />\r\n&nbsp;</p>\r\n\r\n<p>2. 와디즈는 &lsquo;해외 브랜드의 국내 단독 총판 라이센스를 보유한 회사&rsquo;의 경우, 위 현행 심사정책 (상단 2-4항)에 따라 오픈을 허용하고 있고, 앞으로는 해외 제조사의 라이센스 증명에 대한 공식 코멘트를 영상 또는 공문 등으로 게재하고 동일 제품의 유통현황 및 계획을 상세하게 게시하도록 하겠습니다.&nbsp;<br />\r\n&nbsp;</p>\r\n\r\n<p>3. &lsquo;신고하기&rsquo; 모니터링을 확대하여 서포터들의 참여를 통한 서비스 자정능력을 강화하겠으며 현재 개발 중인 메이커 평판지수(가칭) 서비스를 통해 메이커의 신뢰도를 서포터에게 제공할 예정입니다.&nbsp;</p>\r\n\r\n<p>&nbsp;</p>\r\n\r\n<h3>&nbsp; &nbsp; 참고사항&nbsp;</h3>\r\n\r\n<ul>\r\n	<li>&bull;&nbsp;최근 동시판매 이슈로 4건의 프로젝트에 다수의 신고가 접수되었습니다.&nbsp;&nbsp;</li>\r\n</ul>\r\n<br />\r\n&bull;&nbsp;이에 대해 와디즈는 해당 메이커에게 소명 요청을 하고, &lsquo;신고하기&rsquo; 정책에 따라 각 프로젝트에 참여한 서포터에게 새소식으로 공지하겠습니다.&nbsp;<br />\r\n<br />\r\n&bull; 프로젝트 종료 전에는 &lsquo;결제 예약&rsquo; 상태이기 때문에 서포터가 원하는 경우 언제든 마이페이지에서 결제 취소가 가능합니다.&nbsp;\r\n<p>&nbsp;</p>\r\n\r\n<p>와디즈는 새로운 시도를 지원하는 플랫폼입니다.<br />\r\n와디즈는 내부 심사정책과 서포터들의 집단 지성을 통해 메이커에 관한 검증 및 새로운 도전이 가능할 수 있는 창업 생태계 조성에 힘써 왔고, 앞으로도 메이커와 서포터의 도전과 지지가 가능한 공간으로 발전해 가도록 더욱 노력하겠습니다.</p>\r\n\r\n<p>&nbsp;</p>\r\n\r\n<ul>\r\n	<li>와디즈 드림</li>\r\n</ul>\r\n',2,'','','',4,0,0,'2020-05-29 14:33:04'),(222,'[서비스 안내] 데이터 기반 메이커 신뢰지수 베타 서비스 오픈',1,'<p><img alt=\"\" src=\"/CKEupload/2020/1590731393044425.jpg\" /><br />\r\n안녕하세요, 와디즈입니다.<br />\r\n오늘부터 만나보실 수 있는 메이커 신뢰지수 서비스를 소개해 드립니다.<br />\r\n&nbsp;</p>\r\n\r\n<p>메이커 신뢰지수는 서포터가 프로젝트마다 부여된 신뢰지수를 통해 사전에 프로젝트를 충분히 검토하고 펀딩에 참여할 수 있도록 만들어진 서비스입니다.<br />\r\n<br />\r\n메이커 신뢰지수는&nbsp;평판・소통・인기&nbsp;로 구분되며, 메이커의 활동과 프로젝트 지표를 바탕으로&nbsp;각 지수에 맞는 단계가 표시됩니다.&nbsp;데이터를 바탕으로 계산된 메이커 신뢰지수를 통해 서포터는 보다 만족스러운 펀딩 경험을 얻을 수 있고, 메이커는 프로젝트의 운영 현황을 지속적으로 관리할 수 있습니다.<br />\r\n&nbsp;</p>\r\n신뢰지수 서비스는&nbsp;펀딩 프로젝트에 한해 베타 버전(BETA)&nbsp;으로 시범 운영되며,\r\n\r\n<p>&nbsp;5/18(월) 이전 종료된 프로젝트에서는 확인하실 수 없습니다.<br />\r\n<br />\r\n<img alt=\"\" src=\"/CKEupload/2020/1590731552693732.jpg\" /><br />\r\n&nbsp;</p>\r\n\r\n<p>신뢰지수는&nbsp;<strong>평판・소통・인기</strong>&nbsp;로 구분되며, 각 지수 별 단계가&nbsp;<strong>초록(양호), 노랑(보통), 빨강(주의)&nbsp;</strong>로 표시됩니다.<br />\r\n지수는 프로젝트의 좋아요 수, 지지서명 수, 만족도 평점, 문의하기 응대 시간 등 프로젝트 지표(데이터)를 바탕으로 각기 계산됩니다.<br />\r\n<br />\r\n각 지수는 아래와 같이 해석할 수 있습니다.</p>\r\n\r\n<ul>\r\n	<li><strong>평판&nbsp;</strong>이전 프로젝트에 참여한 서포터가 얼마나 만족했는지 참고할 수 있습니다.</li>\r\n	<li><strong>소통 &nbsp;</strong>메이커가 얼마나 진정성을 가지고 적극적으로 서포터와 소통하는 지 참고할 수 있습니다.</li>\r\n	<li><strong>인기</strong>&nbsp; 많은 서포터가 프로젝트를 얼마나 매력적으로 보고 있는지 참고할 수 있습니다.</li>\r\n</ul>\r\n\r\n<p>지수 별 자세한 설명은&nbsp;<strong>이용가이드</strong>에서 확인해주세요. (<a href=\"https://help.wadiz.kr/ko/articles/3933212-%EC%8B%A0%EB%A2%B0%EC%A7%80%EC%88%98%EB%9E%80-%EB%AC%B4%EC%97%87%EC%9D%B8%EA%B0%80%EC%9A%94\" target=\"_blank\"><strong>서포터</strong></a>&nbsp;/&nbsp;<a href=\"https://help.wadiz.kr/ko/articles/3966695-%EC%8B%A0%EB%A2%B0%EC%A7%80%EC%88%98%EB%9E%80-%EB%AC%B4%EC%97%87%EC%9D%B4%EA%B3%A0-%EC%96%B4%EB%96%BB%EA%B2%8C-%EC%98%AC%EB%A6%B4-%EC%88%98-%EC%9E%88%EB%82%98%EC%9A%94\" target=\"_blank\"><strong>메이커</strong></a>)<br />\r\n<br />\r\n*&nbsp;<strong>평판 지수</strong>는 프로젝트 종료 후 일정 기간이 지나면<br />\r\n현재 프로젝트에 대한 만족도 등을 바탕으로 다시 계산됩니다.<br />\r\n<br />\r\n&nbsp;</p>\r\n\r\n<h3>매일 업데이트되는<br />\r\n신뢰지수를 확인하세요.</h3>\r\n<br />\r\n<img alt=\"\" src=\"/CKEupload/2020/1590731647922217.jpg\" />\r\n<p>각 지수는 &nbsp;메이커의 이전 프로젝트 경험과 현재 프로젝트의 운영 현황을 반영하여&nbsp;<strong>빨강,노랑,초록 중 해당하는 단계로 프로젝트 종료 후 120일까지 매일 업데이트 됩니다.&nbsp;</strong>메이커 신뢰지수는 실시간 업데이트 되지 않으며,&nbsp;<strong>1일 1회&nbsp;</strong>정해진 시간에 업데이트 됩니다.<br />\r\n<br />\r\n소통 ・ 인기 지수는 프로젝트 오픈 이후 업데이트 되므로, 메이커가 얼마나 프로젝트를 적극적으로 운영하는지 참고할 수 있습니다. 또한 적극적으로 프로젝트를 운영하는 메이커일수록 높은 단계를 경험할 수 있습니다.</p>\r\n\r\n<p>&nbsp;</p>\r\n* 프로젝트 종료 120일 이후에는 프로젝트와 관련된 활동이<br />\r\n대부분 마무리되기 때문에 지수를 더 이상 업데이트하지 않습니다.<br />\r\n&nbsp;\r\n<h3>PC와 모바일, 언제 어디서든<br />\r\n신뢰지수와 함께 펀딩하세요</h3>\r\n<br />\r\n<img alt=\"\" src=\"/CKEupload/2020/1590731689219920.jpg\" />\r\n<p>메이커 신뢰지수는 PC 와 모바일에서 모두&nbsp;<strong>메이커 정보 영역</strong>에서 확인할 수 있습니다.<br />\r\n<br />\r\n<strong>PC를 이용하는 경우,</strong><br />\r\n펀딩할 프로젝트를 클릭 &gt; 프로젝트 상세 페이지 우측 지지서명 하단 &gt; 메이커 정보에서 볼 수 있습니다.<br />\r\n<strong>모바일을 이용하는 경우,</strong><br />\r\n펀딩할 프로젝트를 클릭 &gt; 프로젝트 상세 페이지 펀딩하기 하단 &gt; 메이커 정보에서 볼 수 있습니다.</p>\r\n\r\n<p>&nbsp;</p>\r\n모바일의 경우,&nbsp;<strong>와디즈 앱</strong>을 이용하시면 더 편하게 확인하실 수 있습니다. (<a href=\"https://apps.apple.com/kr/app/wadijeu/id1107828621\" target=\"_blank\"><strong>ios</strong></a><strong>/&nbsp;</strong><a href=\"https://play.google.com/store/apps/details?id=com.markmount.wadiz\" target=\"_blank\"><strong>안드로이드</strong></a>)<br />\r\n<br />\r\n와디즈는 앞으로도 다양한 의견을 바탕으로 신뢰지수를 고도화하여<br />\r\n와디즈 회원 모두에 도움이 될 수 있도록 노력하겠습니다.',2,'1590731748147840.jpg','wathis.jpg','/upload/2020/',5,0,0,'2020-05-29 14:50:08'),(223,'\'롤리고고 경량 전동킥보드C350Pro 프로젝트\' 펀딩금 반환 안내',1,'<p><strong>안녕하세요. 와디즈입니다.</strong></p>\r\n\r\n<p><br />\r\n<a href=\"https://www.wadiz.kr/web/campaign/detail/59231\" target=\"_blank\"><strong>롤리고고 경량 전동킥보드C350Pro 프로젝트</strong></a>는 &#39;스토리 허위사실&#39; 신고가 접수됨에 따라 메이커 측에 해당 내용에 대한 소명을 요청하였으며, 주요 내용 및 조치 계획은 다음과 같습니다.<br />\r\n<br />\r\n<strong>1. 메이커의 소명 내용</strong><br />\r\n메이커는 소명 자료(<a href=\"https://www.wadiz.kr/web/campaign/detailPost/59231\" target=\"_blank\">#새소식17 _ 참조</a>)를 통해 사실확인 요청 대상이었던 기능들 중 일부가 없다는 점을 인정함<br />\r\n<br />\r\n<strong>2. 검토 결과</strong><br />\r\n위 소명 내용 확인 결과, 1차 배송된 리워드가 스토리 내 기재된 내용과 현저히 상이한 경우에 해당하여 펀딩금 반환 대상 프로젝트로 선정함<br />\r\n<br />\r\n<strong>3. 펀딩금 반환 신청절차 안내</strong><br />\r\n5월 19일(화) 자정까지 아래 접수 링크로 펀딩금 반환을 신청해주시면, 5월 20일(수)부터 순차적으로 카드결제 취소를 통해 펀딩금 반환을 진행해드리도록 하겠습니다.<br />\r\n<br />\r\n펀딩금 반환 접수 링크 :&nbsp;<a href=\"https://bit.ly/3bm92A8\" target=\"_blank\">https://bit.ly/3bm92A8</a><br />\r\n<br />\r\n본 건은 펀딩금 반환 대상 프로젝트로서, 가급적 위 접수 링크를 통해 신청해주시면 감사하겠습니다. &nbsp;<br />\r\n<br />\r\n감사합니다.<br />\r\n와디즈 드림.</p>\r\n',2,NULL,NULL,NULL,6,0,0,'2020-05-29 14:59:14'),(224,'개인정보처리방침 통합 및 개정 안내',1,'<p>안녕하세요. 와디즈입니다.</p>\r\n\r\n<p>&nbsp;</p>\r\n\r\n<p>와디즈 이용자의 개인정보처리현황을 더 쉽게 알려드리기 위해 &quot;펀딩 개인정보처리방침&quot;과 &quot;투자 개인정보처리방침&quot;을 통합 및 일부 내용이 개정되었습니다.</p>\r\n\r\n<p>&nbsp;</p>\r\n\r\n<p><strong>■ 개정일자</strong>&nbsp;: 2020. 05. 12 (화)</p>\r\n\r\n<p><strong>■ 시행일자</strong>&nbsp;: 2020. 05. 19 (화)</p>\r\n\r\n<p>&nbsp;</p>\r\n\r\n<p><strong>개인정보처리방침 개정 내용</strong></p>\r\n\r\n<ul>\r\n	<li>펀딩 / 투자 개인정보처리방침 통합 운영</li>\r\n	<li>온라인개인정보처리 가이드라인(2018. 11) 기준으로 개인정보처리방침 공개 순서 변경</li>\r\n	<li>약관 개정에 따른 용어 변경\r\n	<ul>\r\n		<li>투자 &rarr; 투자하기</li>\r\n		<li>리워드 &rarr; 펀딩하기</li>\r\n		<li>My와디즈계좌 &rarr; 와디즈계좌</li>\r\n	</ul>\r\n	</li>\r\n	<li>유효하지 않은 개인정보 보유 근거 삭제\r\n	<ul>\r\n		<li>본인 확인에 대한 기록</li>\r\n	</ul>\r\n	</li>\r\n</ul>\r\n\r\n<p>&nbsp;</p>\r\n\r\n<p>자세한 내용은&nbsp;<a href=\"https://www.wadiz.kr/web/wterms/privacy\" target=\"_blank\">개인정보처리방침 전문</a>을 확인해주시기 바랍니다.</p>\r\n\r\n<p>&nbsp;</p>\r\n',1,NULL,NULL,NULL,7,0,0,'2020-05-29 15:06:17'),(225,'[서비스 안내] 스타트업 찾기 베타서비스 오픈 및 서비스명 변경 안내',1,'<div class=\"inner-contents\">\r\n<p><img class=\"fr-dib fr-fic\" src=\"https://cdn.wadiz.kr/ft/images/green001/2020/0429/20200429203550658_47.jpg/wadiz/format/jpg/quality/80/optimize\" /></p>\r\n\r\n<p>안녕하세요. 와디즈입니다. &nbsp;<br />\r\n와디즈에서 <strong>스타트업 찾기 서비스를 베타 오픈</strong>하게 되었습니다.<br />\r\n<strong>스타트업 찾기는 와디즈에 있는 기업 정보와 IR 자료를 통해 기관투자자, 엑셀러레이터 등 투자를 원하는 모든 투자자들이 지금 가장 빠르게 성장하고 있는 스타트업을 찾고, 발굴할 수 있는 서비스</strong>입니다.<br />\r\n기존 투자하기 서비스에서 수요조사라는 베타 서비스를 제공하고 있었는데요.<br />\r\n와디즈에서 투자를 진행하는 기업들 외에도 국내 성장하고 있는 대부분의 기업 정보와 IR 자료를 확인할 수 있도록 볼거리를 제공해 주고, 직접적인 투자 유치도 가능하도록 서비스를 확대하게 되었습니다.&nbsp;</p>\r\n\r\n<h3><u>이렇게 사용하세요 : 투자자는요!</u></h3>\r\n\r\n<h3><img class=\"fr-dib fr-fic\" src=\"https://cdn.wadiz.kr/ft/images/green001/2020/0420/20200420095020184_60.png/wadiz/format/jpg/quality/80/optimize\" /></h3>\r\n\r\n<ul>\r\n	<li><strong>1백만 개 이상의 스타트업을 편리하게 찾아보세요.</strong><br />\r\n	와디즈에 이미 한국기업데이터(KED)에서 제공되고 있는 스타트업 기업 정보가 들어있습니다.<br />\r\n	찾고 싶은 산업군 / 투자단계 / 비즈니스분야 / 활용기술 / 업력 / 소재지를 필터링하여 관심있는 기업들을 찾아보세요.&nbsp;</li>\r\n	<li><strong>투자에 필요한 핵심 정보를 둘러보세요.</strong><br />\r\n	기업과 관련된 기본 정보와 대표자 / 경영진 정보, 주요 멤버, 재무 정보까지 투자에 필요한 핵심 정보를 확인하세요. 추가적으로 와디즈 투자 이력 여부, 투자 유치 상태, 비즈니스 모델, 관련 뉴스 정보 등까지 확인할 수 있습니다.&nbsp;</li>\r\n	<li><strong>매력적으로 보이는 스타트업에게 IR 자료를 요청하세요.</strong><br />\r\n	기업 정보를 둘러보고 더 자세한 IR 내용을 확인하고 싶다면 IR 자료 요청하기를 클릭하세요.<br />\r\n	IR 자료 승인 전에는 IR 자료를 5장까지만 열람할 수 있고, 기업 관리자의 승인 후에 모든 IR 자료를 열람할 수 있습니다.<br />\r\n	&nbsp;</li>\r\n</ul>\r\n\r\n<h3><u>이렇게 사용하세요 : 스타트업은요!</u></h3>\r\n\r\n<h3><img class=\"fr-dib fr-fic\" src=\"https://cdn.wadiz.kr/ft/images/green001/2020/0420/20200420095026704_60.png/wadiz/format/jpg/quality/80/optimize\" /></h3>\r\n\r\n<ul>\r\n	<li><strong>우리 기업의 정보를 입력하고 투자유치와 시장과 네트워킹하세요.</strong><br />\r\n	우리 기업을 더 잘 알릴 수 있는 추가정보와 IR 자료를 입력하세요. 와디즈를 &nbsp;통해 투자 기회를 만들어내고 싶은 기업 관리자라면, 지금 바로 우리 기업을 찾아보고, 관리자로 요청하세요.<br />\r\n	<a href=\"https://www.wadiz.kr/web/wstartup/registration/info\" rel=\"noopener noreferrer\" target=\"_blank\">▶︎ 스타트업 무료 등록 및 관리자 요청 바로가기</a></li>\r\n	<li><strong>IR 작성이 어렵거나 더 많이 알리고 싶다면 성공패키지를 이용하세요.</strong><br />\r\n	우리 기업을 최상단에 노출시킬 수 있는 광고 서비스와 IR 자료를 업그레이드 시킬 수 있는 IR 컨설팅 서비스가 있습니다.&nbsp;</li>\r\n	<li><strong>우리에게 IR 요청한 사람들이 누구인지 바로 바로 확인하세요.</strong><br />\r\n	우리 기업에 관심있는 투자자들에 IR 요청에 대한 알림을 받고 승인/반려 하세요.</li>\r\n</ul>\r\n\r\n<p>&nbsp;</p>\r\n\r\n<h3>++ 스타트업 찾기 오픈과 함께 와디즈 메뉴도 새롭게 바뀌었습니다. &nbsp;</h3>\r\n\r\n<h3><img class=\"fr-dib fr-fic\" src=\"https://cdn.wadiz.kr/ft/images/green001/2020/0420/20200420095033180_60.png/wadiz/format/jpg/quality/80/optimize\" /></h3>\r\n\r\n<p><strong>리워드&rarr; 펀딩하기, 투자 &rarr; 투자하기 로 메뉴명과 순서가 변경되었으며,</strong><br />\r\n새로운 서비스인&nbsp;스타트업 찾기까지&nbsp;메뉴에서 바로 들어갈 수 있도록 변경되었습니다.<br />\r\n* 모바일에서는 기존에 메뉴 바에 있었던 My 메뉴는 우측 상단 검색 옆으로 이동되었습니다.&nbsp;</p>\r\n\r\n<hr />\r\n<p>스타트업 찾기 서비스는 와디즈 앱에서만 지원합니다.<br />\r\n지금 바로 앱 다운로드 받고 스타트업 찾기 서비스를 이용하세요. &nbsp;<br />\r\n<a href=\"https://www.wadiz.kr/web/wstartup/registration/info\" rel=\"noopener noreferrer\" target=\"_blank\">▶︎ 스타트업 찾기 서비스 자세히 보기</a></p>\r\n</div>\r\n',1,'159073282972212.jpg','Screenshot 2020-05-29 at 15.07.12.jpg','/upload/2020/',8,0,0,'2020-05-29 15:13:49'),(226,'[서비스 점검] 2020. 04. 21 (화) 와디즈 전체 서비스 이용 일시 중단 안내',1,'<p>안녕하세요. 와디즈 입니다.<br />\r\n와디즈에서 보다 안정적인 서비스 제공을 위해 모든 서비스를 일시 중단하고 점검 작업을 진행합니다.</p>\r\n\r\n<p>&nbsp;</p>\r\n\r\n<ul>\r\n	<li><strong>&bull; 작업 시간 : 2020. 04. 21 (화) 02:00 ~ 06:00 (4시간)</strong></li>\r\n	<li><strong>&bull;&nbsp;작업 내용 : 시스템 안정화를 위한 정기 점검</strong></li>\r\n	<li><strong>&bull;&nbsp;제한 서비스 : 회원가입, 로그인, 투자, 리워드, 캐스트, 메이커 등 모든 와디즈 서비스 이용불가</strong></li>\r\n</ul>\r\n\r\n<p>&nbsp;</p>\r\n\r\n<p>공지된 시간내에 서비스가 정상적으로 재개될 수 있도록 최선을 다하겠습니다.<br />\r\n고맙습니다.<br />\r\n&nbsp;</p>\r\n\r\n<p>와디즈 드림</p>\r\n',2,NULL,NULL,NULL,9,0,0,'2020-05-29 15:15:31'),(227,'스타트업 찾기 서비스 이용 약관 제정 및 서비스명 변경에 따른 약관 개정 안내',1,'<p>&nbsp;</p>\r\n\r\n<p>&nbsp;</p>\r\n\r\n<p>안녕하세요. 와디즈입니다.</p>\r\n\r\n<p>&nbsp;</p>\r\n\r\n<p>&quot;스타트업 찾기 서비스&quot;가 신규 오픈함에 따라 관련 약관이 제정되었으며, 기존 회원가입 약관 및 서비스 이용약관의 용어 정의가 일부 변경됨에 따라 관련 약관이 개정되었습니다.</p>\r\n\r\n<p>자세한 사항은 다음과 같습니다.</p>\r\n\r\n<p>&nbsp;</p>\r\n\r\n<h3><strong>스타트업 찾기 서비스 이용약관</strong></h3>\r\n\r\n<p><strong>■ 제정 시행일자</strong> 2020. 04. 20 (월)</p>\r\n\r\n<p>■ <strong>약관 </strong><a href=\"https://wadizcdn.net/file/download/%EC%8A%A4%ED%83%80%ED%8A%B8%EC%97%85%20%EC%B0%BE%EA%B8%B0%20%EC%84%9C%EB%B9%84%EC%8A%A4%20%EC%9D%B4%EC%9A%A9%EC%95%BD%EA%B4%80.pdf\" target=\"_blank\"><strong>전문보기</strong></a></p>\r\n\r\n<h3><br />\r\n<strong>기존 회원가입 약관 및 서비스 이용약관 개정</strong></h3>\r\n\r\n<p><strong>■ 개정 시행일자</strong> : 2020. 04. 20 (월)<br />\r\n<strong>■ 회원가입약관</strong></p>\r\n\r\n<table style=\"width:100%\">\r\n	<thead>\r\n		<tr>\r\n			<th>현행</th>\r\n			<th>개정</th>\r\n		</tr>\r\n	</thead>\r\n	<tbody>\r\n		<tr>\r\n			<td style=\"width:50.0000%\">별지: 서비스 이용료 (제6조 제1항 관련)<br />\r\n			회사가 제공하는 크라우드펀딩 서비스 이용에 대한 이용료 또는 수수료는 다음 각 호와 같습니다.<br />\r\n			1. 크라우드펀딩 투자 서비스<br />\r\n			가. 투자자 회원: 청약증거금 이체 시 이체 수수료를 부담하게 될 수 있습니다.<br />\r\n			나. 발행인 회원: 회사와의 별도 약정에 따라 착수수수료, 사실확인 등 수수료, 성공수수료가 발생할 수 있으며, 성공수수료의 경우 모집금액의 10% 이하(부가세 별도)의 범위에서 결정됩니다.2. 크라우드펀딩 리워드 서비스<br />\r\n			가. 프로젝트 서포터: 별도의 수수료가 부과되지 않습니다.<br />\r\n			나. 프로젝트 메이커: 회사와의 별도 약정에 따라 수수료가 발생할 수 있으며, 모집금액의 15% 이하(부가세 별도)의 범위에서 결정됩니다. 다만, PG수수료가 추가로 발생할 수 있습니다.<br />\r\n			&nbsp;</td>\r\n			<td style=\"width:50.0000%\">별지: 서비스 이용료 (제6조 제1항 관련)<br />\r\n			회사가 제공하는 크라우드펀딩 서비스 이용에 대한 이용료 또는 수수료는 다음 각 호와 같습니다.<br />\r\n			1. 투자하기 서비스<br />\r\n			가. 투자자 회원: 청약증거금 이체 시 이체 수수료를 부담하게 될 수 있습니다.<br />\r\n			나. 발행인 회원: 회사와의 별도 약정에 따라 착수수수료, 사실확인 등 수수료, 성공수수료가 발생할 수 있으며, 성공수수료의 경우 모집금액의 10% 이하(부가세 별도)의 범위에서 결정됩니다.<br />\r\n			2. 펀딩하기 서비스<br />\r\n			가. 펀딩 서포터: 별도의 수수료가 부과되지 않습니다.<br />\r\n			나. 펀딩 메이커: 회사와의 별도 약정에 따라 수수료가 발생할 수 있으며, 모집금액의 15% 이하(부가세 별도)의 범위에서 결정됩니다. 다만, PG수수료가 추가로 발생할 수 있습니다.</td>\r\n		</tr>\r\n	</tbody>\r\n</table>\r\n\r\n<p><strong>■ 펀딩 서비스 이용약관</strong></p>\r\n\r\n<table style=\"width:100%\">\r\n	<thead>\r\n		<tr>\r\n			<th>현행</th>\r\n			<th>개정</th>\r\n		</tr>\r\n	</thead>\r\n	<tbody>\r\n		<tr>\r\n			<td style=\"width:50.0000%\">리워드 서비스 이용약관<br />\r\n			<br />\r\n			제1장 총칙 | 제1조 (목적)<br />\r\n			본 약관은 와디즈플랫폼 주식회사(이하 &ldquo;회사&quot;)와 회사가 제공하는 크라우드펀딩 리워드서비스를 이용하는 회원 간의 서비스를 이용하는 회원(이하 &ldquo;회원&quot;) 간의 서비스 이용에 관한 권리&middot;의무 관련 사항을 정함을 그 목적으로 합니다.</td>\r\n			<td style=\"width:50.0000%\">펀딩 서비스 이용약관<br />\r\n			<br />\r\n			제1장 총칙 | 제1조 (목적)<br />\r\n			본 약관은 와디즈플랫폼 주식회사(이하 &ldquo;회사&quot;)와 회사가 제공하는 크라우드펀딩 펀딩형 서비스를 이용하는 회원 간의 서비스를 이용하는 회원(이하 &ldquo;회원&quot;) 간의 서비스 이용에 관한 권리&middot;의무 관련 사항을 정함을 그 목적으로 합니다.</td>\r\n		</tr>\r\n	</tbody>\r\n</table>\r\n\r\n<p><strong>■ 펀딩 메이커 운영정책</strong></p>\r\n\r\n<table style=\"width:100%\">\r\n	<thead>\r\n		<tr>\r\n			<th>현행</th>\r\n			<th>개정</th>\r\n		</tr>\r\n	</thead>\r\n	<tbody>\r\n		<tr>\r\n			<td style=\"width:50.0000%\">리워드 메이커 운영정책<br />\r\n			<br />\r\n			2. 프로젝트 및 운영방침<br />\r\n			리워드형 프로젝트는 아래의 프로세스에 따라 진행됩니다.<br />\r\n			1) 프로젝트 시작하기<br />\r\n			2) 메이커스튜디오 내 펀딩 준비 메뉴 작성 후 제출하기<br />\r\n			3) 요건확인 : 리워드 심사팀의 피드백을 받아 프로젝트 수정하기<br />\r\n			4) 콘텐츠확인 : 약정 체결 진행 후, 리워드 운영팀의 피드백을 받아 프로젝트 수정하기<br />\r\n			5) 프로젝트 오픈하기<br />\r\n			6) 프로젝트 종료하기<br />\r\n			7) 프로젝트 정산받기<br />\r\n			8) 기타 운영방침<br />\r\n			<br />\r\n			1) 프로젝트 시작하기<br />\r\n			* 홈페이지 상단의 펀딩오픈 신청하기 &rarr; 리워드 오픈 신청하기를 통해 리워드 프로젝트를 시작할 수 있습니다.<br />\r\n			* 프로젝트를 시작하면 프로젝트를 편집/관리할 수 있는 메이커스튜디오가 생성됩니다.<br />\r\n			2) 프로젝트 제출하기<br />\r\n			* 메이커스튜디오 내 펀딩준비 메뉴를 작성한 뒤 프로젝트를 제출합니다.<br />\r\n			* 프로젝트 제출 이후 와디즈 담당자가 배정됩니다.<br />\r\n			3) 요건 확인<br />\r\n			* 리워드 심사팀의 담당자가 배정되며, 메이커스튜디오를 통해 피드백을 전달합니다.<br />\r\n			* 메이커는 담당자가 전달한 피드백 내용을 확인한 후 메이커스튜디오에서 이를 직접 수정해야 합니다.<br />\r\n			* 담당자의 피드백을 반영하여 수정이 완료되면, 요건 확인이 승인됩니다.<br />\r\n			4) 콘텐츠 확인<br />\r\n			* 회사와 메이커는 당사자 간의 권리와 의무를 정하고자 전자 약정을 체결합니다.(약정에 기재된 내용이 사실과 다르거나 유효하지 않은 경우 회사는 약정 재 체결을 요청할 수 있습니다.)<br />\r\n			* 요건 확인 승인 이후 리워드 운영팀의 담당자가 배정되며, 메이커스튜디오를 통해 피드백을 전달합니다.<br />\r\n			* 메이커는 담당자가 전달한 피드백 내용을 확인한 후 메이커스튜디오에서 이를 직접 수정해야 합니다.<br />\r\n			* 담당자의 피드백을 반영하여 수정이 완료되면, 콘텐츠 확인이 승인되어, 최종 승인이 이루어집니다.<br />\r\n			* 프로젝트 최종 승인 이후 메이커가 임의로 프로젝트를 수정, 취소할 수 없으며, 담당자의 승인 하에 가능합니다.</td>\r\n			<td style=\"width:50.0000%\">펀딩 메이커 운영정책<br />\r\n			<br />\r\n			2. 프로젝트 및 운영방침<br />\r\n			펀딩형 프로젝트는 아래의 프로세스에 따라 진행됩니다.<br />\r\n			1) 프로젝트 시작하기<br />\r\n			2) 메이커스튜디오 내 펀딩 준비 메뉴 작성 후 제출하기<br />\r\n			3) 요건확인 : 펀딩 심사팀의 피드백을 받아 프로젝트 수정하기<br />\r\n			4) 콘텐츠확인 : 약정 체결 진행 후, 펀딩 운영팀의 피드백을 받아 프로젝트 수정하기<br />\r\n			5) 프로젝트 오픈하기<br />\r\n			6) 프로젝트 종료하기<br />\r\n			7) 프로젝트 정산받기<br />\r\n			8) 기타 운영방침<br />\r\n			<br />\r\n			1) 프로젝트 시작하기<br />\r\n			* 홈페이지 상단의 프로젝트 오픈 신청 &rarr; 펀딩 오픈 신청하기를 통해 리워드 프로젝트를 시작할 수 있습니다.<br />\r\n			* 프로젝트를 시작하면 프로젝트를 편집/관리할 수 있는 메이커스튜디오가 생성됩니다.<br />\r\n			2) 프로젝트 제출하기<br />\r\n			* 메이커스튜디오 내 펀딩준비 메뉴를 작성한 뒤 프로젝트를 제출합니다.<br />\r\n			* 프로젝트 제출 이후 와디즈 담당자가 배정됩니다.<br />\r\n			3) 요건 확인<br />\r\n			* 펀딩 심사팀의 담당자가 배정되며, 메이커스튜디오를 통해 피드백을 전달합니다.<br />\r\n			* 메이커는 담당자가 전달한 피드백 내용을 확인한 후 메이커스튜디오에서 이를 직접 수정해야 합니다.<br />\r\n			* 담당자의 피드백을 반영하여 수정이 완료되면, 요건 확인이 승인됩니다.<br />\r\n			4) 콘텐츠 확인<br />\r\n			* 회사와 메이커는 당사자 간의 권리와 의무를 정하고자 전자 약정을 체결합니다.(약정에 기재된 내용이 사실과 다르거나 유효하지 않은 경우 회사는 약정 재 체결을 요청할 수 있습니다.)<br />\r\n			* 요건 확인 승인 이후 펀딩 운영팀의 담당자가 배정되며, 메이커스튜디오를 통해 피드백을 전달합니다.<br />\r\n			* 메이커는 담당자가 전달한 피드백 내용을 확인한 후 메이커스튜디오에서 이를 직접 수정해야 합니다.<br />\r\n			* 담당자의 피드백을 반영하여 수정이 완료되면, 콘텐츠 확인이 승인되어, 최종 승인이 이루어집니다.<br />\r\n			* 프로젝트 최종 승인 이후 메이커가 임의로 프로젝트를 수정, 취소할 수 없으며, 담당자의 승인 하에 가능합니다.</td>\r\n		</tr>\r\n	</tbody>\r\n</table>\r\n\r\n<p><strong>■ 펀딩 서포터 운영정책</strong></p>\r\n\r\n<table style=\"width:100%\">\r\n	<thead>\r\n		<tr>\r\n			<th>현행</th>\r\n			<th>개정</th>\r\n		</tr>\r\n	</thead>\r\n	<tbody>\r\n		<tr>\r\n			<td style=\"width:50.0000%\">리워드 서포터 운영정책<br />\r\n			<br />\r\n			1. 회원가입 및 탈퇴<br />\r\n			와디즈 서비스 사용자는 아래의 절차를 통해 회원가입 및 탈퇴를 진행할 수 있습니다.<br />\r\n			1) 회원가입<br />\r\n			* 홈페이지 상단의 회원가입을 통해 이메일 주소 혹은 SNS 계정으로 회원가입을 진행할 수 있습니다.(단, 법인회원 혹은 투자조합으로 가입을 희망하는 경우 별도 절차를 통해야 합니다.)<br />\r\n			* 와디즈 서비스 회원가입 약관을 숙지한 후 이에 동의한 사용자에 의해 회원가입이 가능합니다.<br />\r\n			* 회원가입 후 설정을 통해 기본 정보, 비밀번호 및 프로필 정보를 변경할 수 있습니다.<br />\r\n			* 회원가입이 완료되면 리워드 펀딩에 참여 가능한 계정이 즉시 생성되며, 이어서 별도 인증 절차를 통해 투자 펀딩을 위한 와디즈 계좌를 개설할 수 있습니다.<br />\r\n			* 회원가입 후 리워드 펀딩 오픈을 신청하는 경우, 별도의 가입 절차 없이 진행 가능합니다.<br />\r\n			2) 회원 탈퇴<br />\r\n			* 회원은 희망하는 경우 계정 탈퇴를 신청한 즉시 회원의 자격이 박탈되며, 3개월 내 재가입이 불가합니다.<br />\r\n			* 탈퇴한 회원은 작성한 게시물을 수정 및 삭제할 수 없습니다.<br />\r\n			* 탈퇴한 회원의 계정 정보를 복구할 수 없습니다.<br />\r\n			* 회사는 회원의 계정 탈퇴 이후 개인정보를 지체 없이 파기하나, 회사 및 관계 법령에 의한 정보 보유 사유에 의해 일정 기간 이를 보유할 수 있습니다.<br />\r\n			회원 탈퇴 불가한 경우<br />\r\n			* 리워드 프로젝트 펀딩에 참여한 후 리워드를 수령하지 못한 서포터는 탈퇴가 불가합니다.<br />\r\n			* 리워드 프로젝트 펀딩금 반환 절차 진행 중인 서포터는 탈퇴가 불가합니다.<br />\r\n			* 와디즈 스쿨 수강일이 하루 이상 지나지 않은 회원은 탈퇴가 불가합니다. (와디즈 스쿨 수강 다음 일자부터 탈퇴 가능)</td>\r\n			<td style=\"width:50.0000%\">펀딩 서포터 운영정책<br />\r\n			<br />\r\n			1. 회원가입 및 탈퇴<br />\r\n			와디즈 서비스 사용자는 아래의 절차를 통해 회원가입 및 탈퇴를 진행할 수 있습니다.<br />\r\n			1) 회원가입<br />\r\n			* 홈페이지 상단의 회원가입을 통해 이메일 주소 혹은 SNS 계정으로 회원가입을 진행할 수 있습니다.(단, 법인회원 혹은 투자조합으로 가입을 희망하는 경우 별도 절차를 통해야 합니다.)<br />\r\n			* 와디즈 서비스 회원가입 약관을 숙지한 후 이에 동의한 사용자에 의해 회원가입이 가능합니다.<br />\r\n			* 회원가입 후 설정을 통해 기본 정보, 비밀번호 및 프로필 정보를 변경할 수 있습니다.<br />\r\n			* 회원가입이 완료되면 펀딩에 참여 가능한 계정이 즉시 생성되며, 이어서 별도 인증 절차를 통해 투자 참여를 위한 와디즈 계좌를 개설할 수 있습니다.<br />\r\n			* 회원가입 후 펀딩 오픈을 신청하는 경우, 별도의 가입 절차 없이 진행 가능합니다.<br />\r\n			2) 회원 탈퇴<br />\r\n			* 회원은 희망하는 경우 계정 탈퇴를 신청한 즉시 회원의 자격이 박탈되며, 3개월 내 재가입이 불가합니다.<br />\r\n			* 탈퇴한 회원은 작성한 게시물을 수정 및 삭제할 수 없습니다.<br />\r\n			* 탈퇴한 회원의 계정 정보를 복구할 수 없습니다.<br />\r\n			*회사는 회원의 계정 탈퇴 이후 개인정보를 지체 없이 파기하나, 회사 및 관계 법령에 의한 정보 보유 사유에 의해 일정 기간 이를 보유할 수 있습니다.<br />\r\n			회원 탈퇴 불가한 경우<br />\r\n			* 리워드 프로젝트 펀딩에 참여한 후 리워드를 수령하지 못한 서포터는 탈퇴가 불가합니다.<br />\r\n			* 리워드 프로젝트 펀딩금 반환 절차 진행 중인 서포터는 탈퇴가 불가합니다.<br />\r\n			* 와디즈 스쿨 수강일이 하루 이상 지나지 않은 회원은 탈퇴가 불가합니다. (와디즈 스쿨 수강 다음 일자부터 탈퇴 가능)</td>\r\n		</tr>\r\n	</tbody>\r\n</table>\r\n\r\n<p><br />\r\n※ 변경된 약관에 이의가 있으실 경우 게시일 1개월 이내에 이의를 제기하실 수 있으며, 별도의 이의 제기를 하지 않을 경우 약관 변경에 동의한 것으로 봅니다.</p>\r\n\r\n<p>&nbsp;</p>\r\n\r\n<p>&nbsp;</p>\r\n\r\n<p>&nbsp;</p>\r\n\r\n<ul>\r\n</ul>\r\n',2,'','','',10,0,0,'2020-05-29 15:17:44'),(229,'[당첨자 발표] 펀딩이 팟팟팟 이벤트',1,'<p>&nbsp;</p>\r\n\r\n<p><img src=\"https://cdn.wadiz.kr/ft/images/green001/2020/0217/20200217173321475_66.jpg/wadiz/format/jpg/quality/80/optimize\" /></p>\r\n\r\n<hr />\r\n<h3>&lt;펀딩이 팟팟팟&gt; 이벤트 당첨자를 발표합니다.</h3>\r\n&nbsp;\r\n\r\n<p>이벤트에 당첨되신 분들 모두 당첨을 축하드립니다!<br />\r\n* 당첨되신 분들께는 이벤트 경품과 관련해 SMS로 개별 안내드리겠습니다.<br />\r\n&nbsp;</p>\r\n\r\n<table style=\"width:63%\">\r\n	<thead>\r\n		<tr>\r\n			<th colspan=\"2\" style=\"text-align:center; width:99.6785%\">2월 17일(월) 에어팟프로 당첨자</th>\r\n		</tr>\r\n	</thead>\r\n	<tbody>\r\n		<tr>\r\n			<td style=\"text-align:center; width:49.8393%\"><strong>닉네임</strong></td>\r\n			<td style=\"text-align:center; width:49.8392%\"><strong>핸드폰 뒷번호 </strong></td>\r\n		</tr>\r\n		<tr>\r\n			<td style=\"width:49.8393%\">이*</td>\r\n			<td style=\"width:49.8392%\">3845</td>\r\n		</tr>\r\n		<tr>\r\n			<td style=\"width:49.8393%\">a*viser****</td>\r\n			<td style=\"width:49.8392%\">3953</td>\r\n		</tr>\r\n		<tr>\r\n			<td style=\"width:49.8393%\">안*혜</td>\r\n			<td style=\"width:49.8392%\">6407</td>\r\n		</tr>\r\n		<tr>\r\n			<td style=\"width:49.8393%\">한*영</td>\r\n			<td style=\"width:49.8392%\">7547</td>\r\n		</tr>\r\n		<tr>\r\n			<td style=\"width:49.8393%\">서*식</td>\r\n			<td style=\"width:49.8392%\">1083</td>\r\n		</tr>\r\n	</tbody>\r\n</table>\r\n\r\n<table style=\"width:63%\">\r\n	<thead>\r\n		<tr>\r\n			<th colspan=\"2\" style=\"text-align:center; width:99.7955%\"><br />\r\n			2월 18일(화) 에어팟프로 당첨자</th>\r\n		</tr>\r\n	</thead>\r\n	<tbody>\r\n		<tr>\r\n			<td style=\"text-align:center; width:49.8393%\">닉네임</td>\r\n			<td style=\"text-align:center; width:49.8392%\">핸드폰 뒷번호</td>\r\n		</tr>\r\n		<tr>\r\n			<td style=\"width:49.8393%\">이*형</td>\r\n			<td style=\"width:49.8392%\">3030</td>\r\n		</tr>\r\n		<tr>\r\n			<td style=\"width:49.8393%\">박*현</td>\r\n			<td style=\"width:49.8392%\">5529</td>\r\n		</tr>\r\n		<tr>\r\n			<td style=\"width:49.8393%\">이*은</td>\r\n			<td style=\"width:49.8392%\">6740</td>\r\n		</tr>\r\n		<tr>\r\n			<td style=\"width:49.8393%\">김*철</td>\r\n			<td style=\"width:49.8392%\">4381</td>\r\n		</tr>\r\n		<tr>\r\n			<td style=\"width:49.8393%\">박*영</td>\r\n			<td style=\"width:49.8392%\">1368</td>\r\n		</tr>\r\n	</tbody>\r\n</table>\r\n\r\n<p>2월 18일(화) 에어팟프로 당첨자</p>\r\n\r\n<table style=\"width:63%\">\r\n	<thead>\r\n		<tr>\r\n			<th colspan=\"2\" style=\"text-align:center; width:99.7955%\"><br />\r\n			2월 19일(수) 에어팟프로 당첨자</th>\r\n		</tr>\r\n	</thead>\r\n	<tbody>\r\n		<tr>\r\n			<td style=\"text-align:center; width:49.8393%\">닉네임</td>\r\n			<td style=\"text-align:center; width:49.8392%\">핸드폰 뒷번호</td>\r\n		</tr>\r\n		<tr>\r\n			<td style=\"width:49.8393%\">강*구</td>\r\n			<td style=\"width:49.8392%\">8638</td>\r\n		</tr>\r\n		<tr>\r\n			<td style=\"width:49.8393%\">최*석</td>\r\n			<td style=\"width:49.8392%\">5449</td>\r\n		</tr>\r\n		<tr>\r\n			<td style=\"width:49.8393%\">m*on</td>\r\n			<td style=\"width:49.8392%\">6556</td>\r\n		</tr>\r\n		<tr>\r\n			<td style=\"width:49.8393%\">김*원</td>\r\n			<td style=\"width:49.8392%\">3248</td>\r\n		</tr>\r\n		<tr>\r\n			<td style=\"width:49.8393%\">김*지</td>\r\n			<td style=\"width:49.8392%\">3815</td>\r\n		</tr>\r\n	</tbody>\r\n</table>\r\n\r\n<p>&nbsp;</p>\r\n\r\n<p>이벤트에 참여해주신 분들 모두 감사드립니다.<br />\r\n&lt;펀딩이 팟팟팟&gt; 이벤트는 수요일까지 진행됩니다.<br />\r\n네이버에서 &#39;와디즈&#39;를 검색한 후 팟팟팟 배너를 클릭하여 이벤트에 참여해보세요!</p>\r\n\r\n<p>&nbsp;</p>\r\n\r\n<p>이벤트가 열리기 전,<br />\r\n3,000원 포인트와 7,000원 쿠폰과 함께<br />\r\n세상에 없던 펀딩을 먼저 만나보세요!</p>\r\n\r\n<p><a href=\"https://www.wadiz.kr/web/wevent/202002\" target=\"_blank\"><strong>1만 원 혜택받으러 가기</strong></a></p>\r\n\r\n<ul>\r\n</ul>\r\n',2,'1590733324342925.jpg','Screenshot 2020-05-29 at 15.18.59.jpg','/upload/2020/',11,0,0,'2020-05-29 15:21:50'),(230,'와디즈 사칭 관련 주의 안내',1,'<p>안녕하세요. 와디즈입니다.<br />\r\n최근 와디즈 및 와디즈 관계자를 사칭하여 메이커 회원님들께 포털 광고 프로모션 참여에 따른 광고비를 요구하는 사례가 확인되었습니다.&nbsp;</p>\r\n\r\n<p>&nbsp;</p>\r\n\r\n<blockquote>\r\n<p><strong>사칭 내용 1</strong></p>\r\n\r\n<p>와디즈와 유사한 브랜드명을 활용하여<br />\r\n와디즈 메이커 회원님들께 포털 검색광고 최저가 서비스를 제공한다는 명목으로 수백만원의 광고비 요구</p>\r\n</blockquote>\r\n\r\n<p>&nbsp;</p>\r\n\r\n<blockquote>\r\n<p>&nbsp;</p>\r\n\r\n<p><strong>사칭 내용 2&nbsp;</strong>(20.02.07 업데이트)<br />\r\n&#39;와디즈플랫폼&#39;이 은행으로부터 투자지원을 받게되어 메이커 회원님들께 투자/대출 지원 상품을 소개해드리겠다는 내용의 전화, 문자메세지 발송</p>\r\n</blockquote>\r\n\r\n<p>&nbsp;</p>\r\n와디즈 사이트 내 프로젝트 상세페이지 내 정보를 통해 임의로 연락을 취하는 것으로,<br />\r\n메이커님의 개인정보가 유출된 것이 아님을 확인하였습니다.\r\n<p>와디즈는 어떠한 경우에도 와디즈가 직접 운영하고 있지 않은 서비스를 통한 부당한 금품을 요구하지 않습니다.<br />\r\n메이커 회원님들께서 각별한 주의를 해주시기 바랍니다. &nbsp;<br />\r\n<br />\r\n만약, 위의 사례를 직접 경험하셨다면 와디즈 고객센터(1661-9056, info@wadiz.kr) 로 문의 부탁드리겠습니다.</p>\r\n\r\n<p><br />\r\n더욱 더 안전한 서비스를 만들도록 노력하겠습니다.<br />\r\n감사합니다.</p>\r\n',1,NULL,NULL,NULL,12,0,0,'2020-05-29 15:23:04'),(231,'[서비스 안내] 와디즈 메이커 어워드 2019 페이지 오픈',1,'<div class=\"inner-contents\">\r\n<p><img class=\"fr-dib fr-fic\" src=\"https://cdn.wadiz.kr/ft/images/green001/2019/1218/20191218113021520_102.jpg/wadiz/format/jpg/quality/80/optimize\" /></p>\r\n\r\n<p>안녕하세요. 와디즈입니다.<br />\r\n와디즈에서는 매년 연말, 그 해 와디즈와 함께 트렌드를 이끈 메이커에게 감사의 마음을 담아 상을 전하고 있습니다.<br />\r\n2019년에도 뜨거운 열정으로 한 해를 빛내준 메이커를 더 많은 분들에게 소개하기 위한 페이지가 공개되었습니다.<br />\r\n<strong>2019년 12월 23일, 수상의 영광을 안게 된 메이커들을 아래 페이지에서 확인해 보세요.</strong></p>\r\n\r\n<ul>\r\n	<li>2019년에는 과연 어떤 메이커 수상하게 될지 궁금하다면?</li>\r\n	<li>와디즈 어워드가 무엇인지 궁금하다면?&nbsp;</li>\r\n	<li>2017, 2018년도 수상 메이커가 궁금하다면?<br />\r\n	&nbsp;</li>\r\n</ul>\r\n\r\n<p><a href=\"https://www.wadiz.kr/web/wpage/makerAwards\" rel=\"noopener noreferrer\" target=\"_blank\">와디즈 메이커 어워드 2019 바로가기</a></p>\r\n\r\n<p>&nbsp;</p>\r\n</div>\r\n',1,'1590733455177130.jpg','Screenshot 2020-05-29 at 15.23.20.jpg','/upload/2020/',13,0,0,'2020-05-29 15:24:15'),(232,'[서비스 점검] 출금계좌 변경 일시 제한 안내',1,'<p>안녕하세요. 와디즈입니다.<br />\r\n안정적인 서비스를 위해 와디즈 계좌 출금계좌 변경이 일시 제한됩니다.<br />\r\n<strong>기존에 이미 등록된 출금 계좌로는 문제없이 출금 가능</strong>하나, 출금계좌 변경을 지원하는 서비스가 잠시 중단되오니,<br />\r\n와디즈 계좌를 이용하시는 회원님들의 너른 양해부탁드립니다.<br />\r\n&nbsp;</p>\r\n\r\n<ul>\r\n	<li><strong>작업 시간 : 2019. 12. 10 (화) 07:00 ~ &nbsp;2019. 12. 11 (수) 23:59</strong></li>\r\n	<li><strong>작업 내용 : 서비스 안정을 위한 출금계좌 변경 점검</strong></li>\r\n	<li><strong>제한 서비스 : 출금계좌 변경 (기존 계좌 출금은 가능)</strong></li>\r\n</ul>\r\n\r\n<p>&nbsp;</p>\r\n\r\n<p>빠른 점검 완료 시 조기에 서비스 정상화될 수 있으며,<br />\r\n공지된 시간내에 서비스가 정상적으로 재개될 수 있도록 최선을 다하겠습니다.</p>\r\n\r\n<p>와디즈 드림</p>\r\n',1,NULL,NULL,NULL,14,0,0,'2020-05-29 15:24:57'),(233,'[서비스 안내] W9 멤버십 휴대폰 인증만 하고 바로 가입하세요',1,'<div class=\"inner-contents\">\r\n<p><img class=\"fr-dib fr-fic\" src=\"https://cdn.wadiz.kr/ft/images/green001/2019/1210/20191210093415318_57.png/wadiz/format/jpg/quality/80/optimize\" /></p>\r\n\r\n<p>안녕하세요. 와디즈입니다.<br />\r\n오직 와디즈에서만 만날 수 있는 <strong>프리미엄 투자 W9 멤버십 서비스</strong>에 대해서 알고 계신가요?<br />\r\n기존에 W9 멤버십 서비스에 가입하려면 와디즈 계좌개설이 완료되어야 하기 때문에 조금 번거로운 비대면 실명인증 과정을 거쳐야만 했는데요.<br />\r\n이제는 계좌개설을 하지 않아도 간단한 <strong><u>휴대폰 인증만 진행하면 가입이 가능</u></strong>할 수 있도록 변경되었습니다.</p>\r\n\r\n<p>더욱 쉬워진 W9멤버십 가입!<br />\r\n지금 바로 W9 멤버십 혜택을 확인하고 가입해 보시는게 어떨까요?</p>\r\n\r\n<p><a href=\"https://www.wadiz.kr/web/wpage/w9\" rel=\"noopener noreferrer\" target=\"_blank\">W9 멤버십 가입 바로가기</a></p>\r\n\r\n<p>&nbsp;</p>\r\n\r\n<p>와디즈 드림</p>\r\n</div>\r\n',0,'1590733555278655.jpg','Screenshot 2020-05-29 at 15.25.12.jpg','/upload/2020/',15,0,0,'2020-05-29 15:25:55'),(234,'[서비스 안내] 와디즈 계좌개설 프로세스 개선',1,'<div class=\"inner-contents\">\r\n<p><img class=\"fr-dib fr-fic\" src=\"https://cdn.wadiz.kr/ft/images/green001/2019/1210/20191210092825307_44.png/wadiz/format/jpg/quality/80/optimize\" /></p>\r\n\r\n<p>안녕하세요. 와디즈 입니다.<br />\r\n와디즈 투자 펀딩을 위해서는 와디즈 계좌가 꼭 필요하다는 것 알고 계신가요?<br />\r\n금융 거래를 목적으로 하는 계좌이기 때문에 와디즈 계좌 개설 전 <strong>금융실명법에 따라 비대면 실명인증</strong>이 필요한데요.</p>\r\n\r\n<p>개인정보 보안과 금융거래의 투명성을 위해서 진행되는 일이지만 사실 많이 번거롭고 귀찮은 일이기도 합니다.<br />\r\n정해진 절차를 생략할 수는 없겠지만 <strong>와디즈 계좌를 좀더 편안하게 개설할 수 있도록 개선</strong>했는데요.<br />\r\n안내에 따라 잘 진행하기만하면 바로 계좌를 만들 수 있으니,<strong>&nbsp;와디즈 계좌를 바로 개설해 보시는 것은 어떨까요?</strong></p>\r\n\r\n<p><img class=\"fr-dib fr-fic\" src=\"https://cdn.wadiz.kr/ft/images/green001/2019/1210/20191210092837514_44.jpg/wadiz/format/jpg/quality/80/optimize\" /></p>\r\n\r\n<h3><strong>1. 3단계 인증만 진행하면 계좌 개설 끝</strong></h3>\r\n\r\n<p>기존 와디즈 계좌 개설 과정에는 인증 외에 여러 질문들과 추가 정보 입력을 하는 부분들이 있었는데요.<br />\r\n계좌 개설을 진행하는 회원님들이 인증 단계를 잘 인지할 수 있도록 프로세스를 최소화 하였습니다.</p>\r\n\r\n<ul>\r\n	<li><strong><u>휴대폰 인증 - 신분증 인증 - 1원이체</u>&nbsp;</strong>인증 순으로 진행\r\n\r\n	<ul>\r\n		<li>휴대폰 인증은 문자로 전송된 인증번호만 입력하면 끝</li>\r\n		<li>신분증 인증은 바로 촬영하거나 업로드하면 끝</li>\r\n		<li>1원이체 인증은 1원 입금 내역만 확인하면</li>\r\n	</ul>\r\n	</li>\r\n</ul>\r\n\r\n<p>계좌개설 신청이 끝나게 됩니다.</p>\r\n\r\n<p>&nbsp;</p>\r\n\r\n<p><img class=\"fr-dib fr-fic\" src=\"https://cdn.wadiz.kr/ft/images/green001/2019/1210/20191210092845682_44.jpg/wadiz/format/jpg/quality/80/optimize\" /></p>\r\n\r\n<h3>2. 계좌 개설 도중 이탈하셨다고요? 완료했던 단계부터 언제든지 이어 개설하세요.</h3>\r\n\r\n<p>여러가지 상황으로 계좌 개설 도중 중단해야하는 일이 생길 수 있을텐데요.<br />\r\n내가 현재 어느 단계에 있는지 <strong><u>My 메뉴에서 언제나 확인</u></strong>할 수 있고,<br />\r\n해당하는 단계부터 바로 이어서 진행할 수 있습니다.<br />\r\n어디서부터 다시 진행해야할지 망설일 필요없이 자연스럽게 다시 이어 계좌개설을 진행하세요.</p>\r\n\r\n<p>&nbsp;</p>\r\n\r\n<p><img class=\"fr-dib fr-fic\" src=\"https://cdn.wadiz.kr/ft/images/green001/2019/1210/20191210092852653_44.jpg/wadiz/format/jpg/quality/80/optimize\" /></p>\r\n\r\n<h3>3. 앱에서는 와디즈 승인없이 바로 계좌 개설 가능합니다.</h3>\r\n\r\n<p>원래에도 제공했던 서비스이지만 실제 계좌개설을 신청하게되면 유효한 신분증인지를 와디즈 운영팀에서 한번 더 확인하는 절차를 거치는데요.<br />\r\n앱에서는 OCR이란 기능을 통해 <strong><u>신분증을 인식하고 유효성 검증까지 진행</u></strong>하게 되어 대기시간 없이 바로 계좌가 개설됩니다. 앱에서 더욱 쉽고 안전하게 계좌 개설을 진행해 보세요.</p>\r\n\r\n<hr />\r\n<p><strong>투자 펀딩 시 꼭 필요한 와디즈 계좌!</strong><br />\r\n많은 이용과 입소문 부탁드립니다. :)<br />\r\n고맙습니다.</p>\r\n\r\n<p>와디즈 드림</p>\r\n</div>\r\n',1,'1590733640056302.jpg','Screenshot 2020-05-29 at 15.26.30.jpg','/upload/2020/',16,0,0,'2020-05-29 15:27:20'),(235,'[서비스 점검] 2019. 12. 09 (월) 와디즈 전체 서비스 이용 일시 중단 안내',1,'<p>안녕하세요. 와디즈 입니다.<br />\r\n와디즈에서 보다 안정적인 서비스 제공을 위해 모든 서비스를 일시 중단하고 점검 작업을 진행하며,<br />\r\n일부 회원가입과 관련된 서비스 개선도 함께 진행됩니다.&nbsp;</p>\r\n\r\n<p>&nbsp;</p>\r\n\r\n<ul>\r\n	<li><strong>작업 시간 : 2019. 12. 09 (월) 02:00 ~ 06:00 (4시간)</strong></li>\r\n	<li><strong>작업 내용 : 시스템 안정화를 위한 정기 점검 및 회원가입 서비스 개선</strong></li>\r\n	<li><strong>제한 서비스 : 회원가입, 로그인, 투자, 리워드, 캐스트, 메이커 등 모든 와디즈 서비스 이용불가</strong></li>\r\n</ul>\r\n\r\n<p>&nbsp;</p>\r\n\r\n<p>개선된 서비스에 대해서는 별도 공지가 진행될 예정이며,<br />\r\n서비스 재개 이 후 회원가입과 관련된 일부 서비스가 불안정할 수 있으니 참고부탁드립니다.<br />\r\n공지된 시간내에 서비스가 정상적으로 재개될 수 있도록 최선을 다하겠습니다.</p>\r\n\r\n<p>와디즈 드림</p>\r\n',1,NULL,NULL,NULL,17,0,0,'2020-05-29 15:29:09'),(236,'[서비스 점검] 2019. 12. 08 (일) 투자 신청 및 취소 일시 제한 안내',1,'<p>안녕하세요. 와디즈입니다.<br />\r\n한국예탁결제원의 네트워크 점검으로 인해 와디즈 투자 신청이 아래 시간동안 일시 제한됩니다.</p>\r\n\r\n<p>&nbsp;</p>\r\n\r\n<ul>\r\n	<li><strong>작업 시간 : 2019. 12.08 (일) 09: 00 ~ 15:00 (6시간)</strong></li>\r\n	<li><strong>작업 내용 : 재해복구센터 서버 및 네트워크 점검</strong></li>\r\n	<li><strong>제한 서비스 : 투자 신청, 투자 신청 취소, 투자 한도 조회</strong></li>\r\n</ul>\r\n\r\n<p>&nbsp;</p>\r\n\r\n<p>예정된 투자 관련 거래 건이 있다면 해당 기간 이전 또는 이후에 진행을 부탁드리며,<br />\r\n투자 신청 및 신청 취소는&nbsp;<strong>2019. 12. 08 (일) 15:00</strong>&nbsp;이후 부터 정상 이용 가능합니다.</p>\r\n\r\n<p>추가 관련 문의사항은 오른쪽 하단 문의하기를 통해 남겨주시면 순차적으로 답변드리겠습니다.<br />\r\n감사합니다.</p>\r\n\r\n<p>와디즈 드림</p>\r\n',1,NULL,NULL,NULL,18,0,0,'2020-05-29 15:29:44'),(237,'[서비스 안내] 콘텐츠 큐레이션 서비스 W9 Onepage 런칭',1,'<div class=\"inner-contents\">\r\n<p><img class=\"fr-dib fr-fic\" src=\"https://cdn.wadiz.kr/ft/images/green001/2019/1108/20191108135740987_126.jpg/wadiz/format/jpg/quality/80/optimize\" /></p>\r\n\r\n<h3><strong>W9 Onepage 런칭</strong></h3>\r\n\r\n<p>와디즈 투자가 W9 회원만을 위한 콘텐츠 큐레이션 서비스 Onepage를 시작합니다.&nbsp;</p>\r\n\r\n<p>한 발 빠른 투자 뉴스, 한 층 더 깊이 들어간 지식 콘텐츠, 한 뼘 더 가까운 국내외 산업 현장과 투자 트렌드를 다룬 케이스 스터디까지.&nbsp;</p>\r\n\r\n<p>투자의 관점을 세우는 선별된 콘텐츠를 한눈에 들어오는 Onepage로 받아보세요.</p>\r\n\r\n<p>&nbsp;</p>\r\n\r\n<p><img class=\"fr-dib fr-fic\" src=\"https://cdn.wadiz.kr/ft/images/green001/2019/1108/20191108135822566_126.jpg/wadiz/format/jpg/quality/80/optimize\" /></p>\r\n\r\n<h3><strong>투자의 흐름을 만드는 사람들, W9</strong></h3>\r\n\r\n<p>W9은 좀 더 다양한 투자 경험을 원하는 와디즈 고객들을 위한 멤버십 서비스입니다.&nbsp;</p>\r\n\r\n<p>&nbsp;</p>\r\n\r\n<p><strong>1.Onepage 투자의 관점을 세우는 콘텐츠 서비스</strong></p>\r\n\r\n<ul>\r\n	<li>오직 W9 회원만 볼 수 있는 엄선된 투자 지식과 트렌드를 담은 콘텐츠</li>\r\n</ul>\r\n\r\n<p><strong>2.Onetable 투자에 자신감을 더하는 오프라인 모임</strong></p>\r\n\r\n<ul>\r\n	<li>오직 W9 회원만 초대되는 창업가, 업계 전문가와의 깊이있는 대화의 장</li>\r\n</ul>\r\n\r\n<p><strong>3.Onedeal 지식과 경험을 행동으로 확장하는 투자기회</strong></p>\r\n\r\n<ul>\r\n	<li>오직 W9 회원에게만 제공되는 단독 투자 기회와 특별한 투자자 혜택</li>\r\n</ul>\r\n\r\n<p>&nbsp;</p>\r\n\r\n<p>와디즈 W9 Onepage를 통한 인사이트로 선제적인 투자 경험이 되었으면 좋겠습니다.&nbsp;</p>\r\n\r\n<p>많은 이용 부탁드립니다.</p>\r\n\r\n<p><a href=\"https://www.wadiz.kr/web/winvest/premium\" rel=\"noopener noreferrer\" target=\"_blank\"><u><strong>W9 Onepage 보러 가기 &gt;</strong></u></a></p>\r\n\r\n<p>&nbsp;</p>\r\n\r\n<p>와디즈 드림</p>\r\n</div>\r\n',1,'1590733880699838.jpg','Screenshot 2020-05-29 at 15.30.01.jpg','/upload/2020/',19,0,0,'2020-05-29 15:31:20'),(238,'[서비스 안내] 리워드 메이커 스튜디오 개편 안내',1,'<div class=\"inner-contents\">\r\n<p><img class=\"fr-dib fr-fil\" src=\"https://cdn.wadiz.kr/ft/images/green001/2019/1024/20191024122445889_81.png/wadiz/format/jpg/quality/80/optimize\" />안녕하세요. 와디즈입니다.&nbsp;</p>\r\n\r\n<p>리워드 펀딩을 진행하는 메이커들을 위해 프로젝트를 작성&middot;관리할 수 있는 <strong>리워드 메이커 스튜디오 서비스가 2019년 10월 29일에 개편</strong>됩니다.&nbsp;</p>\r\n\r\n<p>&nbsp;</p>\r\n\r\n<hr />\r\n<h3>1. 프로젝트 작성・관리 기능 통합</h3>\r\n\r\n<p><img class=\"fr-dib fr-fic\" src=\"https://cdn.wadiz.kr/ft/images/green001/2019/1025/20191025095720902_76.png/wadiz/format/jpg/quality/80/optimize\" /></p>\r\n\r\n<p>프로젝트 작성부터 펀딩 진행 현황, 오픈예정 알림 신청 현황, 결제 현황, 펀딩 참여 서포터까지 스튜디오에서 한눈에 확인하고 관리할 수 있습니다.</p>\r\n\r\n<p>&nbsp;</p>\r\n\r\n<h3>2. 반응형 웹 구조를 통한 모바일 화면 제공<img class=\"fr-dib fr-fic\" src=\"https://cdn.wadiz.kr/ft/images/green001/2019/1024/20191024122501454_81.png/wadiz/format/jpg/quality/80/optimize\" /></h3>\r\n\r\n<p>모바일 및 PC 환경에서 편리하게 프로젝트를 관리할 수 있도록 디자인과 기능을 개선하였습니다. 이제 언제 어디서나 모바일 화면으로 스토리를 작성하고 수정해보세요.</p>\r\n\r\n<p>모바일 유입률이 80% 이상인 사실을 아시나요?<br />\r\n모바일 사용자를 고려한 프로젝트 작성을 위해 <u>모바일 화면 미리보기 기능</u>도 제공됩니다!</p>\r\n\r\n<p>&nbsp;</p>\r\n\r\n<h3>3. 스튜디오 내 오픈예정 작성 페이지 통합</h3>\r\n\r\n<p><img class=\"fr-dib fr-fic\" src=\"https://cdn.wadiz.kr/ft/images/green002/2019/1024/20191024134338699_81.png/wadiz/format/jpg/quality/80/optimize\" /></p>\r\n\r\n<p>기존에는 프로젝트를 작성한 후 심사 단계에서 오픈예정 컨텐츠를 입력했다면,<br />\r\n개편되는 스튜디오에서는 <u>프로젝트 작성 시 오픈예정 &nbsp;스토리만 추가로 작성하여 한 번에 진행</u>할 수 있습니다.<br />\r\n더욱 간편하고 빠르게 오픈예정 서비스를 이용해보세요!</p>\r\n\r\n<p>&nbsp;</p>\r\n\r\n<h3>4. 스튜디오 내 관리자 피드백 기능을 통한 빠른 수정 가능</h3>\r\n\r\n<p><img class=\"fr-dib fr-fic\" src=\"https://cdn.wadiz.kr/ft/images/green001/2019/1025/20191025095159814_76.png/wadiz/format/jpg/quality/80/optimize\" /></p>\r\n\r\n<p>프로젝트를 작성하고 제출하면 와디즈 담당자의 피드백을 스튜디오에서 받을 수 있습니다.<br />\r\n피드백은 알림과 함께 전송되니, 빠르게 확인하고 수정할 수 있습니다.&nbsp;</p>\r\n\r\n<p>&nbsp;</p>\r\n\r\n<h3>5. 기타 개선 사항</h3>\r\n\r\n<ul>\r\n	<li>새소식 모바일 작성 기능: 모바일에서도 새소식 작성이 가능하며, 임시저장 기능도 제공됩니다.&nbsp;</li>\r\n	<li>작성 항목별 가이드: 프로젝트 작성 시 메이커분들께 도움이 되는 가이드를 항목별로 제공됩니다. &nbsp;</li>\r\n</ul>\r\n\r\n<p>&nbsp;</p>\r\n\r\n<p>이외에도 달라진 모습들이 있으니, 직접 사용해보고 경험해보세요!</p>\r\n\r\n<hr />\r\n<p><strong>펀딩 준비 중이거나 진행 중인 메이커님,</strong><br />\r\n이전에 작성한 프로젝트 내용은 저장된 채로 유지되오니, 안심하시고 개편된 서비스에서 이용하세요.<br />\r\n궁금한 사항은 <a href=\"https://www.notion.so/rewardguide/FAQ-c225b75d6f8040ecae2d8a029aaa5440\" rel=\"noopener noreferrer\" target=\"_blank\"><u>스튜디오 개편 전부터 준비중이던 메이커님을 위한 안내</u></a>를 참고해주세요.</p>\r\n\r\n<p><a href=\"https://www.notion.so/rewardguide/FAQ-c225b75d6f8040ecae2d8a029aaa5440\" rel=\"noopener noreferrer\" target=\"_blank\"><img class=\"fr-dib fr-fic\" src=\"https://cdn.wadiz.kr/ft/images/green001/2019/1030/20191030121054187_62.png/wadiz/format/jpg/quality/80/optimize\" /></a></p>\r\n\r\n<p>&nbsp;</p>\r\n\r\n<p><strong>리워드 메이커 스튜디오에 대한 문의사항은 와디즈 고객센터 1661-9056 &nbsp;info@wadiz.kr로 문의해주세요. </strong></p>\r\n\r\n<p>&nbsp;</p>\r\n\r\n<p>&nbsp;</p>\r\n\r\n<p>더 나은 서비스를 만들기 위해 와디즈는 끊임없이 노력하겠습니다.<br />\r\n앞으로도 많은 이용 부탁드립니다.</p>\r\n\r\n<p>감사합니다.<br />\r\n와디즈 드림.</p>\r\n</div>\r\n',2,'1590733961363267.jpg','Screenshot 2020-05-29 at 15.31.40.jpg','/upload/2020/',20,0,0,'2020-05-29 15:32:41');
/*!40000 ALTER TABLE `tb_article_notice` ENABLE KEYS */;
UNLOCK TABLES;

--
-- Table structure for table `tb_audit`
--

DROP TABLE IF EXISTS `tb_audit`;
/*!40101 SET @saved_cs_client     = @@character_set_client */;
/*!50503 SET character_set_client = utf8mb4 */;
CREATE TABLE `tb_audit` (
  `id` int(10) unsigned NOT NULL AUTO_INCREMENT COMMENT '심사 일련번호',
  `member_id` int(10) unsigned NOT NULL DEFAULT '0' COMMENT '회원일련번호',
  `circulation_chk` tinyint(1) NOT NULL COMMENT '유통여부 확인',
  `circulation_content` text COMMENT '기존에 유통하던 제품/ 서비스에 비해 개선된 점',
  `preparations_plan` text NOT NULL COMMENT '준비계획',
  `relay_plan` text NOT NULL COMMENT '전달계획',
  `reword_type` int(2) DEFAULT NULL COMMENT '리워드 종류',
  `reword_info` text COMMENT '리워드 정보제공고시',
  `required_documents_orgName` varchar(50) DEFAULT NULL COMMENT '필수 서류 원본이름',
  `required_documents_Name` varchar(50) DEFAULT NULL COMMENT '필수 서류 이름',
  `required_documents_url` varchar(50) DEFAULT NULL COMMENT '필수 서류 폴더 URL',
  `fees_chk` tinyint(1) NOT NULL COMMENT '수수료 정책동의',
  `policy_agreement` varchar(100) NOT NULL,
  `status` int(1) DEFAULT '1' COMMENT '심사 상태 0:반려 1:심사중 2:승인',
  `reg_date` datetime NOT NULL DEFAULT CURRENT_TIMESTAMP COMMENT '등록일자',
  PRIMARY KEY (`id`)
) ENGINE=InnoDB AUTO_INCREMENT=39 DEFAULT CHARSET=utf8mb4 COLLATE=utf8mb4_0900_ai_ci;
/*!40101 SET character_set_client = @saved_cs_client */;

--
-- Dumping data for table `tb_audit`
--

LOCK TABLES `tb_audit` WRITE;
/*!40000 ALTER TABLE `tb_audit` DISABLE KEYS */;
INSERT INTO `tb_audit` VALUES (21,1,0,'','건강한 푸드로 서포터님들의 건강을 책임 지도록 하겠습니다.\r\n지금은 상품 등록만 남은 상태 이고 앞으로 부족한 점들을 개선 할 계획입니다.\r\n서포터님들의 솔직한 후기 및 피드백을 받고 개선하며 앞으로도 서포터님 입장에서 생각하는 수니핏이 되겠습니다. ','전달 계획은 택배로 빠르고 신속하게 서포터님들꼐 전달 할꼐 계획입니다,\r\n',12,'<table style=\"width:100%\">\r\n	<tbody>\r\n		<tr>\r\n			<th style=\"width:10%\">항목</th>\r\n			<th style=\"width:25%\">부연설명</th>\r\n			<th style=\"width:45%\">직접 작성</th>\r\n		</tr>\r\n		<tr>\r\n			<th>식품의 유형</th>\r\n			<td>제품 라벨에 표기된 식품의 유형 정보와 동일하게 기재</td>\r\n			<td>즉석 섭취 식품</td>\r\n		</tr>\r\n		<tr>\r\n			<th>생산자 및 소재지</th>\r\n			<td>수입품의 경우 수입자 및 제조국을 함께 입력</td>\r\n			<td>경기도 평택시 죽백2길 105-13</td>\r\n		</tr>\r\n		<tr>\r\n			<th>제조연월일,유통기한 또는 품질유지기한</th>\r\n			<td>1) 보유하고 있는 동일 제품의 제조연월, 제조연월일, 유통기한, 사용기한, 품질유지기한 중 가장 빠른 날짜 표시 가능 2) 보유한 동일 제품 전체의 제조연월,제조연월일, 유통기한, 사용기한, 품질기한의 범위 표시 가능 3) 개봉 후 사용기간 표기</td>\r\n			<td>유통기한 :도시락 - 제조일로부터 6일 , 주스 - 제조일로부터 6개월</td>\r\n		</tr>\r\n		<tr>\r\n			<th>포장단위별 용량(중량), 수량</th>\r\n			<td>제품의 용량(중량)과 수량을 반드시 함께 기재</td>\r\n			<td>찰흑미귀리현미밥(130g)파고추장불고기(120g),견과콩조림(30g),크라비아맛살샐러드(100g),베리베리주스(150ml)</td>\r\n		</tr>\r\n		<tr>\r\n			<th>원재료명 및 함량</th>\r\n			<td>농수산물의 원산지 표시에 관한 법률에 따른 원산지 표시 포함</td>\r\n			<td>찰흑미귀리현미밥 : 쌀(국내산)33%,현미쌀(국내산)33%, 검정쌀(국내산)17%,귀리(캐나다)17% 파고추장불고기 : 돼지고기(국내산)76%,고추장불고기양념[양파(국내산)</td>\r\n		</tr>\r\n		<tr>\r\n			<th>영양성분</th>\r\n			<td>실품 라벨에 표기되어 있는 영양성분 모두 표시(식품위생법에 따른 영양성분 표시대상 식품에 한함)</td>\r\n			<td>598kcal,나트륨 640mg, 탄수화물 81g, 당류 20g, 지방 28g, 트랜스지방 00g, 포화지방 5g, 콜레스테롤 38mg, 단백질 81g</td>\r\n		</tr>\r\n		<tr>\r\n			<th>유전자변형 식품에 해당하는 경우의 표시</th>\r\n			<td>&quot;해당사항 없음&quot; 혹은 &quot;유전자재조합식품&quot; 입력</td>\r\n			<td>해당사항없음</td>\r\n		</tr>\r\n		<tr>\r\n			<th>영유아식 또는 체중조절식품등에 해당하는 경우 표시광고사전심의필 유무 및 부작용 발생 가능성</th>\r\n			<td>특수용도 식품일 경우 사전광고심의번호를 입력</td>\r\n			<td>해당사항없음</td>\r\n		</tr>\r\n		<tr>\r\n			<th>수입식품에 해당하는 경우 &quot;식품위생법에 따른 수입신고를 필함&quot;의 문구</th>\r\n			<td>수입 식품인 경우에만 해당 문구 입력</td>\r\n			<td>해당사항없음</td>\r\n		</tr>\r\n		<tr>\r\n			<th>소비자상담 관련 전화번호</th>\r\n			<td>수입 식품인 경우에만 해당 문구 입력</td>\r\n			<td>070-87975100</td>\r\n		</tr>\r\n	</tbody>\r\n</table>\r\n',NULL,NULL,NULL,1,'1',1,'2020-06-04 12:16:51'),(22,1,0,'','애완견들의 건강한 미래를 위해서 만들어진 제품 인 만큼 더 튼튼하고 실용성을 준비 중입니다.\r\n서포터님들의 댓글과 사용 후기를 통해서 보완 및 수정 하려고 합니다.','서포님들에게 코로나로 인한 안전 거래로 택배로 진행 예정이고 \r\nSNS를 통해서 홍보를 더 하려 합니다.',0,'','인증서.jpg','X4XVJXELJe0MMsHdZR08vJBQrYMQY4Iv.jpg','/hongimages/mypageOneImg/',1,'1',1,'2020-06-04 14:19:44'),(23,1,0,'','서포터님들의 건강한 미래를 위해서 만들어진 제품 인 만큼 더 튼튼하고 실용성을 준비 중입니다.\r\n서포터님들의 댓글과 사용 후기를 통해서 보완 및 수정 하려고 합니다.','\r\n서포님들에게 코로나로 인한 안전 거래로 택배로 진행 예정이고 \r\nSNS를 통해서 홍보를 더 하려 합니다.',4,'<table style=\"width:100%\">\r\n	<tbody>\r\n		<tr>\r\n			<th style=\"width:10%\">항목</th>\r\n			<th style=\"width:25%\">부연설명</th>\r\n			<th style=\"width:45%\">직접 작성</th>\r\n		</tr>\r\n		<tr>\r\n			<th>종류</th>\r\n			<td>패션잡화의 종류를 표기</td>\r\n			<td>마샬 천연양가죽 반피 골프장갑</td>\r\n		</tr>\r\n		<tr>\r\n			<th>소재</th>\r\n			<td>제품에 사용된 소재 정보를 기재</td>\r\n			<td>양가죽, 합성가죽, 라이크라</td>\r\n		</tr>\r\n		<tr>\r\n			<th>치수</th>\r\n			<td>가로, 세로, 높이 등 제품 정보 입력</td>\r\n			<td>18~25호</td>\r\n		</tr>\r\n		<tr>\r\n			<th>제조자(수입자)</th>\r\n			<td>제조자: 리워드를 제작하는 업체 수입자: 수입신고필증 상 수입업체</td>\r\n			<td>마샬</td>\r\n		</tr>\r\n		<tr>\r\n			<th>제조국</th>\r\n			<td>정식 국가명을 표기</td>\r\n			<td>인도네시아</td>\r\n		</tr>\r\n		<tr>\r\n			<th>취급 시 주의사항</th>\r\n			<td>제품에 부착되어 있는 TAG 참고</td>\r\n			<td>&nbsp;</td>\r\n		</tr>\r\n		<tr>\r\n			<th>품질보증기준</th>\r\n			<td>예) 관련법 및 소비자분쟁해결 기준에 따름</td>\r\n			<td>관련법 및 소비자분쟁해결 기준에 따름</td>\r\n		</tr>\r\n		<tr>\r\n			<th>A/S 책임자와 전화번호</th>\r\n			<td>담당자 이름 표기가 어려울 경우, 업체명 입력</td>\r\n			<td>마샬 010-9465-0907</td>\r\n		</tr>\r\n	</tbody>\r\n</table>\r\n','인증서2.jpg','bVHaFXoqafsdqfzDyQIrEZV6Ujgesnrv.jpg','/hongimages/mypageOneImg/',1,'1',1,'2020-06-04 15:51:32'),(24,1,1,'2010년 10년 2전에 출시 하였고 지금은 새로운 버전으로 다시 리워드 합니다.','서포터님들의 건강한 미래를 위해서 만들어진 제품 인 만큼 더 튼튼하고 실용성을 준비 중입니다.\r\n서포터님들의 댓글과 사용 후기를 통해서 보완 및 수정 하려고 합니다.','서포님들에게 코로나로 인한 안전 거래로 택배로 진행 예정이고 \r\nSNS를 통해서 홍보를 더 하려 합니다.',15,'<table style=\"width:100%\">\r\n	<tbody>\r\n		<tr>\r\n			<th style=\"width:10%\">항목</th>\r\n			<th style=\"width:25%\">부연설명</th>\r\n			<th style=\"width:45%\">직접 작성</th>\r\n		</tr>\r\n		<tr>\r\n			<th>제작자 또는 공급자</th>\r\n			<td>제작업체 또는 공급업체 상호 또는 이름 기재</td>\r\n			<td>Deco X60</td>\r\n		</tr>\r\n		<tr>\r\n			<th>이용조건,이용기간</th>\r\n			<td>서비스 이용기간을 서포터들이 알 수 있도록 구체적으로 표시</td>\r\n			<td>R-C-TPN-Deco X60</td>\r\n		</tr>\r\n		<tr>\r\n			<th>상품 제공방식</th>\r\n			<td>CD, 다운로드, 실시간 스트리밍 등 입력</td>\r\n			<td>정격전압, 소비전력</td>\r\n		</tr>\r\n		<tr>\r\n			<th>최소 시스템 사양, 필수 소프트웨어</th>\r\n			<td>&nbsp;</td>\r\n			<td>동일모델의 출시년월</td>\r\n		</tr>\r\n		<tr>\r\n			<th>청약철회 또는 계약의 해제・해지에 따른 효과</th>\r\n			<td>예) 관련법 및 소비자분쟁해결기준에 따름</td>\r\n			<td>티피링크(티피링크코리아)</td>\r\n		</tr>\r\n		<tr>\r\n			<th>소비자상담 관련 전화번호</th>\r\n			<td>&nbsp;</td>\r\n			<td>상세설명 참조</td>\r\n		</tr>\r\n	</tbody>\r\n</table>\r\n','인증서3.jpg','ee1Ff2xqoIs1O3iCMRjbfP4CExDgJX9v.jpg','/hongimages/mypageOneImg/',1,'1',1,'2020-06-04 16:04:15'),(25,1,0,'','\r\n서포터님들의 건강한 미래를 위해서 만들어진 제품 인 만큼 더 튼튼하고 실용성을 준비 중입니다.\r\n서포터님들의 댓글과 사용 후기를 통해서 보완 및 수정 하려고 합니다.','\r\n서포님들에게 코로나로 인한 안전 거래로 택배로 진행 예정이고 \r\nSNS를 통해서 홍보를 더 하려 합니다.',12,'<table style=\"width:100%\">\r\n	<tbody>\r\n		<tr>\r\n			<th style=\"width:10%\">항목</th>\r\n			<th style=\"width:25%\">부연설명</th>\r\n			<th style=\"width:45%\">직접 작성</th>\r\n		</tr>\r\n		<tr>\r\n			<th>식품의 유형</th>\r\n			<td>제품 라벨에 표기된 식품의 유형 정보와 동일하게 기재</td>\r\n			<td>즉석섭취식품</td>\r\n		</tr>\r\n		<tr>\r\n			<th>생산자 및 소재지</th>\r\n			<td>수입품의 경우 수입자 및 제조국을 함께 입력</td>\r\n			<td>주식회사 오그래 농업회사법인 / 경상북도 성주군 월항면 유월2길 40-15</td>\r\n		</tr>\r\n		<tr>\r\n			<th>제조연월일,유통기한 또는 품질유지기한</th>\r\n			<td>1) 보유하고 있는 동일 제품의 제조연월, 제조연월일, 유통기한, 사용기한, 품질유지기한 중 가장 빠른 날짜 표시 가능 2) 보유한 동일 제품 전체의 제조연월,제조연월일, 유통기한, 사용기한, 품질기한의 범위 표시 가능 3) 개봉 후 사용기간 표기</td>\r\n			<td>제조일로부터 1년간</td>\r\n		</tr>\r\n		<tr>\r\n			<th>포장단위별 용량(중량), 수량</th>\r\n			<td>제품의 용량(중량)과 수량을 반드시 함께 기재</td>\r\n			<td>스토리 상세내용 참조</td>\r\n		</tr>\r\n		<tr>\r\n			<th>원재료명 및 함량</th>\r\n			<td>농수산물의 원산지 표시에 관한 법률에 따른 원산지 표시 포함</td>\r\n			<td>스토리 상세내용 참조</td>\r\n		</tr>\r\n		<tr>\r\n			<th>영양성분</th>\r\n			<td>실품 라벨에 표기되어 있는 영양성분 모두 표시(식품위생법에 따른 영양성분 표시대상 식품에 한함)</td>\r\n			<td>스토리 상세내용 참조</td>\r\n		</tr>\r\n		<tr>\r\n			<th>유전자변형 식품에 해당하는 경우의 표시</th>\r\n			<td>&quot;해당사항 없음&quot; 혹은 &quot;유전자재조합식품&quot; 입력</td>\r\n			<td>해당사항 없음</td>\r\n		</tr>\r\n		<tr>\r\n			<th>영유아식 또는 체중조절식품등에 해당하는 경우 표시광고사전심의필 유무 및 부작용 발생 가능성</th>\r\n			<td>특수용도 식품일 경우 사전광고심의번호를 입력</td>\r\n			<td>해당사항 없음</td>\r\n		</tr>\r\n		<tr>\r\n			<th>수입식품에 해당하는 경우 &quot;식품위생법에 따른 수입신고를 필함&quot;의 문구</th>\r\n			<td>수입 식품인 경우에만 해당 문구 입력</td>\r\n			<td>해당사항 없음</td>\r\n		</tr>\r\n		<tr>\r\n			<th>소비자상담 관련 전화번호</th>\r\n			<td>수입 식품인 경우에만 해당 문구 입력</td>\r\n			<td>053-744-1310</td>\r\n		</tr>\r\n	</tbody>\r\n</table>\r\n','인증서4.jpg','6yIhOnBHR7hVnit8zC3Bin8129XTVbzS.jpg','/hongimages/mypageOneImg/',1,'1',1,'2020-06-04 16:18:40'),(26,1,0,'','서포터님들의 건강한 미래를 위해서 만들어진 제품 인 만큼 더 튼튼하고 실용성을 준비 중입니다.\r\n서포터님들의 댓글과 사용 후기를 통해서 보완 및 수정 하려고 합니다.','서포님들에게 코로나로 인한 안전 거래로 택배로 진행 예정이고 \r\nSNS를 통해서 홍보를 더 하려 합니다.',1,'<table style=\"width:100%\">\r\n	<tbody>\r\n		<tr>\r\n			<th style=\"width:10%\">항목</th>\r\n			<th style=\"width:25%\">부연설명</th>\r\n			<th style=\"width:45%\">직접 작성</th>\r\n		</tr>\r\n		<tr>\r\n			<th>제품소재</th>\r\n			<td>섬유의 조성 또는 혼용률을 백분율로 입력/기능성인 경우 성적서 또는 허가서 내용 입력</td>\r\n			<td>면 51% 폴리 46% 스판 3%</td>\r\n		</tr>\r\n		<tr>\r\n			<th>색상</th>\r\n			<td>색상이 분명하지 않은 경우: 상세이미지 참조 기재</td>\r\n			<td>아이보리, 베이지, 블루, 네이비, 블랙</td>\r\n		</tr>\r\n		<tr>\r\n			<th>치수</th>\r\n			<td>옵션값을 모두 표시하고 S/M/L 또는 CM 단위표기</td>\r\n			<td>29, 30, 31, 32, 33, 34, 36, 38</td>\r\n		</tr>\r\n		<tr>\r\n			<th>제조자(수입자)</th>\r\n			<td>제조자: 리워드를 제작하는 업체/ 수입자: 수입신고필증 상 수입업체</td>\r\n			<td>플랫화이트</td>\r\n		</tr>\r\n		<tr>\r\n			<th>제조국</th>\r\n			<td>정식 국가명을 표기</td>\r\n			<td>베트남</td>\r\n		</tr>\r\n		<tr>\r\n			<th>세탁방법 및 취급시 주의사항</th>\r\n			<td>세탁방법과 취급 시 주의사항을 모두 표기</td>\r\n			<td>물세탁 or 드라이크리닝</td>\r\n		</tr>\r\n		<tr>\r\n			<th>제조연월</th>\r\n			<td>제조년도와 제조월을 모두 표기</td>\r\n			<td>2020, 4-12월</td>\r\n		</tr>\r\n		<tr>\r\n			<th>품질보증기준</th>\r\n			<td>예) 관련법 및 소비자분쟁해결 기준에 따름</td>\r\n			<td>관련법 및 소비자분쟁해결 기준에 따름</td>\r\n		</tr>\r\n		<tr>\r\n			<th>A/S 책임자와 전화번호</th>\r\n			<td>담당자 이름 표기가 어려울 경우, 업체명 입력</td>\r\n			<td>210, 031-8027-3805</td>\r\n		</tr>\r\n	</tbody>\r\n</table>\r\n','인증서3.jpg','7sw9aTB89aCsp2qQZGdui5D6Vc9MEHcb.jpg','/hongimages/mypageOneImg/',1,'1',1,'2020-06-04 16:34:59'),(27,1,0,'','서포터님들의 건강한 미래를 위해서 만들어진 제품 인 만큼 더 튼튼하고 실용성을 준비 중입니다.\r\n서포터님들의 댓글과 사용 후기를 통해서 보완 및 수정 하려고 합니다.','서포님들에게 코로나로 인한 안전 거래로 택배로 진행 예정이고 \r\nSNS를 통해서 홍보를 더 하려 합니다.\r\n',10,'<table style=\"width:100%\">\r\n	<tbody>\r\n		<tr>\r\n			<th style=\"width:10%\">항목</th>\r\n			<th style=\"width:25%\">부연설명</th>\r\n			<th style=\"width:45%\">직접 작성</th>\r\n		</tr>\r\n		<tr>\r\n			<th>포장 단위별용량(중량),수량, 크기</th>\r\n			<td>1) 중량, 수량, 크기 함께 표기 2) 식품의 특성상 낱개 수량 기재가 어려운 경우, 기본 낱개 수량 정보를 기재3) 식품의 특성상 제품의 크기를 가로/세로/높이로 표기하기 어려운 경우, 가로 길이만 기재</td>\r\n			<td>맥주의 바다 스타일맵 , 맥주의 바다 후원 인증 뱃지</td>\r\n		</tr>\r\n		<tr>\r\n			<th>생산자</th>\r\n			<td>수입품인 경우, 수입자를 함께 표기</td>\r\n			<td>(주) 커스트리</td>\r\n		</tr>\r\n		<tr>\r\n			<th>원산지</th>\r\n			<td>농수산물의 원산지 표시에 관한 법률에 따른 원산지 표기</td>\r\n			<td>&nbsp;</td>\r\n		</tr>\r\n		<tr>\r\n			<th>제조연월일(포장일 또는 생산연도), 유통기한 또는 품질유지기한</th>\r\n			<td>1) 보유하고 있는 동일 제품의 제조연월, 제조연월일, 유통기한, 사용기한, 품질유지기한 중 가장 빠른 날짜 표시2)제품의 특성상 제조연월일을 제공하기 어려운 경우, 구체적인 사유 및 소비자 확인 방법 표시</td>\r\n			<td>해당 사항 없음</td>\r\n		</tr>\r\n		<tr>\r\n			<th>상품 구성</th>\r\n			<td>상품 구성 사항 상세 기재</td>\r\n			<td>&nbsp;</td>\r\n		</tr>\r\n		<tr>\r\n			<th>보관방법 또는 취급방법</th>\r\n			<td>보관방법 또는 취급방법을 상세히 기재</td>\r\n			<td>&nbsp;</td>\r\n		</tr>\r\n		<tr>\r\n			<th>소비자상담 관련 전화번호</th>\r\n			<td>담당자 이름 표기가 어려울 경우, 업체명 입력</td>\r\n			<td>070-7672-741</td>\r\n		</tr>\r\n	</tbody>\r\n</table>\r\n','인증서2.jpg','yjGc8eo1tQK7Jo2qHntIy6LWNZKaBFVa.jpg','/hongimages/mypageOneImg/',1,'1',1,'2020-06-04 17:03:18'),(28,1,0,'','서포터님들의 건강한 미래를 위해서 만들어진 제품 인 만큼 더 튼튼하고 실용성을 준비 중입니다.\r\n서포터님들의 댓글과 사용 후기를 통해서 보완 및 수정 하려고 합니다.','서포님들에게 코로나로 인한 안전 거래로 택배로 진행 예정이고 \r\nSNS를 통해서 홍보를 더 하려 합니다.\r\n',7,'<table style=\"width:100%\">\r\n	<tbody>\r\n		<tr>\r\n			<th style=\"width:10%\">항목</th>\r\n			<th style=\"width:25%\">부연설명</th>\r\n			<th style=\"width:45%\">직접 작성</th>\r\n		</tr>\r\n		<tr>\r\n			<th>품명 및 모델명</th>\r\n			<td>제품의 종류 및 모델명을 모두 기재</td>\r\n			<td>홈지오 당질저감 멀티밥솥 TOS-002</td>\r\n		</tr>\r\n		<tr>\r\n			<th>재질</th>\r\n			<td>재질의 정보를 표기</td>\r\n			<td>&nbsp;</td>\r\n		</tr>\r\n		<tr>\r\n			<th>구성품</th>\r\n			<td>판매 제품의 구성품명과 구성 수량을 모두 기재</td>\r\n			<td>&nbsp;</td>\r\n		</tr>\r\n		<tr>\r\n			<th>크기</th>\r\n			<td>가로, 세로, 높이 등 제품 정보 입력</td>\r\n			<td>비효율등급<br />\r\n			2등급</td>\r\n		</tr>\r\n		<tr>\r\n			<th>동일 모델의출시년월</th>\r\n			<td>제품의 종류 및 모델명을 모두 기재</td>\r\n			<td>&nbsp;</td>\r\n		</tr>\r\n		<tr>\r\n			<th>제조자 (수입자)</th>\r\n			<td>-제조자: 리워드를 제작하는 업체 -수입자: 수입신고필증 상 수입업체</td>\r\n			<td>220V, 60HZ, 400W</td>\r\n		</tr>\r\n		<tr>\r\n			<th>제조국</th>\r\n			<td>정식 국가명을 표기</td>\r\n			<td>중국</td>\r\n		</tr>\r\n		<tr>\r\n			<th>식품위생법에 따른 수입 기구・용기의 경우 &quot;식품위생법에 따른 수입신고를 필함&quot;의 문구</th>\r\n			<td>수입품인 경우, &quot;식품위생법에 따른 수입신고를 필함&quot; 입력</td>\r\n			<td>&nbsp;</td>\r\n		</tr>\r\n		<tr>\r\n			<th>품질보증기준</th>\r\n			<td>예) 관련법 및 소비자분쟁해결 기준에 따름</td>\r\n			<td>관련법 및 소비자분쟁해결 기준에 따름</td>\r\n		</tr>\r\n		<tr>\r\n			<th>A/S 책임자와 전화번호</th>\r\n			<td>담당자 이름 표기가 어려울 경우, 업체명 입력</td>\r\n			<td>김성준대리 02-6293-9865</td>\r\n		</tr>\r\n	</tbody>\r\n</table>\r\n','인증서.jpg','vUjdY9zvaMxmAtVblO9IqDBvOm79BeaQ.jpg','/hongimages/mypageOneImg/',1,'1',1,'2020-06-04 17:14:59'),(29,1,0,'','서포터님들의 건강한 미래를 위해서 만들어진 제품 인 만큼 더 튼튼하고 실용성을 준비 중입니다.\r\n서포터님들의 댓글과 사용 후기를 통해서 보완 및 수정 하려고 합니다.','서포님들에게 코로나로 인한 안전 거래로 택배로 진행 예정이고 \r\nSNS를 통해서 홍보를 더 하려 합니다.\r\n',4,'<table style=\"width:100%\">\r\n	<tbody>\r\n		<tr>\r\n			<th style=\"width:10%\">항목</th>\r\n			<th style=\"width:25%\">부연설명</th>\r\n			<th style=\"width:45%\">직접 작성</th>\r\n		</tr>\r\n		<tr>\r\n			<th>종류</th>\r\n			<td>패션잡화의 종류를 표기</td>\r\n			<td>타월</td>\r\n		</tr>\r\n		<tr>\r\n			<th>소재</th>\r\n			<td>제품에 사용된 소재 정보를 기재</td>\r\n			<td>오가닉 코튼, 새니타이즈</td>\r\n		</tr>\r\n		<tr>\r\n			<th>치수</th>\r\n			<td>가로, 세로, 높이 등 제품 정보 입력</td>\r\n			<td>40 x 46cm</td>\r\n		</tr>\r\n		<tr>\r\n			<th>제조자(수입자)</th>\r\n			<td>제조자: 리워드를 제작하는 업체 수입자: 수입신고필증 상 수입업체</td>\r\n			<td>(주)더뉴히어로즈</td>\r\n		</tr>\r\n		<tr>\r\n			<th>제조국</th>\r\n			<td>정식 국가명을 표기</td>\r\n			<td>한국</td>\r\n		</tr>\r\n		<tr>\r\n			<th>취급 시 주의사항</th>\r\n			<td>제품에 부착되어 있는 TAG 참고</td>\r\n			<td>40도 이하의 미온수로 울코스 단독세탁을 추천해 드리며, 섬유 유연제는 섬유의 마찰력을 감소시켜 흡수력을 떨어뜨리고 섬유 자체를 약하게 만들기 때문에 천연 살균제인 식초를 반 컵 정도 넣고 세탁하는 것을 추천해드립니다. 그리고 기계 건조할 경우 수축될 수 있기 때문에 자연풍 건조를 추천합니다.</td>\r\n		</tr>\r\n		<tr>\r\n			<th>품질보증기준</th>\r\n			<td>예) 관련법 및 소비자분쟁해결 기준에 따름</td>\r\n			<td>관련법 및 소비자분쟁해결 기준에 따름</td>\r\n		</tr>\r\n		<tr>\r\n			<th>A/S 책임자와 전화번호</th>\r\n			<td>담당자 이름 표기가 어려울 경우, 업체명 입력</td>\r\n			<td>실버라이닝 / 070-4336-0785</td>\r\n		</tr>\r\n	</tbody>\r\n</table>\r\n','인증서.jpg','tYU4D7SPtV7M309wh3kVYXK9PaDtZ8S3.jpg','/hongimages/mypageOneImg/',1,'1',1,'2020-06-04 17:27:43'),(30,1,0,'','서포터님들의 건강한 미래를 위해서 만들어진 제품 인 만큼 더 튼튼하고 실용성을 준비 중입니다.\r\n서포터님들의 댓글과 사용 후기를 통해서 보완 및 수정 하려고 합니다.','서포님들에게 코로나로 인한 안전 거래로 택배로 진행 예정이고 \r\nSNS를 통해서 홍보를 더 하려 합니다.',8,'<table style=\"width:100%\">\r\n	<tbody>\r\n		<tr>\r\n			<th style=\"width:10%\">항목</th>\r\n			<th style=\"width:25%\">부연설명</th>\r\n			<th style=\"width:45%\">직접 작성</th>\r\n		</tr>\r\n		<tr>\r\n			<th>용량 또는 중량</th>\r\n			<td>ml 혹은 g 등의 단위를 사용</td>\r\n			<td>80ml</td>\r\n		</tr>\r\n		<tr>\r\n			<th>제품주요 사양</th>\r\n			<td>피부타입, 색상(호,번) 등</td>\r\n			<td>모든피부</td>\r\n		</tr>\r\n		<tr>\r\n			<th>사용기한 또는 개봉 후 사용기간</th>\r\n			<td>개봉 후 사용기간을 기재할 경우에는 제조연월일도 입력</td>\r\n			<td>2023.03.31</td>\r\n		</tr>\r\n		<tr>\r\n			<th>사용방법</th>\r\n			<td>주요 사용방법을 기재</td>\r\n			<td>토너로 얼굴을 정돈해주고, 적당량을 얼굴에 도포하여 흡수가 될 때까지 발라줍니다.</td>\r\n		</tr>\r\n		<tr>\r\n			<th>제조업자 및 제조판매업자</th>\r\n			<td>제조업자와 제조판매업자가 각각의 업체명을 입력</td>\r\n			<td>프로필미코리아</td>\r\n		</tr>\r\n		<tr>\r\n			<th>제조국</th>\r\n			<td>정식 국가명을 표기</td>\r\n			<td>대한민국</td>\r\n		</tr>\r\n		<tr>\r\n			<th>화장품법에 따라 기재・표시하여야 하는 모든 성품</th>\r\n			<td>1) 실제 리워드에 표시되어 있는 &quot;성분표시&quot; 사항을 전체 기재 2) 성분 표시 영역에 모든 성분을 표시하는 것이 불가능할 경우 &quot;상세페이지 참조&quot;라고 표시한 뒤에 실제 제품 성분을 상세페이지 내에 모두 기재</td>\r\n			<td>정제수, 부틸렌글라이콜, 카프릴릭/카프릭트라이글리세라이드, 글리세린, 병풀추출물, 마데카소사이드, 나이아신아마이드, 캐모마일꽃추출물, 동백나무꽃추출물, 소듐하이알루로네이트, 스쿠알란, 세라마이드엔피, 알란토인, 호호바씨오일, 1,2-헥산다이올, 할미꽃추출물, 초피나무열매추출물, 토코페롤, 판테놀, 약모밀추출물, 우스니아추출물, 하이알루로닉애씨드, 카보머, 세틸에틸헥사노에이트</td>\r\n		</tr>\r\n		<tr>\r\n			<th>기능성 화장품의 경우 화장품법에 따른 식품의약품안전처 심사 필 유무</th>\r\n			<td>1) 기능성 화장품인 경우 -식약처 심사 필 유무 표시 -미백/주름개선/자외선차단 등 표시 2) 기능성 화장품이 아닌 경우 &quot;해당 사항 없음&quot;으로 표시</td>\r\n			<td>해당사항 없음</td>\r\n		</tr>\r\n		<tr>\r\n			<th>사용할 때 주의사항</th>\r\n			<td>사용시 주의사항을 구체적으로 표시</td>\r\n			<td>1) 화장품 사용 시 또는 사용 후 사용부위가 붉은 반점, 부어오름 또는 가려움증 등의 이상 증상이나 부작용이 있는 경우 전문의 등과 상담할 것. 2) 상처가 있는 부위 등에는 사용을 자제할 것.</td>\r\n		</tr>\r\n		<tr>\r\n			<th>품질보증기준</th>\r\n			<td>예) 관련법 및 소비자분쟁해결 기준에 따름</td>\r\n			<td>관련법 및 소비자분쟁해결 기준에 따름</td>\r\n		</tr>\r\n		<tr>\r\n			<th>소비자상담 관련 전화번호</th>\r\n			<td>담당자 이름 표기가 어려울 경우, 업체명 입력</td>\r\n			<td>02-6959-2414 수앤지 고객센터</td>\r\n		</tr>\r\n	</tbody>\r\n</table>\r\n','인증서3.jpg','H8mkgaK6AIb78HnnYdAUyXxKHPeQo08f.jpg','/hongimages/mypageOneImg/',1,'1',1,'2020-06-04 17:41:57'),(31,1,0,'','새로운 기능으로 새로운 디자인으로 구성 하였으며 보다 나은 편의성을 위해서서포터님들의 건강한 미래를 위해서 만들어진 제품 \r\n서포터님들의 건강한 미래를 위해서 만들어진 제품 인 만큼 더 튼튼하고 실용성을 준비 중입니다.\r\n서포터님들의 댓글과 사용 후기를 통해서 보완 및 수정 하려고 합니다.\r\n','서포님들에게 코로나로 인한 안전 거래로 택배로 진행 예정이고 \r\nSNS를 통해서 홍보를 더 하려 합니다. 대면 보다는 비대면으로 택배를 하려고 하니 양해 부탁 드립니다.',8,'<table style=\"width:100%\">\r\n	<tbody>\r\n		<tr>\r\n			<th style=\"width:10%\">항목</th>\r\n			<th style=\"width:25%\">부연설명</th>\r\n			<th style=\"width:45%\">직접 작성</th>\r\n		</tr>\r\n		<tr>\r\n			<th>용량 또는 중량</th>\r\n			<td>ml 혹은 g 등의 단위를 사용</td>\r\n			<td>6ml x 5 병</td>\r\n		</tr>\r\n		<tr>\r\n			<th>제품주요 사양</th>\r\n			<td>피부타입, 색상(호,번) 등</td>\r\n			<td>모든피부</td>\r\n		</tr>\r\n		<tr>\r\n			<th>사용기한 또는 개봉 후 사용기간</th>\r\n			<td>개봉 후 사용기간을 기재할 경우에는 제조연월일도 입력</td>\r\n			<td>제조일로부터 24개월</td>\r\n		</tr>\r\n		<tr>\r\n			<th>사용방법</th>\r\n			<td>주요 사용방법을 기재</td>\r\n			<td>본 품을 적당량을 취하여 피부에 골고루 펴 발라줍니다.</td>\r\n		</tr>\r\n		<tr>\r\n			<th>제조업자 및 제조판매업자</th>\r\n			<td>제조업자와 제조판매업자가 각각의 업체명을 입력</td>\r\n			<td>제조업자 : (주)씨맥스코리아 책임판매업자 : (주)에스앤비산업</td>\r\n		</tr>\r\n		<tr>\r\n			<th>제조국</th>\r\n			<td>정식 국가명을 표기</td>\r\n			<td>대한민국</td>\r\n		</tr>\r\n		<tr>\r\n			<th>화장품법에 따라 기재・표시하여야 하는 모든 성품</th>\r\n			<td>1) 실제 리워드에 표시되어 있는 &quot;성분표시&quot; 사항을 전체 기재 2) 성분 표시 영역에 모든 성분을 표시하는 것이 불가능할 경우 &quot;상세페이지 참조&quot;라고 표시한 뒤에 실제 제품 성분을 상세페이지 내에 모두 기재</td>\r\n			<td>코코넛야자수, 에스에이치-올리고펩타이드-1, 알로에베라잎추출물, 다이프로필렌글라이콜, 글리세린, 팔미토일트라이펩타이드-1, 에스에이치-폴리펩타이드-1, 알에이치-올리고펩타이드-2, 아세틸헥사펩타이드-8, 비피다발효여과물, 병풀추출물, 나이아신아마이드, 캐비아추출물, 달팽이점액여과물, 갈락토미세스발효여과물, 1,2-헥산다이올, 효모/겨우살이발효추출물, 락토바실러스/콩발효추출물, 효모/띠뿌리발효추출물, 정제수, 회화나무싹추출물, 홍화추출물, 해당화추출물, 프로방스장미꽃추출물, 접시꽃추출물, 인체지방세포배양액추출물, 인삼캘러스배양추출물, 암모늄아크릴로일다이메틸타우레이트/브이피코폴리머, 프로판다이올, 폴리글리세릴-10라우레이트, 트레할로오스, 할미꽃추출물, 인동덩굴꽃추출물, 알란토인, 아르간커넬오일, 초피나무추출물, 자몽추출물, 로즈힙열매오일, 달맞이꽃오일, 스위트아몬드오일, 아데노신, 소듐하이알루로네이트, 소듐폴리아크릴레이트, 향료, 드럼스틱씨오일, 다이소듐이디티에이</td>\r\n		</tr>\r\n		<tr>\r\n			<th>기능성 화장품의 경우 화장품법에 따른 식품의약품안전처 심사 필 유무</th>\r\n			<td>1) 기능성 화장품인 경우 -식약처 심사 필 유무 표시 -미백/주름개선/자외선차단 등 표시 2) 기능성 화장품이 아닌 경우 &quot;해당 사항 없음&quot;으로 표시</td>\r\n			<td>미백,주름개선 이중기능성화장품</td>\r\n		</tr>\r\n		<tr>\r\n			<th>사용할 때 주의사항</th>\r\n			<td>사용시 주의사항을 구체적으로 표시</td>\r\n			<td>화장품 사용시 또는 사용 후 직사 광선에 의하여 사용 부위가 붉은 반점, 부어오름 또는 가려움증 등의 이상 증상이나 부작용이 있는 경우 전문의 등과 상담할 것 .</td>\r\n		</tr>\r\n		<tr>\r\n			<th>품질보증기준</th>\r\n			<td>예) 관련법 및 소비자분쟁해결 기준에 따름</td>\r\n			<td>관련법 및 소비자분쟁해결 기준에 따름</td>\r\n		</tr>\r\n		<tr>\r\n			<th>소비자상담 관련 전화번호</th>\r\n			<td>담당자 이름 표기가 어려울 경우, 업체명 입력</td>\r\n			<td>02-555-6396 (주)에스앤비산업</td>\r\n		</tr>\r\n	</tbody>\r\n</table>\r\n','인증서2.jpg','UV0Us6apVqBEHdY8xwb10sgYcO2ShOgM.jpg','/hongimages/mypageOneImg/',1,'1',1,'2020-06-04 18:03:02'),(32,1,0,'','새로운 기능으로 새로운 디자인으로 구성 하였으며 보다 나은 편의성을 위해서서포터님들의 건강한 미래를 위해서 만들어진 제품 \r\n서포터님들의 건강한 미래를 위해서 만들어진 제품 인 만큼 더 튼튼하고 실용성을 준비 중입니다.\r\n서포터님들의 댓글과 사용 후기를 통해서 보완 및 수정 하려고 합니다.\r\n','서포님들에게 코로나로 인한 안전 거래로 택배로 진행 예정이고 \r\nSNS를 통해서 홍보를 더 하려 합니다. 대면 보다는 비대면으로 택배를 하려고 하니 양해 부탁 드립니다.\r\n\r\n',6,'<table style=\"width:100%\">\r\n	<tbody>\r\n		<tr>\r\n			<th style=\"width:10%\">항목</th>\r\n			<th style=\"width:25%\">부연설명</th>\r\n			<th style=\"width:45%\">직접 작성</th>\r\n		</tr>\r\n		<tr>\r\n			<th>품명</th>\r\n			<td>가구의 품명을 기입</td>\r\n			<td>헬리오 프레셔 샤워</td>\r\n		</tr>\r\n		<tr>\r\n			<th>KC인증 필유무</th>\r\n			<td>품질경영 및 공산품 안전관리법 상 안전・품질표시 대상 공산품에 한해 인증유무 입력</td>\r\n			<td>상세페이지 참고</td>\r\n		</tr>\r\n		<tr>\r\n			<th>색상</th>\r\n			<td>색상이 분명하지 않은 경우: 상세이미지 참조 기재</td>\r\n			<td>Black / Dark Verglas</td>\r\n		</tr>\r\n		<tr>\r\n			<th>구성품</th>\r\n			<td>가구에 포함되어 있는 구성품 및 구성 수량 모두 표기</td>\r\n			<td>상세페이지 참고</td>\r\n		</tr>\r\n		<tr>\r\n			<th>제조자(수입자)</th>\r\n			<td>-제조자: 리워드를 제작하는 업체 -수입자: 수입신고필증 상 수입업체 (구성품 별 제조자가 다른 경우 각 구성품의 제조자, 수입자를 모두 기입)</td>\r\n			<td>제조자:NEMO equipment / 수입자: (주)엠케이아웃도어</td>\r\n		</tr>\r\n		<tr>\r\n			<th>제조국</th>\r\n			<td>정식 국가명을 표기(구성품 별 제조국이 다른 경우 각 구성품의 제조국)</td>\r\n			<td>대만(Taiwan)</td>\r\n		</tr>\r\n		<tr>\r\n			<th>크기</th>\r\n			<td>가로, 세로, 높이 등 제품 정보 입력</td>\r\n			<td>파우치 수납:14x22cm, 상품:24x42cm, 무게:605g</td>\r\n		</tr>\r\n		<tr>\r\n			<th>배송・설치비용</th>\r\n			<td>서포터가 부담하는 배송비나 설치비용을 기입별도 비용이 발생하지 않을 경우 &quot;해당사항 없음&quot;으로 기재</td>\r\n			<td>상세페이지 참고</td>\r\n		</tr>\r\n		<tr>\r\n			<th>품질보증기준</th>\r\n			<td>예) 관련법 및 소비자분쟁해결 기준에 따름</td>\r\n			<td>관련법 및 소비자분쟁해결 기준에 따름</td>\r\n		</tr>\r\n		<tr>\r\n			<th>A/S 책임자와 전화번호</th>\r\n			<td>전화번호 담당자 이름 표기가 어려울 경우, 업체 명 입력</td>\r\n			<td>(주)엠케이아웃도어 / 02-389-7141</td>\r\n		</tr>\r\n	</tbody>\r\n</table>\r\n','인증서4.jpg','y8CZvZV0I7qJ6pOYfg74XHgOhR68CnM0.jpg','/hongimages/mypageOneImg/',1,'1',1,'2020-06-04 18:13:54'),(33,1,0,'','새로운 기능으로 새로운 디자인으로 구성 하였으며 보다 나은 편의성을 위해서서포터님들의 건강한 미래를 위해서 만들어진 제품 \r\n서포터님들의 건강한 미래를 위해서 만들어진 제품 인 만큼 더 튼튼하고 실용성을 준비 중입니다.\r\n서포터님들의 댓글과 사용 후기를 통해서 보완 및 수정 하려고 합니다.\r\n','서포님들에게 코로나로 인한 안전 거래로 택배로 진행 예정이고 \r\nSNS를 통해서 홍보를 더 하려 합니다. 대면 보다는 비대면으로 택배를 하려고 하니 양해 부탁 드립니다.',6,'<table style=\"width:100%\">\r\n	<tbody>\r\n		<tr>\r\n			<th style=\"width:10%\">항목</th>\r\n			<th style=\"width:25%\">부연설명</th>\r\n			<th style=\"width:45%\">직접 작성</th>\r\n		</tr>\r\n		<tr>\r\n			<th>품명</th>\r\n			<td>가구의 품명을 기입</td>\r\n			<td>AURORA-me</td>\r\n		</tr>\r\n		<tr>\r\n			<th>KC인증 필유무</th>\r\n			<td>품질경영 및 공산품 안전관리법 상 안전・품질표시 대상 공산품에 한해 인증유무 입력</td>\r\n			<td>KC인증번호 : R-R-WXP-AURORA-ME</td>\r\n		</tr>\r\n		<tr>\r\n			<th>색상</th>\r\n			<td>색상이 분명하지 않은 경우: 상세이미지 참조 기재</td>\r\n			<td>AC 100-240V, 50/60 Hz, DC5V, 1A (USB-Type C)</td>\r\n		</tr>\r\n		<tr>\r\n			<th>구성품</th>\r\n			<td>가구에 포함되어 있는 구성품 및 구성 수량 모두 표기</td>\r\n			<td>2020년 5월</td>\r\n		</tr>\r\n		<tr>\r\n			<th>제조자(수입자)</th>\r\n			<td>-제조자: 리워드를 제작하는 업체 -수입자: 수입신고필증 상 수입업체 (구성품 별 제조자가 다른 경우 각 구성품의 제조자, 수입자를 모두 기입)</td>\r\n			<td>(주)위드닉스</td>\r\n		</tr>\r\n		<tr>\r\n			<th>제조국</th>\r\n			<td>정식 국가명을 표기(구성품 별 제조국이 다른 경우 각 구성품의 제조국)</td>\r\n			<td>대한민국</td>\r\n		</tr>\r\n		<tr>\r\n			<th>크기</th>\r\n			<td>가로, 세로, 높이 등 제품 정보 입력</td>\r\n			<td>30.3(W) * 153.8(L) * 51.2(H)mm, 120g</td>\r\n		</tr>\r\n		<tr>\r\n			<th>배송・설치비용</th>\r\n			<td>서포터가 부담하는 배송비나 설치비용을 기입별도 비용이 발생하지 않을 경우 &quot;해당사항 없음&quot;으로 기재</td>\r\n			<td>본체 소재: 알루미늄, PC+ABS / 헤드 소재: 지르코니아</td>\r\n		</tr>\r\n		<tr>\r\n			<th>품질보증기준</th>\r\n			<td>예) 관련법 및 소비자분쟁해결 기준에 따름</td>\r\n			<td>관련법 및 소비자분쟁해결 기준에 따름</td>\r\n		</tr>\r\n		<tr>\r\n			<th>A/S 책임자와 전화번호</th>\r\n			<td>전화번호 담당자 이름 표기가 어려울 경우, 업체 명 입력</td>\r\n			<td>김윤정 (SAY SKIN 고객센터 1661-6987)</td>\r\n		</tr>\r\n	</tbody>\r\n</table>\r\n','인증서3.jpg','99FiHZTHCDlUL5EymmaxBltBVwoen8PG.jpg','/hongimages/mypageOneImg/',1,'1',1,'2020-06-04 18:36:29'),(34,1,0,'','지금은 리워드 준비 단계 마지막 단계인 구현 단계 중입니다. 빠른 시일내로 새로운 제품이 나올 계획입니다.','코로나로 인해서 안전거리를 지키기 위해서 택배는 비대면으로 시행 될 예정입니다. SNS를 통해서 홍보물과 홍보를 계속 할 계획입니다.',1,'<table style=\"width:100%\">\r\n	<tbody>\r\n		<tr>\r\n			<th style=\"width:10%\">항목</th>\r\n			<th style=\"width:25%\">부연설명</th>\r\n			<th style=\"width:45%\">직접 작성</th>\r\n		</tr>\r\n		<tr>\r\n			<th>제품소재</th>\r\n			<td>섬유의 조성 또는 혼용률을 백분율로 입력/기능성인 경우 성적서 또는 허가서 내용 입력</td>\r\n			<td>면 59%, 레이온 39%, 스판 2%</td>\r\n		</tr>\r\n		<tr>\r\n			<th>색상</th>\r\n			<td>색상이 분명하지 않은 경우: 상세이미지 참조 기재</td>\r\n			<td>네이비 / 베이지</td>\r\n		</tr>\r\n		<tr>\r\n			<th>치수</th>\r\n			<td>옵션값을 모두 표시하고 S/M/L 또는 CM 단위표기</td>\r\n			<td>* 남성: Small / Medium / Large * 여성: Small / Medium</td>\r\n		</tr>\r\n		<tr>\r\n			<th>제조자(수입자)</th>\r\n			<td>제조자: 리워드를 제작하는 업체/ 수입자: 수입신고필증 상 수입업체</td>\r\n			<td>제일기획</td>\r\n		</tr>\r\n		<tr>\r\n			<th>제조국</th>\r\n			<td>정식 국가명을 표기</td>\r\n			<td>대한민국</td>\r\n		</tr>\r\n		<tr>\r\n			<th>세탁방법 및 취급시 주의사항</th>\r\n			<td>세탁방법과 취급 시 주의사항을 모두 표기</td>\r\n			<td>미온수로 단독세탁 가능하나 드라이클리닝 권장 (원단 수축현상이 발생할 수 있어 건조기 사용 금지)</td>\r\n		</tr>\r\n		<tr>\r\n			<th>제조연월</th>\r\n			<td>제조년도와 제조월을 모두 표기</td>\r\n			<td>2020년 6월</td>\r\n		</tr>\r\n		<tr>\r\n			<th>품질보증기준</th>\r\n			<td>예) 관련법 및 소비자분쟁해결 기준에 따름</td>\r\n			<td>관련법 및 소비자분쟁해결 기준에 따름</td>\r\n		</tr>\r\n		<tr>\r\n			<th>A/S 책임자와 전화번호</th>\r\n			<td>담당자 이름 표기가 어려울 경우, 업체명 입력</td>\r\n			<td>제삼기획 (1800-5828)</td>\r\n		</tr>\r\n	</tbody>\r\n</table>\r\n','인증서2.jpg','uuznnPquPncoFAC3JmW5Mt0IestKmCUv.jpg','/hongimages/mypageOneImg/',1,'1',1,'2020-06-05 09:23:47'),(35,1,0,'','지금은 리워드 준비 단계 마지막 단계인 구현 단계 중입니다. 빠른 시일내로 새로운 제품이 나올 계획입니다.','코로나로 인해서 안전거리를 지키기 위해서 택배는 비대면으로 시행 될 예정입니다. SNS를 통해서 홍보물과 홍보를 계속 할 계획입니다.',7,'<table style=\"width:100%\">\r\n	<tbody>\r\n		<tr>\r\n			<th style=\"width:10%\">항목</th>\r\n			<th style=\"width:25%\">부연설명</th>\r\n			<th style=\"width:45%\">직접 작성</th>\r\n		</tr>\r\n		<tr>\r\n			<th>품명 및 모델명</th>\r\n			<td>제품의 종류 및 모델명을 모두 기재</td>\r\n			<td>온에어플로어</td>\r\n		</tr>\r\n		<tr>\r\n			<th>재질</th>\r\n			<td>재질의 정보를 표기</td>\r\n			<td>&nbsp;</td>\r\n		</tr>\r\n		<tr>\r\n			<th>구성품</th>\r\n			<td>판매 제품의 구성품명과 구성 수량을 모두 기재</td>\r\n			<td>&nbsp;</td>\r\n		</tr>\r\n		<tr>\r\n			<th>크기</th>\r\n			<td>가로, 세로, 높이 등 제품 정보 입력</td>\r\n			<td>&nbsp;</td>\r\n		</tr>\r\n		<tr>\r\n			<th>동일 모델의출시년월</th>\r\n			<td>제품의 종류 및 모델명을 모두 기재</td>\r\n			<td>&nbsp;</td>\r\n		</tr>\r\n		<tr>\r\n			<th>제조자 (수입자)</th>\r\n			<td>-제조자: 리워드를 제작하는 업체 -수입자: 수입신고필증 상 수입업체</td>\r\n			<td>(주)티티랩</td>\r\n		</tr>\r\n		<tr>\r\n			<th>제조국</th>\r\n			<td>정식 국가명을 표기</td>\r\n			<td>대한민국</td>\r\n		</tr>\r\n		<tr>\r\n			<th>식품위생법에 따른 수입 기구・용기의 경우 &quot;식품위생법에 따른 수입신고를 필함&quot;의 문구</th>\r\n			<td>수입품인 경우, &quot;식품위생법에 따른 수입신고를 필함&quot; 입력</td>\r\n			<td>&nbsp;</td>\r\n		</tr>\r\n		<tr>\r\n			<th>품질보증기준</th>\r\n			<td>예) 관련법 및 소비자분쟁해결 기준에 따름</td>\r\n			<td>안전기준 적합확인 신고번호 : 제 HB19-01-0168 호</td>\r\n		</tr>\r\n		<tr>\r\n			<th>A/S 책임자와 전화번호</th>\r\n			<td>담당자 이름 표기가 어려울 경우, 업체명 입력</td>\r\n			<td>02.6951.2575</td>\r\n		</tr>\r\n	</tbody>\r\n</table>\r\n','인증서.jpg','oWGe7MBgeROA5UWYfcMDdmed835ZMAa3.jpg','/hongimages/mypageOneImg/',1,'1',1,'2020-06-05 09:32:57'),(36,1,0,'','지금은 리워드 준비 단계 마지막 단계인 구현 단계 중입니다. 빠른 시일내로 새로운 제품이 나올 계획입니다.','코로나로 인해서 안전거리를 지키기 위해서 택배는 비대면으로 시행 될 예정입니다. SNS를 통해서 홍보물과 홍보를 계속 할 계획입니다.',7,'<table style=\"width:100%\">\r\n	<tbody>\r\n		<tr>\r\n			<th style=\"width:10%\">항목</th>\r\n			<th style=\"width:25%\">부연설명</th>\r\n			<th style=\"width:45%\">직접 작성</th>\r\n		</tr>\r\n		<tr>\r\n			<th>품명 및 모델명</th>\r\n			<td>제품의 종류 및 모델명을 모두 기재</td>\r\n			<td>방탄주방</td>\r\n		</tr>\r\n		<tr>\r\n			<th>재질</th>\r\n			<td>재질의 정보를 표기</td>\r\n			<td>&nbsp;</td>\r\n		</tr>\r\n		<tr>\r\n			<th>구성품</th>\r\n			<td>판매 제품의 구성품명과 구성 수량을 모두 기재</td>\r\n			<td>&nbsp;</td>\r\n		</tr>\r\n		<tr>\r\n			<th>크기</th>\r\n			<td>가로, 세로, 높이 등 제품 정보 입력</td>\r\n			<td>&nbsp;</td>\r\n		</tr>\r\n		<tr>\r\n			<th>동일 모델의출시년월</th>\r\n			<td>제품의 종류 및 모델명을 모두 기재</td>\r\n			<td>&nbsp;</td>\r\n		</tr>\r\n		<tr>\r\n			<th>제조자 (수입자)</th>\r\n			<td>-제조자: 리워드를 제작하는 업체 -수입자: 수입신고필증 상 수입업체</td>\r\n			<td>방탄주방</td>\r\n		</tr>\r\n		<tr>\r\n			<th>제조국</th>\r\n			<td>정식 국가명을 표기</td>\r\n			<td>한국</td>\r\n		</tr>\r\n		<tr>\r\n			<th>식품위생법에 따른 수입 기구・용기의 경우 &quot;식품위생법에 따른 수입신고를 필함&quot;의 문구</th>\r\n			<td>수입품인 경우, &quot;식품위생법에 따른 수입신고를 필함&quot; 입력</td>\r\n			<td>&nbsp;</td>\r\n		</tr>\r\n		<tr>\r\n			<th>품질보증기준</th>\r\n			<td>예) 관련법 및 소비자분쟁해결 기준에 따름</td>\r\n			<td>&nbsp;</td>\r\n		</tr>\r\n		<tr>\r\n			<th>A/S 책임자와 전화번호</th>\r\n			<td>담당자 이름 표기가 어려울 경우, 업체명 입력</td>\r\n			<td>방탄주방 070-8757-7330</td>\r\n		</tr>\r\n	</tbody>\r\n</table>\r\n','인증서2.jpg','xzrDFYrkewpy0x42t2BVanV4hoqJ758L.jpg','/hongimages/mypageOneImg/',1,'1',1,'2020-06-05 10:05:37'),(37,1,0,NULL,',지금은 리워드 준비 단계 마지막 단계인 구현 단계 중입니다. 빠른 시일내로 새로운 제품이 나올 계획입니다.감사합니다\r\n\r\n','코로나로 인해서 안전거리를 지키기 위해서 택배는 비대면으로 시행 될 예정입니다. SNS를 통해서 홍보물과 홍보를 계속 할 계획입니다.',1,'<table style=\"width:100%\">\r\n	<tbody>\r\n		<tr>\r\n			<th style=\"width:10%\">항목</th>\r\n			<th style=\"width:25%\">부연설명</th>\r\n			<th style=\"width:45%\">직접 작성</th>\r\n		</tr>\r\n		<tr>\r\n			<th>용량 또는 중량</th>\r\n			<td>ml 혹은 g 등의 단위를 사용</td>\r\n			<td>15G</td>\r\n		</tr>\r\n		<tr>\r\n			<th>제품주요 사양</th>\r\n			<td>피부타입, 색상(호,번) 등</td>\r\n			<td>모든피부타임</td>\r\n		</tr>\r\n		<tr>\r\n			<th>사용기한 또는 개봉 후 사용기간</th>\r\n			<td>개봉 후 사용기간을 기재할 경우에는 제조연월일도 입력</td>\r\n			<td>제조일로부터 3년</td>\r\n		</tr>\r\n		<tr>\r\n			<th>사용방법</th>\r\n			<td>주요 사용방법을 기재</td>\r\n			<td>1.손가락또는 면봉으로 소량을 뭍혀 콧망울, 코아래,목주위등에 소량 발라주세요.2단계. 코안쪽에 살짝 발주시면 좀더 시원하고 상쾌한 기분을 느낄 수 있습니다.</td>\r\n		</tr>\r\n		<tr>\r\n			<th>제조업자 및 제조판매업자</th>\r\n			<td>제조업자와 제조판매업자가 각각의 업체명을 입력</td>\r\n			<td>(주)쵸이스코스메틱</td>\r\n		</tr>\r\n		<tr>\r\n			<th>제조국</th>\r\n			<td>정식 국가명을 표기</td>\r\n			<td>대한민국</td>\r\n		</tr>\r\n		<tr>\r\n			<th>화장품법에 따라 기재・표시하여야 하는 모든 성품</th>\r\n			<td>1) 실제 리워드에 표시되어 있는 &quot;성분표시&quot; 사항을 전체 기재 2) 성분 표시 영역에 모든 성분을 표시하는 것이 불가능할 경우 &quot;상세페이지 참조&quot;라고 표시한 뒤에 실제 제품 성분을 상세페이지 내에 모두 기재</td>\r\n			<td>시어버터, 비즈왁스, 해바라기씨오일, 올리브오일, 멘톨, 에틸헥실팔미테이트, 카프릴릭/카프릭트라이글리세라이드, 솔비탄세스퀴올리에이트, 유칼립투스잎오일, 티트리잎오일, 리모넨, 유제놀, 리날룰</td>\r\n		</tr>\r\n		<tr>\r\n			<th>기능성 화장품의 경우 화장품법에 따른 식품의약품안전처 심사 필 유무</th>\r\n			<td>1) 기능성 화장품인 경우 -식약처 심사 필 유무 표시 -미백/주름개선/자외선차단 등 표시 2) 기능성 화장품이 아닌 경우 &quot;해당 사항 없음&quot;으로 표시</td>\r\n			<td>해당사항없음</td>\r\n		</tr>\r\n		<tr>\r\n			<th>사용할 때 주의사항</th>\r\n			<td>사용시 주의사항을 구체적으로 표시</td>\r\n			<td>1)화장품 사용 시 또는 사용 후 직사 광선에 의하여 사용 부위가 붉은 반점, 부어오름 또는 가려움증 등의 이상 증상이나 부작용이 있는 경우 전문의 등과 상담하세요.2)상처가 있는 부위 등에는 사용을 자제하세요.3)어린이 손이 닾지 않는 곳에 보관하세요. 4)직사광선을 피해서 보관하세요.</td>\r\n		</tr>\r\n		<tr>\r\n			<th>품질보증기준</th>\r\n			<td>예) 관련법 및 소비자분쟁해결 기준에 따름</td>\r\n			<td>관련법 및 소비자분쟁해결 기준에 따름</td>\r\n		</tr>\r\n		<tr>\r\n			<th>소비자상담 관련 전화번호</th>\r\n			<td>담당자 이름 표기가 어려울 경우, 업체명 입력</td>\r\n			<td>패밀리그라운드/070-4135-1798</td>\r\n		</tr>\r\n	</tbody>\r\n</table>\r\n',NULL,NULL,NULL,1,'1',1,'2020-06-05 10:18:03'),(38,1,0,NULL,',,지금은 리워드 준비 단계 마지막 단계인 구현 단계 중입니다. 빠른 시일내로 새로운 제품이 나올 계획입니다.\r\n새소식을 확인하여 주세요. 홍보 중입니다.\r\n','코로나로 인해서 안전거리를 지키기 위해서 택배는 비대면으로 시행 될 예정입니다. SNS를 통해서 홍보물과 홍보를 계속 할 계획입니다.\r\n',1,'<table style=\"width:100%\">\r\n	<tbody>\r\n		<tr>\r\n			<th style=\"width:10%\">항목</th>\r\n			<th style=\"width:25%\">부연설명</th>\r\n			<th style=\"width:45%\">직접 작성</th>\r\n		</tr>\r\n		<tr>\r\n			<th>종류</th>\r\n			<td>패션잡화의 종류를 표기</td>\r\n			<td>양말</td>\r\n		</tr>\r\n		<tr>\r\n			<th>소재</th>\r\n			<td>제품에 사용된 소재 정보를 기재</td>\r\n			<td>면,폴리우레탄,폴리에스터</td>\r\n		</tr>\r\n		<tr>\r\n			<th>치수</th>\r\n			<td>가로, 세로, 높이 등 제품 정보 입력</td>\r\n			<td>S:24cm/M:26cm</td>\r\n		</tr>\r\n		<tr>\r\n			<th>제조자(수입자)</th>\r\n			<td>제조자: 리워드를 제작하는 업체 수입자: 수입신고필증 상 수입업체</td>\r\n			<td>(주)실버텍스</td>\r\n		</tr>\r\n		<tr>\r\n			<th>제조국</th>\r\n			<td>정식 국가명을 표기</td>\r\n			<td>베트남</td>\r\n		</tr>\r\n		<tr>\r\n			<th>취급 시 주의사항</th>\r\n			<td>제품에 부착되어 있는 TAG 참고</td>\r\n			<td>세제는 중성세제를 사요하시고 락스 등의 표백제는 사용을 금합니다. 세탁시 반드시 뒤집어서 세탁하세요.</td>\r\n		</tr>\r\n		<tr>\r\n			<th>품질보증기준</th>\r\n			<td>예) 관련법 및 소비자분쟁해결 기준에 따름</td>\r\n			<td>관련법 및 소비자 분쟁 해결 기준에 따름</td>\r\n		</tr>\r\n		<tr>\r\n			<th>A/S 책임자와 전화번호</th>\r\n			<td>담당자 이름 표기가 어려울 경우, 업체명 입력</td>\r\n			<td>(주)실버텍스/1833-2824</td>\r\n		</tr>\r\n	</tbody>\r\n</table>\r\n',NULL,NULL,NULL,1,'1',1,'2020-06-05 10:34:38');
/*!40000 ALTER TABLE `tb_audit` ENABLE KEYS */;
UNLOCK TABLES;

--
-- Table structure for table `tb_board`
--

DROP TABLE IF EXISTS `tb_board`;
/*!40101 SET @saved_cs_client     = @@character_set_client */;
/*!50503 SET character_set_client = utf8mb4 */;
CREATE TABLE `tb_board` (
  `id` int(10) unsigned NOT NULL AUTO_INCREMENT,
  `member_id` int(10) unsigned NOT NULL DEFAULT '0',
  `boardCode` varchar(20) NOT NULL COMMENT ' (,  )',
  `boardName` varchar(50) NOT NULL COMMENT '(  ',
  `boardColor` varchar(20) NOT NULL,
  `boardListTemplate` varchar(100) NOT NULL COMMENT '  (jsp)',
  `boardContentTemplate` varchar(100) NOT NULL COMMENT '  (jsp)',
  `reg_date` datetime NOT NULL DEFAULT CURRENT_TIMESTAMP,
  PRIMARY KEY (`id`)
) ENGINE=InnoDB AUTO_INCREMENT=10 DEFAULT CHARSET=utf8;
/*!40101 SET character_set_client = @saved_cs_client */;

--
-- Dumping data for table `tb_board`
--

LOCK TABLES `tb_board` WRITE;
/*!40000 ALTER TABLE `tb_board` DISABLE KEYS */;
INSERT INTO `tb_board` VALUES (7,1,'notice','공지사항','#5D1049','listTemplate.jsp','stanContentTemplate.jsp','2020-05-27 14:30:48'),(8,1,'event','이벤트','#5D1049','photoTemplate.jsp','stanContentTemplate.jsp','2020-05-27 14:31:09'),(9,1,'news','언론보도','#2962FF','photoTemplate.jsp','stanContentTemplate.jsp','2020-05-29 14:07:13');
/*!40000 ALTER TABLE `tb_board` ENABLE KEYS */;
UNLOCK TABLES;

--
-- Table structure for table `tb_category`
--

DROP TABLE IF EXISTS `tb_category`;
/*!40101 SET @saved_cs_client     = @@character_set_client */;
/*!50503 SET character_set_client = utf8mb4 */;
CREATE TABLE `tb_category` (
  `id` int(10) unsigned NOT NULL AUTO_INCREMENT COMMENT '일련번호',
  `parent_id` int(10) unsigned NOT NULL DEFAULT '0' COMMENT '카테고리그룹(부모요소)',
  `dept` int(11) NOT NULL DEFAULT '1' COMMENT '카테고리 깊이',
  `title` varchar(30) NOT NULL COMMENT '카테고리이름',
  `cate_img` varchar(100) NOT NULL COMMENT '카테고리 이미지',
  `reg_date` datetime NOT NULL DEFAULT CURRENT_TIMESTAMP COMMENT '등록일자',
  PRIMARY KEY (`id`)
) ENGINE=InnoDB AUTO_INCREMENT=21 DEFAULT CHARSET=utf8mb4 COLLATE=utf8mb4_0900_ai_ci;
/*!40101 SET character_set_client = @saved_cs_client */;

--
-- Dumping data for table `tb_category`
--

LOCK TABLES `tb_category` WRITE;
/*!40000 ALTER TABLE `tb_category` DISABLE KEYS */;
INSERT INTO `tb_category` VALUES (4,0,1,'테크ㆍ가전','/upload/2020/1590999648421582.jpg','2020-06-01 17:20:48'),(5,0,1,'패션ㆍ잡화','/upload/2020/1590999672846163.jpg','2020-06-01 17:21:12'),(6,0,1,'뷰티','/upload/2020/1590999682918739.jpg','2020-06-01 17:21:22'),(7,0,1,'푸드','/upload/2020/1590999691685441.jpg','2020-06-01 17:21:31'),(8,0,1,'홈리빙','/upload/2020/1590999699316634.jpg','2020-06-01 17:21:39'),(9,0,1,'디자인소품','/upload/2020/1590999707389877.jpg','2020-06-01 17:21:47'),(10,0,1,'여행·레저','/upload/2020/1590999718901589.jpg','2020-06-01 17:21:58'),(11,0,1,'스포츠·모빌리티','/upload/2020/159099973062117.jpg','2020-06-01 17:22:10'),(12,0,1,'반려동물','/upload/2020/1590999739430767.jpg','2020-06-01 17:22:19'),(13,0,1,'모임','/upload/2020/1590999748910942.jpg','2020-06-01 17:22:28'),(14,0,1,'공연·컬쳐','/upload/2020/1590999763255672.jpg','2020-06-01 17:22:43'),(15,0,1,'소셜·캠페인','/upload/2020/1590999779889441.jpg','2020-06-01 17:22:59'),(16,0,1,'교육·키즈','/upload/2020/159099978867165.jpg','2020-06-01 17:23:08'),(17,0,1,'게임·취미','/upload/2020/159099979579741.jpg','2020-06-01 17:23:15'),(18,0,1,'출판','/upload/2020/1590999803228151.jpg','2020-06-01 17:23:23'),(19,0,1,'기부·후원','/upload/2020/1590999817060964.jpg','2020-06-01 17:23:37');
/*!40000 ALTER TABLE `tb_category` ENABLE KEYS */;
UNLOCK TABLES;

--
-- Table structure for table `tb_comment_boardcode`
--

DROP TABLE IF EXISTS `tb_comment_boardcode`;
/*!40101 SET @saved_cs_client     = @@character_set_client */;
/*!50503 SET character_set_client = utf8mb4 */;
CREATE TABLE `tb_comment_boardcode` (
  `id` int(10) unsigned NOT NULL AUTO_INCREMENT,
  `member_id` int(10) unsigned NOT NULL DEFAULT '0',
  `article_id` int(10) unsigned NOT NULL DEFAULT '0' COMMENT ' ',
  `writer` varchar(20) NOT NULL,
  `content` text NOT NULL,
  `reg_date` datetime NOT NULL DEFAULT CURRENT_TIMESTAMP,
  PRIMARY KEY (`id`)
) ENGINE=InnoDB DEFAULT CHARSET=utf8;
/*!40101 SET character_set_client = @saved_cs_client */;

--
-- Dumping data for table `tb_comment_boardcode`
--

LOCK TABLES `tb_comment_boardcode` WRITE;
/*!40000 ALTER TABLE `tb_comment_boardcode` DISABLE KEYS */;
/*!40000 ALTER TABLE `tb_comment_boardcode` ENABLE KEYS */;
UNLOCK TABLES;

--
-- Table structure for table `tb_comment_event`
--

DROP TABLE IF EXISTS `tb_comment_event`;
/*!40101 SET @saved_cs_client     = @@character_set_client */;
/*!50503 SET character_set_client = utf8mb4 */;
CREATE TABLE `tb_comment_event` (
  `id` int(10) unsigned NOT NULL AUTO_INCREMENT,
  `aid` int(10) unsigned NOT NULL COMMENT '게시판 아이디',
  `comment` text,
  `member_id` int(10) unsigned NOT NULL COMMENT '작성자 일련번호',
  `reg_date` datetime DEFAULT CURRENT_TIMESTAMP,
  PRIMARY KEY (`id`)
) ENGINE=InnoDB DEFAULT CHARSET=utf8mb4 COLLATE=utf8mb4_0900_ai_ci;
/*!40101 SET character_set_client = @saved_cs_client */;

--
-- Dumping data for table `tb_comment_event`
--

LOCK TABLES `tb_comment_event` WRITE;
/*!40000 ALTER TABLE `tb_comment_event` DISABLE KEYS */;
/*!40000 ALTER TABLE `tb_comment_event` ENABLE KEYS */;
UNLOCK TABLES;

--
-- Table structure for table `tb_comment_news`
--

DROP TABLE IF EXISTS `tb_comment_news`;
/*!40101 SET @saved_cs_client     = @@character_set_client */;
/*!50503 SET character_set_client = utf8mb4 */;
CREATE TABLE `tb_comment_news` (
  `id` int(10) unsigned NOT NULL AUTO_INCREMENT,
  `aid` int(10) unsigned NOT NULL COMMENT '게시판 아이디',
  `comment` text,
  `member_id` int(10) unsigned NOT NULL COMMENT '작성자 일련번호',
  `reg_date` datetime DEFAULT CURRENT_TIMESTAMP,
  PRIMARY KEY (`id`)
) ENGINE=InnoDB DEFAULT CHARSET=utf8mb4 COLLATE=utf8mb4_0900_ai_ci;
/*!40101 SET character_set_client = @saved_cs_client */;

--
-- Dumping data for table `tb_comment_news`
--

LOCK TABLES `tb_comment_news` WRITE;
/*!40000 ALTER TABLE `tb_comment_news` DISABLE KEYS */;
/*!40000 ALTER TABLE `tb_comment_news` ENABLE KEYS */;
UNLOCK TABLES;

--
-- Table structure for table `tb_comment_notice`
--

DROP TABLE IF EXISTS `tb_comment_notice`;
/*!40101 SET @saved_cs_client     = @@character_set_client */;
/*!50503 SET character_set_client = utf8mb4 */;
CREATE TABLE `tb_comment_notice` (
  `id` int(10) unsigned NOT NULL AUTO_INCREMENT,
  `aid` int(10) unsigned NOT NULL COMMENT '게시판 아이디',
  `comment` text,
  `member_id` int(10) unsigned NOT NULL COMMENT '작성자 일련번호',
  `reg_date` datetime DEFAULT CURRENT_TIMESTAMP,
  PRIMARY KEY (`id`)
) ENGINE=InnoDB DEFAULT CHARSET=utf8mb4 COLLATE=utf8mb4_0900_ai_ci;
/*!40101 SET character_set_client = @saved_cs_client */;

--
-- Dumping data for table `tb_comment_notice`
--

LOCK TABLES `tb_comment_notice` WRITE;
/*!40000 ALTER TABLE `tb_comment_notice` DISABLE KEYS */;
/*!40000 ALTER TABLE `tb_comment_notice` ENABLE KEYS */;
UNLOCK TABLES;

--
-- Table structure for table `tb_mail`
--

DROP TABLE IF EXISTS `tb_mail`;
/*!40101 SET @saved_cs_client     = @@character_set_client */;
/*!50503 SET character_set_client = utf8mb4 */;
CREATE TABLE `tb_mail` (
  `id` int(10) unsigned NOT NULL AUTO_INCREMENT COMMENT '일련번호',
  `mailto` varchar(50) NOT NULL COMMENT '받는사람 메일',
  `title` varchar(100) NOT NULL COMMENT '제목',
  `content` text NOT NULL COMMENT '내용',
  `reg_date` datetime NOT NULL DEFAULT CURRENT_TIMESTAMP COMMENT '등록일자',
  PRIMARY KEY (`id`)
) ENGINE=InnoDB AUTO_INCREMENT=218 DEFAULT CHARSET=utf8mb4 COLLATE=utf8mb4_0900_ai_ci;
/*!40101 SET character_set_client = @saved_cs_client */;

--
-- Dumping data for table `tb_mail`
--

LOCK TABLES `tb_mail` WRITE;
/*!40000 ALTER TABLE `tb_mail` DISABLE KEYS */;
INSERT INTO `tb_mail` VALUES (205,'ahs2420@naver.com','와디스 - 아이디 찾기 서비스입니다.','고객님의 아이디는 \'ahs2420\'입니다.','2020-06-03 10:00:09'),(206,'ahs2420@naver.com','와디스 - 아이디 찾기 서비스입니다.','고객님의 아이디는 \'ahs2420\'입니다.','2020-06-03 10:00:39'),(207,'ahs2420@naver.com','와디스 - 아이디 찾기 서비스입니다.','고객님의 아이디는 \'ahs2420\'입니다.','2020-06-03 10:00:39'),(208,'ahs2420@naver.com','와디스 - 아이디 찾기 서비스입니다.','고객님의 아이디는 \'ahs2420\'입니다.<br><a href=\'http://localhost:8888/login/login-page2\'>와디스 바로가기</a>','2020-06-03 10:02:13'),(209,'ahs2420@naver.com','와디스 - 비밀번호 찾기 서비스입니다.','고객님의 비밀번호는 \'2c8f7d07724918a937c51d5229d52847f8e8da25be67c8be7605e5714f4d20d3\'입니다.<br><a href=\'http://localhost:8888/login/login-page2\'>와디스 바로가기</a>','2020-06-03 10:08:25'),(210,'ahs2420@naver.com','와디스 - 아이디 찾기 서비스입니다.','고객님의 아이디는 \'ahs2420\'입니다.<br><a href=\'http://localhost:8888/login/login-page2\'>와디스 바로가기</a>','2020-06-03 10:15:25'),(211,'ahs2420@naver.com','와디스 - 비밀번호 찾기 서비스입니다.','고객님의 비밀번호는 \'f67fd599b9ba8af2601a53ea4b19532d5071e8e2c221ca959e68a3edde5a2209\'입니다.<br><a href=\'http://localhost:8888/login/login-page2\'>와디스 바로가기</a>','2020-06-03 10:15:56'),(212,'ahs2420@naver.com','와디스 - 아이디 찾기 서비스입니다.','고객님의 아이디는 \'ahs2420\'입니다.<br><a href=\'http://localhost:8888/login/login-page2\'>와디스 바로가기</a>','2020-06-03 17:44:02'),(213,'ahs2420@naver.com','와디스 - 비밀번호 찾기 서비스입니다.','고객님의 비밀번호는 \'84343562caba703a212170f08691843582b2f29967c2b550ad45aa05456c8e7a\'입니다.<br><a href=\'http://localhost:8888/login/login-page2\'>와디스 바로가기</a>','2020-06-03 17:44:28'),(214,'ahs2420@naver.com','와디스 - \'프로젝트 제목 \' 심사 결과입니다.','','2020-06-03 17:57:54'),(215,'ahs2420@naver.com','와디스 - \'프로젝트 제목 \' 심사 결과입니다.','와디스입니다. 프로젝트 제목 은 안타깝게도 심사에 반려되었습니다. <br>하지만 내용 수정 후에 다시 심사 신청이 가능하오니 내용 추가 후에 다시 심사 신청 해주시길 바랍니다. <br>감사합니다.<br>와디스 대표이사 ㅇㅇㅇ 올림','2020-06-03 17:59:18'),(216,'ahs2420@naver.com','와디스 - \'프로젝트 제목 \' 심사 결과입니다.','축하합니다. 와디스입니다. 프로젝트 제목 은 심사에 통과되었습니다. <br> 펀딩은 시작일자 이후로 자동으로 시작 되오니 변경 사항이 있을경우 시작전에 미리 변경 하시길 바랍니다.<br> 감사합니다.<br>와디스 대표이사 ㅇㅇㅇ 올림','2020-06-03 17:59:36'),(217,'ahs2420@naver.com','와디스 - \'12412\' 심사 결과입니다.','축하합니다. 와디스입니다. 12412은 심사에 통과되었습니다. <br> 펀딩은 시작일자 이후로 자동으로 시작 되오니 변경 사항이 있을경우 시작전에 미리 변경 하시길 바랍니다.<br> 감사합니다.<br>와디스 대표이사 ㅇㅇㅇ 올림','2020-06-04 11:58:38');
/*!40000 ALTER TABLE `tb_mail` ENABLE KEYS */;
UNLOCK TABLES;

--
-- Table structure for table `tb_maker_info`
--

DROP TABLE IF EXISTS `tb_maker_info`;
/*!40101 SET @saved_cs_client     = @@character_set_client */;
/*!50503 SET character_set_client = utf8mb4 */;
CREATE TABLE `tb_maker_info` (
  `id` int(11) NOT NULL AUTO_INCREMENT COMMENT ' ',
  `audit_id` int(10) unsigned NOT NULL,
  `marker_name` varchar(50) NOT NULL COMMENT ' ',
  `marker_img` varchar(100) NOT NULL COMMENT ' ',
  `marker_email` varchar(100) NOT NULL,
  `marker_phone` varchar(50) NOT NULL COMMENT ' ',
  `marker_kakao_id` varchar(100) DEFAULT NULL COMMENT ' ',
  `marker_kakao_url` varchar(100) DEFAULT NULL COMMENT ' url',
  `marker_home_page_url` varchar(100) DEFAULT NULL,
  `marker_facebook_url` varchar(100) DEFAULT NULL,
  `marker_twiter_url` varchar(100) DEFAULT NULL,
  `marker_instagram_url` varchar(100) DEFAULT NULL COMMENT ' ',
  `business_type` varchar(5) NOT NULL COMMENT ' ',
  `bankbook_img` varchar(100) NOT NULL,
  `reg_date` datetime NOT NULL DEFAULT CURRENT_TIMESTAMP,
  PRIMARY KEY (`id`)
) ENGINE=InnoDB AUTO_INCREMENT=25 DEFAULT CHARSET=utf8;
/*!40101 SET character_set_client = @saved_cs_client */;

--
-- Dumping data for table `tb_maker_info`
--

LOCK TABLES `tb_maker_info` WRITE;
/*!40000 ALTER TABLE `tb_maker_info` DISABLE KEYS */;
INSERT INTO `tb_maker_info` VALUES (7,21,'푸트) 스나핏','/hongimages/mypageOneImg/kWkV8GDyPbl4RhqPphSyQZDwRF5pFOgh.jpg','daesung6151@naver.com','070-8797-5100','','','||','http://sunifit.co.kr/','','','1','/hongimages/mypageOneImg/Z9ujD9ZDMFi5kosVcChl2Q1SYArYbVNX.jpg','2020-06-04 12:45:43'),(8,22,'소음도 가격 거품도 없는 반려동물 세라믹 댕냥수기','/hongimages/mypageOneImg/NVQDZoThuRP45GWgSYNVX8XmeroIlv55.png','ehsekfvod888@naver.com','01038936687','','','||','','','','0','/hongimages/mypageOneImg/88pTe5fiHEhVnf69X6Q6pGVjrIdon9ZP.jpg','2020-06-04 14:40:28'),(9,23,'마샬','/hongimages/mypageOneImg/ny8XPKLVTEAHgoO9x87RuRNLJyEk0moS.png','marshallgolf@naver.com ','010-9465-0907','','','||','','','','1','/hongimages/mypageOneImg/XZsNOl0ZnMD3sgoUHgmic8WWHtuh3oPG.jpg','2020-06-04 15:57:25'),(10,24,'티피링크코리아 유한회사','/upload/2020/159132601416117.jpg','dana.lee@tp-link.com ','070-4445-4124','','','http://www.tp-link.com/kr/|http://smartstore.naver.com/tplink|','','','','2','/hongimages/mypageOneImg/Z720ipBJSSUBu3PU6iRzl8WXYJj9uD3F.jpg','2020-06-04 16:06:19'),(11,25,'프롬잇','/hongimages/mypageOneImg/RgQV4RJ2qjwiUhAudg9NQwuuF4HegPFW.jpg','fromeat.kr@gmail.com ','053-744-1310','','','|https://smartstore.naver.com/from_eat|','','','','3','/hongimages/mypageOneImg/LBAmSZlhlAHSLdEDifRSobgciq5uPitR.jpg','2020-06-04 16:20:18'),(12,26,'루틴팬츠','/hongimages/mypageOneImg/HJQHofV94bAE1Ma9FSfwL9guuGjNa5GF.jpg','erlda228@naver.com','031-8027-3805','','','||','','','','3','/hongimages/mypageOneImg/6e2bkAiLTTVScBDaMe22TvSvpygACk2a.jpg','2020-06-04 16:38:57'),(13,27,'주식회사 커스트리','/hongimages/mypageOneImg/Sl2QshQRDceiGSQTTTkQwQrKX5jLqaBX.jpg','info@beerlikeit.com','070-7672-7411','카카오 플러스친구 맥주의바다','','http://seaofbeer.com||','','','','3','/hongimages/mypageOneImg/9m0YnEPowAh7KfUCTFLY6KpK7NOx599U.jpg','2020-06-04 17:04:31'),(14,28,'주식회사 더원스테이스','/hongimages/mypageOneImg/5ZpagpviElF55SdYlsmBPoIwXcFXw0Cn.jpg','theonestays@naver.com','010-7139-9048','','','||','','','','2','/hongimages/mypageOneImg/KtyyAniIDJvjWSUb9arddh2d9KdpGMIM.jpg','2020-06-04 17:17:02'),(15,29,'(주)더뉴히어로즈','/hongimages/mypageOneImg/dS27z91Bg1fp5iRk9eCaFilDihjTF4Fd.jpg','svl.command@gmail.com','070-4336-0785','카카오 플러스친구 실버라이닝 stayfresh','','||','http://pf.kakao.com/_GUcWj','silverlining.fit','','1','/hongimages/mypageOneImg/GYOHcVn6VfcgFBNuhqsuQYA9EFPw7YLc.jpg','2020-06-04 17:29:56'),(16,30,'수분코팅제 / 뷰티  /수앤지','/hongimages/mypageOneImg/Dbv6He22QxLauoWJpPMDOSP1a4FTmvwI.jpg','snjcos.manager@gmail.com','010-6959-2414','','','snjcos.com||','','','','2','/hongimages/mypageOneImg/4oKIBl4LdvCagOm9GkZI9S9YzfOy1TRG.jpg','2020-06-04 17:43:23'),(17,31,'주식회사 에스앤비산업 ','/hongimages/mypageOneImg/cItnhKUwSIKZz2wA669TPJ8qSoZCwzh6.jpg','snbaonis@naver.com','02-555-6396','카카오 플러스친구 아오니스','','||','','','','2','/hongimages/mypageOneImg/s1r4Z8yTDPdtO5hBL0ENIkRkz9XbJDU5.jpg','2020-06-04 18:04:12'),(18,32,'스포츠용품 / (주)엠케이아웃도어','/hongimages/mypageOneImg/KrQxDnzqqRikdPhd4SfSP7hbPRb9ljk7.png','junsu@mkoutdoor.kr','02-389-7141','','','http://www.nemoequipment.co.kr/||','','','','2','/hongimages/mypageOneImg/JqwcO7Izl1o4MrvADWhnv9Y6BpfZgZe1.jpg','2020-06-04 18:15:09'),(19,33,'(주)위드닉스','/hongimages/mypageOneImg/xIMyWnjH4gGognXhZbtSKxM2ckTfz8Bb.jpg','lyan.son@withnix.co.kr','1661-6987','','','||','http://www.say-skin.com','https://smartstore.naver.com/sayskin','','2','/hongimages/mypageOneImg/B5nBaWMnvVidbwC9xPLuCNuVsA6bjjXj.jpg','2020-06-04 18:37:28'),(20,34,'바지 / (주)제일기획','/hongimages/mypageOneImg/MHKZCqi0BxFWhsLLDmHZPpr8ATvDKRag.jpg','customer@ch3.co.kr','1800-5828','','','https://www.ch3.co.kr/||','','','','2','/hongimages/mypageOneImg/VFV7izp0tpCA858poaZlGgEZil4vzbAC.jpg','2020-06-05 09:25:22'),(21,35,'TTLAB','/hongimages/mypageOneImg/rJfta2mNrjrkOT4wtCCqBK90zFBDYVfF.png','thettlab@naver.com','0269512575','','','https://www.onairseries.com|https://www.TTLAB.co.kr|','','','','1','/hongimages/mypageOneImg/eUVhdn1AEjAj8TEdanJUIA68SGXmBFOc.jpg','2020-06-05 09:34:56'),(22,36,'방탄주방','/hongimages/mypageOneImg/wUVOTpY2DY5rFExAqfJeJ5S5eMeX1nC0.jpg','skalqnchl8941@hanmail.net','070-8757-7330','','','||','','','','2','/hongimages/mypageOneImg/qjyAXM9Yy7Xo7k187DNHhQ7vA6zFN3t7.jpg','2020-06-05 10:06:35'),(23,37,'패밀리그라운드','/hongimages/mypageOneImg/llDZvTfNiLhyKxnve6cPzULquZqfkPFb.jpg','familyground365@gmail.com','01022441396','','','www.family-ground.com||','','','','2','/hongimages/mypageOneImg/sQD6xsNhbbr6TJbC3gyu0XX5fycpm985.jpg','2020-06-05 10:21:22'),(24,38,'(주)실버텍스 / Air-fit 페이크삭스','/hongimages/mypageOneImg/SlND2xIgxRiRGf9mtYqUkd22nBUPJ0xr.jpg','2x5@silvertex.co.kr','1833-2824','카카오 플러스친구 실버텍스를 검색하세요','','http://www.silvertex.co.kr/html/||','','','','0','/hongimages/mypageOneImg/ljugWyNXg7MXBRGGZUt3HP83CQQgnKL5.jpg','2020-06-05 10:35:42');
/*!40000 ALTER TABLE `tb_maker_info` ENABLE KEYS */;
UNLOCK TABLES;

--
-- Table structure for table `tb_member`
--

DROP TABLE IF EXISTS `tb_member`;
/*!40101 SET @saved_cs_client     = @@character_set_client */;
/*!50503 SET character_set_client = utf8mb4 */;
CREATE TABLE `tb_member` (
  `id` int(10) unsigned NOT NULL AUTO_INCREMENT COMMENT '일련번호',
  `uid` varchar(50) NOT NULL COMMENT '회원아이디',
  `upassword` varchar(255) NOT NULL COMMENT '비밀번호',
  `sns_type` varchar(10) DEFAULT NULL COMMENT 'sns로그인 타입',
  `sns_id` varchar(200) DEFAULT NULL COMMENT 'sns 로그인 아이디',
  `uname` varchar(20) NOT NULL COMMENT '회원이름',
  `utel` varchar(255) DEFAULT NULL COMMENT '회원전화번호',
  `uemail` varchar(50) NOT NULL COMMENT '회원이메일주소',
  `ugroup` int(11) NOT NULL DEFAULT '0' COMMENT '회원그룹(0:사용자,1:관리자)',
  `uimg` varchar(100) DEFAULT NULL COMMENT '회원 이미지',
  `status` int(1) NOT NULL DEFAULT '1' COMMENT '상태(0:탈퇴,1:정상,2:정지)',
  `reg_date` datetime NOT NULL DEFAULT CURRENT_TIMESTAMP COMMENT '등록일자',
  PRIMARY KEY (`id`),
  KEY `uid` (`uid`)
) ENGINE=InnoDB AUTO_INCREMENT=222 DEFAULT CHARSET=utf8mb4 COLLATE=utf8mb4_0900_ai_ci;
/*!40101 SET character_set_client = @saved_cs_client */;

--
-- Dumping data for table `tb_member`
--

LOCK TABLES `tb_member` WRITE;
/*!40000 ALTER TABLE `tb_member` DISABLE KEYS */;
INSERT INTO `tb_member` VALUES (1,'admin','0ffe1abd1a08215353c233d6e009613e95eec4253832a761af28ff37ac5a150c',NULL,NULL,'관리자','3ee1Rirk3OfPZo5CAOpvqA==','1',1,NULL,1,'2020-05-26 18:16:36'),(2,'aa','4fc82b26aecb47d2868c4efbe3581732a3e7cbcc6c2efb32062c08170a05eeb8',NULL,NULL,'11','pkqoKsrGC2QzEedcuNykWQ==','aq123@naver.com',0,'/upload/2020/1590978072795430.jpg',1,'2020-05-28 19:08:06'),(3,'uid','upassword',NULL,NULL,'uname',NULL,'uemail',0,NULL,1,'2020-06-01 11:37:45'),(4,'uid','upassword',NULL,NULL,'uname',NULL,'uemail',0,NULL,1,'2020-06-01 11:38:01'),(5,'uid','upassword',NULL,NULL,'uname',NULL,'uemail',0,NULL,1,'2020-06-01 11:38:01'),(6,'uid','upassword',NULL,NULL,'uname',NULL,'uemail',0,NULL,1,'2020-06-01 11:38:01'),(7,'uid','upassword',NULL,NULL,'uname',NULL,'uemail',0,NULL,1,'2020-06-01 11:38:01'),(8,'uid','upassword',NULL,NULL,'uname',NULL,'uemail',0,NULL,1,'2020-06-01 11:38:01'),(9,'uid','upassword',NULL,NULL,'uname',NULL,'uemail',0,NULL,1,'2020-06-01 11:38:01'),(10,'uid','upassword',NULL,NULL,'uname',NULL,'uemail',0,NULL,1,'2020-06-01 11:38:01'),(11,'uid','upassword',NULL,NULL,'uname',NULL,'uemail',0,NULL,1,'2020-06-01 11:38:01'),(12,'uid','upassword',NULL,NULL,'uname',NULL,'uemail',0,NULL,1,'2020-06-01 11:38:01'),(13,'uid','upassword',NULL,NULL,'uname',NULL,'uemail',0,NULL,1,'2020-06-01 11:38:01'),(14,'uid','upassword',NULL,NULL,'uname',NULL,'uemail',0,NULL,1,'2020-06-01 11:38:01'),(15,'uid','upassword',NULL,NULL,'uname',NULL,'uemail',0,NULL,1,'2020-06-01 11:38:01'),(16,'uid','upassword',NULL,NULL,'uname',NULL,'uemail',0,NULL,1,'2020-06-01 11:38:01'),(17,'uid','upassword',NULL,NULL,'uname',NULL,'uemail',0,NULL,1,'2020-06-01 11:38:01'),(18,'uid','upassword',NULL,NULL,'uname',NULL,'uemail',0,NULL,1,'2020-06-01 11:38:01'),(19,'uid','upassword',NULL,NULL,'uname',NULL,'uemail',0,NULL,1,'2020-06-01 11:38:01'),(20,'uid','upassword',NULL,NULL,'uname',NULL,'uemail',0,NULL,1,'2020-06-01 11:38:02'),(21,'uid','upassword',NULL,NULL,'uname',NULL,'uemail',0,NULL,1,'2020-06-01 11:38:02'),(22,'uid','upassword',NULL,NULL,'uname',NULL,'uemail',0,NULL,1,'2020-06-01 11:38:02'),(23,'uid','upassword',NULL,NULL,'uname',NULL,'uemail',0,NULL,1,'2020-06-01 11:38:02'),(24,'uid','upassword',NULL,NULL,'uname',NULL,'uemail',0,NULL,1,'2020-06-01 11:38:02'),(25,'uid','upassword',NULL,NULL,'uname',NULL,'uemail',0,NULL,1,'2020-06-01 11:38:02'),(26,'uid','upassword',NULL,NULL,'uname',NULL,'uemail',0,NULL,1,'2020-06-01 11:38:02'),(27,'uid','upassword',NULL,NULL,'uname',NULL,'uemail',0,NULL,1,'2020-06-01 11:38:02'),(28,'uid','upassword',NULL,NULL,'uname',NULL,'uemail',0,NULL,1,'2020-06-01 11:38:02'),(29,'uid','upassword',NULL,NULL,'uname',NULL,'uemail',0,NULL,1,'2020-06-01 11:38:02'),(30,'uid','upassword',NULL,NULL,'uname',NULL,'uemail',0,NULL,1,'2020-06-01 11:38:02'),(31,'uid','upassword',NULL,NULL,'uname',NULL,'uemail',0,NULL,1,'2020-06-01 11:38:02'),(32,'uid','upassword',NULL,NULL,'uname',NULL,'uemail',0,NULL,1,'2020-06-01 11:38:02'),(33,'uid','upassword',NULL,NULL,'uname',NULL,'uemail',0,NULL,1,'2020-06-01 11:38:02'),(34,'uid','upassword',NULL,NULL,'uname',NULL,'uemail',0,NULL,1,'2020-06-01 11:38:02'),(35,'uid','upassword',NULL,NULL,'uname',NULL,'uemail',0,NULL,1,'2020-06-01 11:38:02'),(36,'uid','upassword',NULL,NULL,'uname',NULL,'uemail',0,NULL,1,'2020-06-01 11:38:02'),(37,'uid','upassword',NULL,NULL,'uname',NULL,'uemail',0,NULL,1,'2020-06-01 11:38:02'),(38,'uid','upassword',NULL,NULL,'uname',NULL,'uemail',0,NULL,1,'2020-06-01 11:38:02'),(39,'uid','upassword',NULL,NULL,'uname',NULL,'uemail',0,NULL,1,'2020-06-01 11:38:03'),(40,'uid','upassword',NULL,NULL,'uname',NULL,'uemail',0,NULL,1,'2020-06-01 11:38:03'),(41,'uid','upassword',NULL,NULL,'uname',NULL,'uemail',0,NULL,1,'2020-06-01 11:38:03'),(42,'uid','upassword',NULL,NULL,'uname',NULL,'uemail',0,NULL,1,'2020-06-01 11:38:03'),(43,'uid','upassword',NULL,NULL,'uname',NULL,'uemail',0,NULL,1,'2020-06-01 11:38:03'),(44,'uid','upassword',NULL,NULL,'uname',NULL,'uemail',0,NULL,1,'2020-06-01 11:38:03'),(45,'uid','upassword',NULL,NULL,'uname',NULL,'uemail',0,NULL,1,'2020-06-01 11:38:03'),(46,'uid','upassword',NULL,NULL,'uname',NULL,'uemail',0,NULL,1,'2020-06-01 11:38:03'),(47,'uid','upassword',NULL,NULL,'uname',NULL,'uemail',0,NULL,1,'2020-06-01 11:38:03'),(48,'uid','upassword',NULL,NULL,'uname',NULL,'uemail',0,NULL,1,'2020-06-01 11:38:03'),(49,'uid','upassword',NULL,NULL,'uname',NULL,'uemail',0,NULL,1,'2020-06-01 11:38:03'),(50,'uid','upassword',NULL,NULL,'uname',NULL,'uemail',0,NULL,1,'2020-06-01 11:38:03'),(51,'uid','upassword',NULL,NULL,'uname',NULL,'uemail',0,NULL,1,'2020-06-01 11:38:03'),(52,'uid','upassword',NULL,NULL,'uname',NULL,'uemail',0,NULL,1,'2020-06-01 11:38:03'),(53,'uid','upassword',NULL,NULL,'uname',NULL,'uemail',0,NULL,1,'2020-06-01 11:38:03'),(54,'uid','upassword',NULL,NULL,'uname',NULL,'uemail',0,NULL,1,'2020-06-01 11:38:03'),(55,'uid','upassword',NULL,NULL,'uname',NULL,'uemail',0,NULL,1,'2020-06-01 11:38:03'),(56,'uid','upassword',NULL,NULL,'uname',NULL,'uemail',0,NULL,1,'2020-06-01 11:38:03'),(57,'uid','upassword',NULL,NULL,'uname',NULL,'uemail',0,NULL,1,'2020-06-01 11:38:04'),(58,'uid','upassword',NULL,NULL,'uname',NULL,'uemail',0,NULL,1,'2020-06-01 11:38:04'),(59,'uid','upassword',NULL,NULL,'uname',NULL,'uemail',0,NULL,1,'2020-06-01 11:38:04'),(60,'uid','upassword',NULL,NULL,'uname',NULL,'uemail',0,NULL,1,'2020-06-01 11:38:04'),(61,'uid','upassword',NULL,NULL,'uname',NULL,'uemail',0,NULL,1,'2020-06-01 11:38:04'),(62,'uid','upassword',NULL,NULL,'uname',NULL,'uemail',0,NULL,1,'2020-06-01 11:38:04'),(63,'uid','upassword',NULL,NULL,'uname',NULL,'uemail',0,NULL,1,'2020-06-01 11:38:04'),(64,'uid','upassword',NULL,NULL,'uname',NULL,'uemail',0,NULL,1,'2020-06-01 11:38:04'),(65,'uid','upassword',NULL,NULL,'uname',NULL,'uemail',0,NULL,1,'2020-06-01 11:38:04'),(66,'uid','upassword',NULL,NULL,'uname',NULL,'uemail',0,NULL,1,'2020-06-01 11:38:04'),(67,'uid','upassword',NULL,NULL,'uname',NULL,'uemail',0,NULL,1,'2020-06-01 11:38:04'),(68,'uid','upassword',NULL,NULL,'uname',NULL,'uemail',0,NULL,1,'2020-06-01 11:38:04'),(69,'uid','upassword',NULL,NULL,'uname',NULL,'uemail',0,NULL,1,'2020-06-01 11:38:04'),(70,'uid','upassword',NULL,NULL,'uname',NULL,'uemail',0,NULL,1,'2020-06-01 11:38:04'),(71,'uid','upassword',NULL,NULL,'uname',NULL,'uemail',0,NULL,1,'2020-06-01 11:38:04'),(72,'uid','upassword',NULL,NULL,'uname',NULL,'uemail',0,NULL,1,'2020-06-01 11:38:04'),(73,'uid','upassword',NULL,NULL,'uname',NULL,'uemail',0,NULL,1,'2020-06-01 11:38:05'),(74,'uid','upassword',NULL,NULL,'uname',NULL,'uemail',0,NULL,1,'2020-06-01 11:38:05'),(75,'uid','upassword',NULL,NULL,'uname',NULL,'uemail',0,NULL,1,'2020-06-01 11:38:05'),(76,'uid','upassword',NULL,NULL,'uname',NULL,'uemail',0,NULL,1,'2020-06-01 11:38:05'),(77,'uid','upassword',NULL,NULL,'uname',NULL,'uemail',0,NULL,1,'2020-06-01 11:38:05'),(78,'uid','upassword',NULL,NULL,'uname',NULL,'uemail',0,NULL,1,'2020-06-01 11:38:05'),(79,'uid','upassword',NULL,NULL,'uname',NULL,'uemail',0,NULL,1,'2020-06-01 11:38:05'),(80,'uid','upassword',NULL,NULL,'uname',NULL,'uemail',0,NULL,1,'2020-06-01 11:38:05'),(81,'uid','upassword',NULL,NULL,'uname',NULL,'uemail',0,NULL,1,'2020-06-01 11:38:05'),(82,'uid','upassword',NULL,NULL,'uname',NULL,'uemail',0,NULL,1,'2020-06-01 11:38:05'),(83,'uid','upassword',NULL,NULL,'uname',NULL,'uemail',0,NULL,1,'2020-06-01 11:38:05'),(84,'uid','upassword',NULL,NULL,'uname',NULL,'uemail',0,NULL,1,'2020-06-01 11:38:05'),(85,'uid','upassword',NULL,NULL,'uname',NULL,'uemail',0,NULL,1,'2020-06-01 11:38:05'),(86,'uid','upassword',NULL,NULL,'uname',NULL,'uemail',0,NULL,1,'2020-06-01 11:38:05'),(87,'uid','upassword',NULL,NULL,'uname',NULL,'uemail',0,NULL,1,'2020-06-01 11:38:05'),(88,'uid','upassword',NULL,NULL,'uname',NULL,'uemail',0,NULL,1,'2020-06-01 11:38:05'),(89,'uid','upassword',NULL,NULL,'uname',NULL,'uemail',0,NULL,1,'2020-06-01 11:38:05'),(90,'uid','upassword',NULL,NULL,'uname',NULL,'uemail',0,NULL,1,'2020-06-01 11:38:05'),(91,'uid','upassword',NULL,NULL,'uname',NULL,'uemail',0,NULL,1,'2020-06-01 11:38:06'),(92,'uid','upassword',NULL,NULL,'uname',NULL,'uemail',0,NULL,1,'2020-06-01 11:38:06'),(93,'uid','upassword',NULL,NULL,'uname',NULL,'uemail',0,NULL,1,'2020-06-01 11:38:06'),(94,'uid','upassword',NULL,NULL,'uname',NULL,'uemail',0,NULL,1,'2020-06-01 11:38:06'),(95,'uid','upassword',NULL,NULL,'uname',NULL,'uemail',0,NULL,1,'2020-06-01 11:38:06'),(96,'uid','upassword',NULL,NULL,'uname',NULL,'uemail',0,NULL,1,'2020-06-01 11:38:06'),(97,'uid','upassword',NULL,NULL,'uname',NULL,'uemail',0,NULL,1,'2020-06-01 11:38:06'),(98,'uid','upassword',NULL,NULL,'uname',NULL,'uemail',0,NULL,1,'2020-06-01 11:38:06'),(99,'uid','upassword',NULL,NULL,'uname',NULL,'uemail',0,NULL,1,'2020-06-01 11:38:06'),(100,'uid','upassword',NULL,NULL,'uname',NULL,'uemail',0,NULL,1,'2020-06-01 11:38:07'),(101,'uid','upassword',NULL,NULL,'uname',NULL,'uemail',0,NULL,1,'2020-06-01 11:38:07'),(102,'uid','upassword',NULL,NULL,'uname',NULL,'uemail',0,NULL,1,'2020-06-01 11:38:07'),(103,'uid','upassword',NULL,NULL,'uname',NULL,'uemail',0,NULL,1,'2020-06-01 11:38:07'),(104,'uid','upassword',NULL,NULL,'uname',NULL,'uemail',0,NULL,1,'2020-06-01 11:38:07'),(105,'uid','upassword',NULL,NULL,'uname',NULL,'uemail',0,NULL,1,'2020-06-01 11:38:07'),(106,'uid','upassword',NULL,NULL,'uname',NULL,'uemail',0,NULL,1,'2020-06-01 11:38:07'),(107,'uid','upassword',NULL,NULL,'uname',NULL,'uemail',0,NULL,1,'2020-06-01 11:38:07'),(108,'uid','upassword',NULL,NULL,'uname',NULL,'uemail',0,NULL,1,'2020-06-01 11:38:07'),(109,'uid','upassword',NULL,NULL,'uname',NULL,'uemail',0,NULL,1,'2020-06-01 11:38:07'),(110,'uid','upassword',NULL,NULL,'uname',NULL,'uemail',0,NULL,1,'2020-06-01 11:38:08'),(111,'uid','upassword',NULL,NULL,'uname',NULL,'uemail',0,NULL,1,'2020-06-01 11:38:08'),(112,'uid','upassword',NULL,NULL,'uname',NULL,'uemail',0,NULL,1,'2020-06-01 11:38:08'),(113,'uid','upassword',NULL,NULL,'uname',NULL,'uemail',0,NULL,1,'2020-06-01 11:38:08'),(114,'uid','upassword',NULL,NULL,'uname',NULL,'uemail',0,NULL,1,'2020-06-01 11:38:08'),(115,'uid','upassword',NULL,NULL,'uname',NULL,'uemail',0,NULL,1,'2020-06-01 11:38:08'),(116,'uid','upassword',NULL,NULL,'uname',NULL,'uemail',0,NULL,1,'2020-06-01 11:38:08'),(117,'uid','upassword',NULL,NULL,'uname',NULL,'uemail',0,NULL,1,'2020-06-01 11:38:08'),(118,'uid','upassword',NULL,NULL,'uname',NULL,'uemail',0,NULL,1,'2020-06-01 11:38:08'),(119,'uid','upassword',NULL,NULL,'uname',NULL,'uemail',0,NULL,1,'2020-06-01 11:38:08'),(120,'uid','upassword',NULL,NULL,'uname',NULL,'uemail',0,NULL,1,'2020-06-01 11:38:08'),(121,'uid','upassword',NULL,NULL,'uname',NULL,'uemail',0,NULL,1,'2020-06-01 11:38:08'),(122,'uid','upassword',NULL,NULL,'uname',NULL,'uemail',0,NULL,1,'2020-06-01 11:38:08'),(123,'uid','upassword',NULL,NULL,'uname',NULL,'uemail',0,NULL,1,'2020-06-01 11:38:08'),(124,'uid','upassword',NULL,NULL,'uname',NULL,'uemail',0,NULL,1,'2020-06-01 11:38:09'),(125,'uid','upassword',NULL,NULL,'uname',NULL,'uemail',0,NULL,1,'2020-06-01 11:38:09'),(126,'uid','upassword',NULL,NULL,'uname',NULL,'uemail',0,NULL,1,'2020-06-01 11:38:09'),(127,'uid','upassword',NULL,NULL,'uname',NULL,'uemail',0,NULL,1,'2020-06-01 11:38:09'),(128,'uid','upassword',NULL,NULL,'uname',NULL,'uemail',0,NULL,1,'2020-06-01 11:38:09'),(129,'uid','upassword',NULL,NULL,'uname',NULL,'uemail',0,NULL,1,'2020-06-01 11:38:09'),(130,'uid','upassword',NULL,NULL,'uname',NULL,'uemail',0,NULL,1,'2020-06-01 11:38:09'),(131,'uid','upassword',NULL,NULL,'uname',NULL,'uemail',0,NULL,1,'2020-06-01 11:38:09'),(132,'uid','upassword',NULL,NULL,'uname',NULL,'uemail',0,NULL,1,'2020-06-01 11:38:09'),(133,'uid','upassword',NULL,NULL,'uname',NULL,'uemail',0,NULL,1,'2020-06-01 11:38:09'),(134,'uid','upassword',NULL,NULL,'uname',NULL,'uemail',0,NULL,1,'2020-06-01 11:38:09'),(135,'uid','upassword',NULL,NULL,'uname',NULL,'uemail',0,NULL,1,'2020-06-01 11:38:09'),(136,'uid','upassword',NULL,NULL,'uname',NULL,'uemail',0,NULL,1,'2020-06-01 11:38:09'),(137,'uid','upassword',NULL,NULL,'uname',NULL,'uemail',0,NULL,1,'2020-06-01 11:38:09'),(138,'uid','upassword',NULL,NULL,'uname',NULL,'uemail',0,NULL,1,'2020-06-01 11:38:09'),(139,'uid','upassword',NULL,NULL,'uname',NULL,'uemail',0,NULL,1,'2020-06-01 11:38:09'),(140,'uid','upassword',NULL,NULL,'uname',NULL,'uemail',0,NULL,1,'2020-06-01 11:38:09'),(141,'uid','upassword',NULL,NULL,'uname',NULL,'uemail',0,NULL,1,'2020-06-01 11:38:09'),(142,'uid','upassword',NULL,NULL,'uname',NULL,'uemail',0,NULL,1,'2020-06-01 11:38:09'),(143,'uid','upassword',NULL,NULL,'uname',NULL,'uemail',0,NULL,1,'2020-06-01 11:38:09'),(144,'uid','upassword',NULL,NULL,'uname',NULL,'uemail',0,NULL,1,'2020-06-01 11:38:10'),(145,'uid','upassword',NULL,NULL,'uname',NULL,'uemail',0,NULL,1,'2020-06-01 11:38:10'),(146,'uid','upassword',NULL,NULL,'uname',NULL,'uemail',0,NULL,1,'2020-06-01 11:38:10'),(147,'uid','upassword',NULL,NULL,'uname',NULL,'uemail',0,NULL,1,'2020-06-01 11:38:10'),(148,'uid','upassword',NULL,NULL,'uname',NULL,'uemail',0,NULL,1,'2020-06-01 11:38:10'),(149,'uid','upassword',NULL,NULL,'uname',NULL,'uemail',0,NULL,1,'2020-06-01 11:38:10'),(150,'uid','upassword',NULL,NULL,'uname',NULL,'uemail',0,NULL,1,'2020-06-01 11:38:10'),(151,'uid','upassword',NULL,NULL,'uname',NULL,'uemail',0,NULL,1,'2020-06-01 11:38:10'),(152,'uid','upassword',NULL,NULL,'uname',NULL,'uemail',0,NULL,1,'2020-06-01 11:38:10'),(153,'uid','upassword',NULL,NULL,'uname',NULL,'uemail',0,NULL,1,'2020-06-01 11:38:10'),(154,'uid','upassword',NULL,NULL,'uname',NULL,'uemail',0,NULL,1,'2020-06-01 11:38:10'),(155,'uid','upassword',NULL,NULL,'uname',NULL,'uemail',0,NULL,1,'2020-06-01 11:38:10'),(156,'uid','upassword',NULL,NULL,'uname',NULL,'uemail',0,NULL,1,'2020-06-01 11:38:10'),(157,'uid','upassword',NULL,NULL,'uname',NULL,'uemail',0,NULL,1,'2020-06-01 11:38:10'),(158,'uid','upassword',NULL,NULL,'uname',NULL,'uemail',0,NULL,1,'2020-06-01 11:38:10'),(159,'uid','upassword',NULL,NULL,'uname',NULL,'uemail',0,NULL,1,'2020-06-01 11:38:10'),(160,'uid','upassword',NULL,NULL,'uname',NULL,'uemail',0,NULL,1,'2020-06-01 11:38:10'),(161,'uid','upassword',NULL,NULL,'uname',NULL,'uemail',0,NULL,1,'2020-06-01 11:38:10'),(162,'uid','upassword',NULL,NULL,'uname',NULL,'uemail',0,NULL,1,'2020-06-01 11:38:10'),(163,'uid','upassword',NULL,NULL,'uname',NULL,'uemail',0,NULL,1,'2020-06-01 11:38:10'),(164,'uid','upassword',NULL,NULL,'uname',NULL,'uemail',0,NULL,1,'2020-06-01 11:38:10'),(165,'uid','upassword',NULL,NULL,'uname',NULL,'uemail',0,NULL,1,'2020-06-01 11:38:10'),(166,'uid','upassword',NULL,NULL,'uname',NULL,'uemail',0,NULL,1,'2020-06-01 11:38:11'),(167,'uid','upassword',NULL,NULL,'uname',NULL,'uemail',0,NULL,1,'2020-06-01 11:38:11'),(168,'uid','upassword',NULL,NULL,'uname',NULL,'uemail',0,NULL,1,'2020-06-01 11:38:11'),(169,'uid','upassword',NULL,NULL,'uname',NULL,'uemail',0,NULL,1,'2020-06-01 11:38:11'),(170,'uid','upassword',NULL,NULL,'uname',NULL,'uemail',0,NULL,1,'2020-06-01 11:38:11'),(171,'uid','upassword',NULL,NULL,'uname',NULL,'uemail',0,NULL,1,'2020-06-01 11:38:11'),(172,'uid','upassword',NULL,NULL,'uname',NULL,'uemail',0,NULL,1,'2020-06-01 11:38:11'),(173,'uid','upassword',NULL,NULL,'uname',NULL,'uemail',0,NULL,1,'2020-06-01 11:38:11'),(174,'uid','upassword',NULL,NULL,'uname',NULL,'uemail',0,NULL,1,'2020-06-01 11:38:11'),(175,'uid','upassword',NULL,NULL,'uname',NULL,'uemail',0,NULL,1,'2020-06-01 11:38:11'),(176,'uid','upassword',NULL,NULL,'uname',NULL,'uemail',0,NULL,1,'2020-06-01 11:38:11'),(177,'uid','upassword',NULL,NULL,'uname',NULL,'uemail',0,NULL,1,'2020-06-01 11:38:11'),(178,'uid','upassword',NULL,NULL,'uname',NULL,'uemail',0,NULL,1,'2020-06-01 11:38:11'),(179,'uid','upassword',NULL,NULL,'uname',NULL,'uemail',0,NULL,1,'2020-06-01 11:38:11'),(180,'uid','upassword',NULL,NULL,'uname',NULL,'uemail',0,NULL,1,'2020-06-01 11:38:11'),(181,'uid','upassword',NULL,NULL,'uname',NULL,'uemail',0,NULL,1,'2020-06-01 11:38:11'),(182,'uid','upassword',NULL,NULL,'uname',NULL,'uemail',0,NULL,1,'2020-06-01 11:38:12'),(183,'uid','upassword',NULL,NULL,'uname',NULL,'uemail',0,NULL,1,'2020-06-01 11:38:12'),(184,'uid','upassword',NULL,NULL,'uname',NULL,'uemail',0,NULL,1,'2020-06-01 11:38:12'),(185,'uid','upassword',NULL,NULL,'uname',NULL,'uemail',0,NULL,1,'2020-06-01 11:38:12'),(186,'uid','upassword',NULL,NULL,'uname',NULL,'uemail',0,NULL,1,'2020-06-01 11:38:12'),(187,'uid','upassword',NULL,NULL,'uname',NULL,'uemail',0,NULL,1,'2020-06-01 11:38:12'),(188,'uid','upassword',NULL,NULL,'uname',NULL,'uemail',0,NULL,1,'2020-06-01 11:38:12'),(189,'uid','upassword',NULL,NULL,'uname',NULL,'uemail',0,NULL,1,'2020-06-01 11:38:12'),(190,'uid','upassword',NULL,NULL,'uname',NULL,'uemail',0,NULL,1,'2020-06-01 11:38:12'),(191,'uid','upassword',NULL,NULL,'uname',NULL,'uemail',0,NULL,1,'2020-06-01 11:38:12'),(192,'uid','upassword',NULL,NULL,'uname',NULL,'uemail',0,NULL,1,'2020-06-01 11:38:12'),(193,'uid','upassword',NULL,NULL,'uname',NULL,'uemail',0,NULL,1,'2020-06-01 11:38:12'),(194,'uid','upassword',NULL,NULL,'uname',NULL,'uemail',0,NULL,1,'2020-06-01 11:38:12'),(195,'uid','upassword',NULL,NULL,'uname',NULL,'uemail',0,NULL,1,'2020-06-01 11:38:12'),(196,'uid','upassword',NULL,NULL,'uname',NULL,'uemail',0,NULL,1,'2020-06-01 11:38:12'),(197,'uid','upassword',NULL,NULL,'uname',NULL,'uemail',0,NULL,1,'2020-06-01 11:38:12'),(198,'uid','upassword',NULL,NULL,'uname',NULL,'uemail',0,NULL,1,'2020-06-01 11:38:12'),(199,'uid','upassword',NULL,NULL,'uname',NULL,'uemail',0,NULL,1,'2020-06-01 11:38:13'),(200,'uid','upassword',NULL,NULL,'uname',NULL,'uemail',0,NULL,1,'2020-06-01 11:38:13'),(201,'uid','upassword',NULL,NULL,'uname',NULL,'uemail',0,NULL,1,'2020-06-01 11:38:13'),(202,'uid','upassword',NULL,NULL,'uname',NULL,'uemail',0,NULL,1,'2020-06-01 11:38:13'),(203,'uid','upassword',NULL,NULL,'uname',NULL,'uemail',0,NULL,1,'2020-06-01 11:38:13'),(204,'uid','upassword',NULL,NULL,'uname',NULL,'uemail',0,NULL,1,'2020-06-01 11:38:13'),(205,'uid','upassword',NULL,NULL,'uname',NULL,'uemail',0,NULL,1,'2020-06-01 11:38:13'),(206,'uid','upassword',NULL,NULL,'uname',NULL,'uemail',0,NULL,1,'2020-06-01 11:38:13'),(207,'uid','upassword',NULL,NULL,'uname',NULL,'uemail',0,NULL,1,'2020-06-01 11:38:13'),(218,'uid','upassword',NULL,NULL,'uname',NULL,'uemail',1,NULL,1,'2020-06-01 11:38:14'),(219,'uid','upassword',NULL,NULL,'uname',NULL,'uemail',1,NULL,1,'2020-06-01 11:38:14'),(220,'aaaa','upassword',NULL,NULL,'uname',NULL,'uemail',1,NULL,1,'2020-06-01 11:38:17'),(221,'test','03ac674216f3e15c761ee1a5e255f067953623c8b388b4459e13f978d7c846f4',NULL,NULL,'11',NULL,'11',0,NULL,1,'2020-06-05 11:14:09');
/*!40000 ALTER TABLE `tb_member` ENABLE KEYS */;
UNLOCK TABLES;

--
-- Table structure for table `tb_member_addr`
--

DROP TABLE IF EXISTS `tb_member_addr`;
/*!40101 SET @saved_cs_client     = @@character_set_client */;
/*!50503 SET character_set_client = utf8mb4 */;
CREATE TABLE `tb_member_addr` (
  `id` int(10) unsigned NOT NULL AUTO_INCREMENT,
  `member_id` int(10) unsigned NOT NULL DEFAULT '0',
  `addr1` varchar(20) NOT NULL COMMENT ' ',
  `addr2` varchar(100) NOT NULL COMMENT ' ',
  `addr3` varchar(100) NOT NULL COMMENT ' ',
  `addr4` varchar(100) NOT NULL COMMENT '상세주소',
  `ship_name` varchar(50) NOT NULL COMMENT ' ',
  `ship_tel` varchar(255) NOT NULL COMMENT ' ',
  `ship_desc` varchar(30) NOT NULL DEFAULT '' COMMENT ' ',
  `reg_date` datetime NOT NULL DEFAULT CURRENT_TIMESTAMP,
  PRIMARY KEY (`id`)
) ENGINE=InnoDB AUTO_INCREMENT=22 DEFAULT CHARSET=utf8;
/*!40101 SET character_set_client = @saved_cs_client */;

--
-- Dumping data for table `tb_member_addr`
--

LOCK TABLES `tb_member_addr` WRITE;
/*!40000 ALTER TABLE `tb_member_addr` DISABLE KEYS */;
INSERT INTO `tb_member_addr` VALUES (1,1,'47526','부산 연제구 아시아드대로 8',' (거제동)','95-2','안호수','+hMB7RzLQHZNumNawR+0Uw==','','2020-06-05 18:27:58'),(2,1,'47526','부산 연제구 아시아드대로 8',' (거제동)','95-2','안호수','+hMB7RzLQHZNumNawR+0Uw==','','2020-06-05 18:28:48'),(3,1,'47526','부산 연제구 아시아드대로 8',' (거제동)','95-2','안호수','+hMB7RzLQHZNumNawR+0Uw==','','2020-06-05 18:29:06'),(4,1,'47526','부산 연제구 아시아드대로 8',' (거제동)','95-2','안호수','+hMB7RzLQHZNumNawR+0Uw==','','2020-06-05 18:30:49'),(5,1,'47526','부산 연제구 아시아드대로 8',' (거제동)','95-2','안호수','+hMB7RzLQHZNumNawR+0Uw==','','2020-06-05 18:31:16'),(6,1,'47526','부산 연제구 아시아드대로 8',' (거제동)','95-2','안호수','+hMB7RzLQHZNumNawR+0Uw==','','2020-06-05 18:31:20'),(7,1,'47526','부산 연제구 아시아드대로 8',' (거제동)','95-2','안호수','+hMB7RzLQHZNumNawR+0Uw==','','2020-06-05 18:31:26'),(8,1,'47526','부산 연제구 아시아드대로 8',' (거제동)','95-2','안호수','+hMB7RzLQHZNumNawR+0Uw==','','2020-06-05 18:49:42'),(9,1,'47526','부산 연제구 아시아드대로 8',' (거제동)','95-2','안호수','+hMB7RzLQHZNumNawR+0Uw==','','2020-06-05 18:49:43'),(10,1,'47526','부산 연제구 아시아드대로 8',' (거제동)','95-2','안호수','+hMB7RzLQHZNumNawR+0Uw==','','2020-06-05 18:49:43'),(11,1,'47526','부산 연제구 아시아드대로 8',' (거제동)','95-2','안호수','+hMB7RzLQHZNumNawR+0Uw==','','2020-06-05 18:49:44'),(12,1,'47526','부산 연제구 아시아드대로 8',' (거제동)','95-2','안호수','+hMB7RzLQHZNumNawR+0Uw==','','2020-06-05 18:49:44'),(13,1,'47526','부산 연제구 아시아드대로 8',' (거제동)','95-2','안호수','+hMB7RzLQHZNumNawR+0Uw==','','2020-06-05 18:49:46'),(14,1,'47526','부산 연제구 아시아드대로 8',' (거제동)','95-2','안호수','+hMB7RzLQHZNumNawR+0Uw==','','2020-06-05 18:50:14'),(15,1,'47526','부산 연제구 아시아드대로 8',' (거제동)','95-2','안호수','+hMB7RzLQHZNumNawR+0Uw==','','2020-06-05 18:50:14'),(16,1,'47526','부산 연제구 아시아드대로 8',' (거제동)','95-2','안호수','+hMB7RzLQHZNumNawR+0Uw==','','2020-06-05 18:50:15'),(17,1,'47526','부산 연제구 아시아드대로 8',' (거제동)','95-2','안호수','+hMB7RzLQHZNumNawR+0Uw==','','2020-06-05 18:50:15'),(18,1,'47526','부산 연제구 아시아드대로 8',' (거제동)','95-2','안호수','+hMB7RzLQHZNumNawR+0Uw==','','2020-06-05 18:50:15'),(19,1,'47526','부산 연제구 아시아드대로 8',' (거제동)','95-2','안호수','+hMB7RzLQHZNumNawR+0Uw==','','2020-06-05 18:50:15'),(20,1,'47526','부산 연제구 아시아드대로 8',' (거제동)','95-2','안호수','+hMB7RzLQHZNumNawR+0Uw==','','2020-06-05 18:50:18'),(21,1,'06000','서울 강남구 강남대로 708',' (압구정동)','124124','관리자','3ee1Rirk3OfPZo5CAOpvqA==','','2020-06-05 19:05:53');
/*!40000 ALTER TABLE `tb_member_addr` ENABLE KEYS */;
UNLOCK TABLES;

--
-- Table structure for table `tb_menu`
--

DROP TABLE IF EXISTS `tb_menu`;
/*!40101 SET @saved_cs_client     = @@character_set_client */;
/*!50503 SET character_set_client = utf8mb4 */;
CREATE TABLE `tb_menu` (
  `id` int(10) unsigned NOT NULL AUTO_INCREMENT COMMENT '일련번호',
  `parent_id` int(10) unsigned NOT NULL DEFAULT '0' COMMENT '메뉴 그룹(부모요소)',
  `group_id` int(10) unsigned NOT NULL DEFAULT '0' COMMENT '메뉴 그룹(자동 체번)',
  `dept` int(11) NOT NULL DEFAULT '1' COMMENT '메뉴 깊이',
  `morder` int(11) NOT NULL DEFAULT '0' COMMENT '순서',
  `title` varchar(100) NOT NULL COMMENT '제목',
  `url` varchar(100) NOT NULL COMMENT '주소',
  `reg_date` datetime NOT NULL DEFAULT CURRENT_TIMESTAMP COMMENT '등록일자',
  PRIMARY KEY (`id`)
) ENGINE=InnoDB AUTO_INCREMENT=35 DEFAULT CHARSET=utf8mb4 COLLATE=utf8mb4_0900_ai_ci;
/*!40101 SET character_set_client = @saved_cs_client */;

--
-- Dumping data for table `tb_menu`
--

LOCK TABLES `tb_menu` WRITE;
/*!40000 ALTER TABLE `tb_menu` DISABLE KEYS */;
INSERT INTO `tb_menu` VALUES (6,0,1,1,1,'리워드','/product/product-list','2020-05-28 11:03:51'),(7,0,2,1,2,'공지사항','/article?boardCode=notice','2020-05-28 11:06:50'),(8,0,3,1,3,'와디스 소개','/introduce','2020-05-28 11:07:07'),(9,0,4,1,4,'더보기','#','2020-05-28 11:59:34'),(23,9,4,2,1,'이벤트','/article?boardCode=event','2020-05-28 12:39:04'),(31,9,4,2,2,'언론보도','/article?boardCode=news','2020-05-28 14:51:15');
/*!40000 ALTER TABLE `tb_menu` ENABLE KEYS */;
UNLOCK TABLES;

--
-- Table structure for table `tb_order`
--

DROP TABLE IF EXISTS `tb_order`;
/*!40101 SET @saved_cs_client     = @@character_set_client */;
/*!50503 SET character_set_client = utf8mb4 */;
CREATE TABLE `tb_order` (
  `id` int(10) unsigned NOT NULL AUTO_INCREMENT COMMENT '일련번호',
  `member_id` int(10) unsigned NOT NULL DEFAULT '0' COMMENT '회원일련번호',
  `product_id` int(10) unsigned NOT NULL DEFAULT '0' COMMENT '상품일련번호',
  `price` int(11) NOT NULL DEFAULT '0' COMMENT '총 주문금액',
  `donation` int(11) NOT NULL DEFAULT '0' COMMENT '추가 후원금',
  `delivery_fee` int(11) NOT NULL COMMENT '배송비',
  `payment` int(11) NOT NULL DEFAULT '0' COMMENT '실결제금액',
  `account_num` varchar(20) DEFAULT NULL COMMENT '계좌번호',
  `account_name` varchar(20) DEFAULT NULL COMMENT '계좌이름',
  `account_bank` varchar(20) DEFAULT NULL COMMENT '계좌은행',
  `pay_type` char(1) NOT NULL DEFAULT '0' COMMENT '결제타입(0:계좌이체,1:카드,2:포인트)',
  `receiver_addr1` varchar(20) NOT NULL COMMENT '배송지 우편번호',
  `receiver_addr2` varchar(100) NOT NULL COMMENT '배송지 기본주소',
  `receiver_addr3` varchar(100) NOT NULL COMMENT '배송지 상세주소',
  `receiver_tel` varchar(255) NOT NULL COMMENT '수취인전화번호',
  `receiver_name` varchar(50) NOT NULL COMMENT '수취인이름',
  `receiver_etc` varchar(100) NOT NULL COMMENT '배송요청사항',
  `state` char(1) NOT NULL DEFAULT '1' COMMENT '주문상태(0:취소,1:펀딩중,2:결제대기중,3:결제완료(배송대기중),4:배송중,5:배송완료)',
  `delivery_id` varchar(30) DEFAULT NULL COMMENT '택배사(주문조회 api 참고)',
  `delivery_number` varchar(30) DEFAULT NULL COMMENT '택배번호',
  `reg_date` datetime NOT NULL DEFAULT CURRENT_TIMESTAMP COMMENT '등록일자',
  PRIMARY KEY (`id`)
) ENGINE=InnoDB AUTO_INCREMENT=24 DEFAULT CHARSET=utf8mb4 COLLATE=utf8mb4_0900_ai_ci;
/*!40101 SET character_set_client = @saved_cs_client */;

--
-- Dumping data for table `tb_order`
--

LOCK TABLES `tb_order` WRITE;
/*!40000 ALTER TABLE `tb_order` DISABLE KEYS */;
INSERT INTO `tb_order` VALUES (1,1,8,754500,0,2500,754500,NULL,NULL,NULL,'1','47526','부산 연제구 아시아드대로 8',' (거제동) 95-2','+hMB7RzLQHZNumNawR+0Uw==','안호수','배송시 요청사항(선택)','1',NULL,NULL,'2020-06-05 18:46:20'),(2,1,8,754500,0,2500,754500,NULL,NULL,NULL,'1','47526','부산 연제구 아시아드대로 8',' (거제동) 95-2','+hMB7RzLQHZNumNawR+0Uw==','안호수','배송시 요청사항(선택)','1',NULL,NULL,'2020-06-05 18:48:23'),(3,1,8,754500,0,2500,754500,NULL,NULL,NULL,'1','47526','부산 연제구 아시아드대로 8',' (거제동) 95-2','+hMB7RzLQHZNumNawR+0Uw==','안호수','배송시 요청사항(선택)','1',NULL,NULL,'2020-06-05 18:48:26'),(4,1,8,754500,0,2500,754500,NULL,NULL,NULL,'1','47526','부산 연제구 아시아드대로 8',' (거제동) 95-2','+hMB7RzLQHZNumNawR+0Uw==','안호수','배송시 요청사항(선택)','1',NULL,NULL,'2020-06-05 18:49:00'),(5,1,8,754500,0,2500,754500,NULL,NULL,NULL,'1','47526','부산 연제구 아시아드대로 8',' (거제동) 95-2','+hMB7RzLQHZNumNawR+0Uw==','안호수','배송시 요청사항(선택)','1',NULL,NULL,'2020-06-05 18:49:01'),(6,1,8,754500,0,2500,754500,NULL,NULL,NULL,'1','47526','부산 연제구 아시아드대로 8',' (거제동) 95-2','+hMB7RzLQHZNumNawR+0Uw==','안호수','배송시 요청사항(선택)','1',NULL,NULL,'2020-06-05 18:49:01'),(7,1,8,754500,0,2500,754500,NULL,NULL,NULL,'1','47526','부산 연제구 아시아드대로 8',' (거제동) 95-2','+hMB7RzLQHZNumNawR+0Uw==','안호수','배송시 요청사항(선택)','1',NULL,NULL,'2020-06-05 18:49:02'),(8,1,8,754500,0,2500,754500,NULL,NULL,NULL,'1','47526','부산 연제구 아시아드대로 8',' (거제동) 95-2','+hMB7RzLQHZNumNawR+0Uw==','안호수','배송시 요청사항(선택)','1',NULL,NULL,'2020-06-05 18:49:04'),(9,1,8,764500,10000,2500,764500,NULL,NULL,NULL,'1','47526','부산 연제구 아시아드대로 8',' (거제동) 95-2','+hMB7RzLQHZNumNawR+0Uw==','안호수','배송시 요청사','1',NULL,NULL,'2020-06-05 18:49:42'),(10,1,8,764500,10000,2500,764500,NULL,NULL,NULL,'1','47526','부산 연제구 아시아드대로 8',' (거제동) 95-2','+hMB7RzLQHZNumNawR+0Uw==','안호수','배송시 요청사','1',NULL,NULL,'2020-06-05 18:49:43'),(11,1,8,764500,10000,2500,764500,NULL,NULL,NULL,'1','47526','부산 연제구 아시아드대로 8',' (거제동) 95-2','+hMB7RzLQHZNumNawR+0Uw==','안호수','배송시 요청사','1',NULL,NULL,'2020-06-05 18:49:43'),(12,1,8,764500,10000,2500,764500,NULL,NULL,NULL,'1','47526','부산 연제구 아시아드대로 8',' (거제동) 95-2','+hMB7RzLQHZNumNawR+0Uw==','안호수','배송시 요청사','1',NULL,NULL,'2020-06-05 18:49:44'),(13,1,8,764500,10000,2500,764500,NULL,NULL,NULL,'1','47526','부산 연제구 아시아드대로 8',' (거제동) 95-2','+hMB7RzLQHZNumNawR+0Uw==','안호수','배송시 요청사','1',NULL,NULL,'2020-06-05 18:49:44'),(14,1,8,764500,10000,2500,764500,NULL,NULL,NULL,'1','47526','부산 연제구 아시아드대로 8',' (거제동) 95-2','+hMB7RzLQHZNumNawR+0Uw==','안호수','배송시 요청사','1',NULL,NULL,'2020-06-05 18:49:46'),(15,1,8,764500,10000,2500,764500,NULL,NULL,NULL,'1','47526','부산 연제구 아시아드대로 8',' (거제동) 95-2','+hMB7RzLQHZNumNawR+0Uw==','안호수','배송시 요청사','1',NULL,NULL,'2020-06-05 18:50:14'),(16,1,8,764500,10000,2500,764500,NULL,NULL,NULL,'1','47526','부산 연제구 아시아드대로 8',' (거제동) 95-2','+hMB7RzLQHZNumNawR+0Uw==','안호수','배송시 요청사','1',NULL,NULL,'2020-06-05 18:50:14'),(17,1,8,764500,10000,2500,764500,NULL,NULL,NULL,'1','47526','부산 연제구 아시아드대로 8',' (거제동) 95-2','+hMB7RzLQHZNumNawR+0Uw==','안호수','배송시 요청사','1',NULL,NULL,'2020-06-05 18:50:15'),(18,1,8,764500,10000,2500,764500,NULL,NULL,NULL,'1','47526','부산 연제구 아시아드대로 8',' (거제동) 95-2','+hMB7RzLQHZNumNawR+0Uw==','안호수','배송시 요청사','1',NULL,NULL,'2020-06-05 18:50:15'),(19,1,8,764500,10000,2500,764500,NULL,NULL,NULL,'1','47526','부산 연제구 아시아드대로 8',' (거제동) 95-2','+hMB7RzLQHZNumNawR+0Uw==','안호수','배송시 요청사','1',NULL,NULL,'2020-06-05 18:50:15'),(20,1,8,764500,10000,2500,764500,NULL,NULL,NULL,'1','47526','부산 연제구 아시아드대로 8',' (거제동) 95-2','+hMB7RzLQHZNumNawR+0Uw==','안호수','배송시 요청사','1',NULL,NULL,'2020-06-05 18:50:16'),(21,1,8,764500,10000,2500,764500,NULL,NULL,NULL,'1','47526','부산 연제구 아시아드대로 8',' (거제동) 95-2','+hMB7RzLQHZNumNawR+0Uw==','안호수','배송시 요청사','1',NULL,NULL,'2020-06-05 18:50:18'),(22,1,14,1017900,5000,0,1017900,NULL,NULL,NULL,'1','47526','부산 연제구 아시아드대로 8',' (거제동) 95-2','+hMB7RzLQHZNumNawR+0Uw==','안호수','','1',NULL,NULL,'2020-06-05 18:58:19'),(23,1,24,1134000,100000,0,1134000,NULL,NULL,NULL,'1','06000','서울 강남구 강남대로 708',' (압구정동) 124124','3ee1Rirk3OfPZo5CAOpvqA==','관리자','배송시 요청사항(선택)','1',NULL,NULL,'2020-06-05 19:05:53');
/*!40000 ALTER TABLE `tb_order` ENABLE KEYS */;
UNLOCK TABLES;

--
-- Table structure for table `tb_order_detail`
--

DROP TABLE IF EXISTS `tb_order_detail`;
/*!40101 SET @saved_cs_client     = @@character_set_client */;
/*!50503 SET character_set_client = utf8mb4 */;
CREATE TABLE `tb_order_detail` (
  `id` int(10) unsigned NOT NULL AUTO_INCREMENT COMMENT '일련번호',
  `order_id` int(10) unsigned NOT NULL DEFAULT '0' COMMENT '주문 일련번호',
  `option_id` int(10) unsigned NOT NULL DEFAULT '0' COMMENT '옵션 일련번호',
  `option_name` varchar(100) NOT NULL COMMENT '옵션명',
  `amount` int(11) NOT NULL DEFAULT '0' COMMENT '수량',
  `price` int(11) NOT NULL DEFAULT '0' COMMENT '전체금액(배송비 포함)',
  `reg_date` datetime NOT NULL DEFAULT CURRENT_TIMESTAMP COMMENT '등록일자',
  PRIMARY KEY (`id`)
) ENGINE=InnoDB AUTO_INCREMENT=15 DEFAULT CHARSET=utf8mb4 COLLATE=utf8mb4_0900_ai_ci;
/*!40101 SET character_set_client = @saved_cs_client */;

--
-- Dumping data for table `tb_order_detail`
--

LOCK TABLES `tb_order_detail` WRITE;
/*!40000 ALTER TABLE `tb_order_detail` DISABLE KEYS */;
INSERT INTO `tb_order_detail` VALUES (1,21,10,'[슈퍼얼리버드] 젤리냥수기 1개 ',1,39900,'2020-06-05 18:50:18'),(2,21,11,'[슈퍼얼리버드] 젤리냥수기 1개 + 냥냥 or 댕댕젤리팁 1개 냥냥 or 댕댕젤리팁 1개',2,47900,'2020-06-05 18:50:18'),(3,21,12,'[슈퍼얼리버드] 젤리냥수기 2개 ',3,78900,'2020-06-05 18:50:18'),(4,21,13,'[슈퍼얼리버드] 젤리냥수기 2개 + 냥냥 or 댕댕젤리팁2개 젤리냥수기 2개 ',4,94900,'2020-06-05 18:50:18'),(5,22,25,'[슈퍼울트라얼리버드] 홈지오 당질저감 멀티밥솥 1개 ',1,87900,'2020-06-05 18:58:19'),(6,22,26,'[슈퍼얼리버드] 홈지오 당질저감 멀티밥솥 2개 ',2,173000,'2020-06-05 18:58:19'),(7,22,27,'[얼리버드] 홈지오 당질저감 멀티밥솥 2개 ',3,193000,'2020-06-05 18:58:19'),(8,23,64,'[슈퍼얼리버드] 믹스매치팩 (10족 구성) 베이지M(10족)\r\n',1,24000,'2020-06-05 19:05:53'),(9,23,65,'[얼리버드] 우리가족 패키지(40족 구성) 블랙S(40족)\r\n',2,99000,'2020-06-05 19:05:53'),(10,23,66,'[얼리버드] 커플 패키지 (20족 구성) 베이지M(2O족)\r\n',3,53000,'2020-06-05 19:05:53'),(11,23,67,'[얼리버드] 블랙 매니아팩 (10족 구성) 블랙S(5족)+블랙M(5족)',5,28500,'2020-06-05 19:05:53'),(12,23,68,'[얼리버드] 베이지 매니아팩 (10족 구성) 베이지M(10족)\r\n',6,28500,'2020-06-05 19:05:54'),(13,23,69,'[얼리버드] 믹스매치 팩 (10족 구성) 베이지S(5족)+블랙M(5족)\r\n',7,28500,'2020-06-05 19:05:54'),(14,23,70,'[기본리워드] 에어핏 체험팩 (6족 구성) 블랙S(3족)+블랙M(3족)',8,17500,'2020-06-05 19:05:54');
/*!40000 ALTER TABLE `tb_order_detail` ENABLE KEYS */;
UNLOCK TABLES;

--
-- Table structure for table `tb_popup`
--

DROP TABLE IF EXISTS `tb_popup`;
/*!40101 SET @saved_cs_client     = @@character_set_client */;
/*!50503 SET character_set_client = utf8mb4 */;
CREATE TABLE `tb_popup` (
  `id` int(10) unsigned NOT NULL AUTO_INCREMENT COMMENT '일련번호',
  `member_id` int(10) unsigned NOT NULL COMMENT '회원 일련번호',
  `display` varchar(20) NOT NULL COMMENT '보여질 위치',
  `title` varchar(30) NOT NULL COMMENT '대제목',
  `subtitle` varchar(50) NOT NULL COMMENT '소제목',
  `img` varchar(200) NOT NULL COMMENT '이미지 url',
  `url` varchar(200) NOT NULL COMMENT '이동 url',
  `start_date` date NOT NULL COMMENT '시작일자',
  `end_date` date NOT NULL COMMENT '마감일자',
  `status` char(1) DEFAULT '1' COMMENT '0:출력x,1:출력,2:상단출력',
  `reg_date` datetime NOT NULL DEFAULT CURRENT_TIMESTAMP COMMENT '등록일자',
  PRIMARY KEY (`id`)
) ENGINE=InnoDB AUTO_INCREMENT=220 DEFAULT CHARSET=utf8mb4 COLLATE=utf8mb4_0900_ai_ci;
/*!40101 SET character_set_client = @saved_cs_client */;

--
-- Dumping data for table `tb_popup`
--

LOCK TABLES `tb_popup` WRITE;
/*!40000 ALTER TABLE `tb_popup` DISABLE KEYS */;
INSERT INTO `tb_popup` VALUES (213,1,'main','잘 먹고 잘 쉬기<br>만원 혜택 받고 시작해요','IT','/upload/2020/1590730550322814.jpg','/product/product?id=1','2020-05-29','2021-07-31','1','2020-05-29 14:35:50'),(214,1,'main','메인2','메인소제목2','/upload/2020/1590730575202892.jpg','/product/product?id=2','2020-05-29','2021-03-31','1','2020-05-29 14:36:15'),(215,1,'main','메인3','메인소제목3','/upload/2020/1590730592289965.jpg','/product/product?id=3','2020-05-29','2021-07-31','1','2020-05-29 14:36:32'),(216,1,'product','놓치면 끝<br>마감 임박 모음','IT','/upload/2020/1590731120873674.jpg','/product/product?id=4','2020-05-29','2021-08-31','1','2020-05-29 14:45:20'),(217,1,'product','놓치면 끝<br>마감 임박 모음2','IT2','/upload/2020/159073114691229.jpg','/product/product?id=5','2020-05-29','2021-01-31','1','2020-05-29 14:45:46'),(218,1,'product','제목3','소제목3','/upload/2020/1590731184686497.jpg','/product/product?id=6','2020-05-29','2021-02-28','1','2020-05-29 14:46:24'),(219,1,'product','165','64','/upload/2020/159100306958574.jpg','615','2020-06-10','2020-06-12','1','2020-06-01 18:17:49');
/*!40000 ALTER TABLE `tb_popup` ENABLE KEYS */;
UNLOCK TABLES;

--
-- Table structure for table `tb_product`
--

DROP TABLE IF EXISTS `tb_product`;
/*!40101 SET @saved_cs_client     = @@character_set_client */;
/*!50503 SET character_set_client = utf8mb4 */;
CREATE TABLE `tb_product` (
  `id` int(10) unsigned NOT NULL AUTO_INCREMENT COMMENT '일련번호',
  `member_id` int(10) unsigned NOT NULL DEFAULT '0' COMMENT '회원일련번호',
  `category_id` int(10) unsigned NOT NULL DEFAULT '0' COMMENT '카테고리일련번호',
  `audit_id` int(10) unsigned NOT NULL COMMENT '심사번호',
  `status` int(1) NOT NULL DEFAULT '0' COMMENT '상품 상태',
  `title` varchar(100) NOT NULL COMMENT '제목',
  `sub_title` varchar(100) NOT NULL COMMENT '프로젝트 요약',
  `video_chk` tinyint(1) NOT NULL COMMENT '메인 이미지가 비디오인지 확인',
  `img_upload_dir` varchar(100) NOT NULL COMMENT '이미지 ',
  `main_img` varchar(100) NOT NULL COMMENT '메인이미지',
  `img` text NOT NULL COMMENT '이미지경로 (구분자 |)',
  `content` text NOT NULL COMMENT '스토리',
  `price` int(11) NOT NULL COMMENT '펀딩금액',
  `start_date` date NOT NULL COMMENT '펀딩 시작일',
  `end_date` date NOT NULL COMMENT '마감일',
  `keyword` varchar(255) NOT NULL COMMENT '검색태크',
  `reg_date` datetime NOT NULL DEFAULT CURRENT_TIMESTAMP COMMENT '등록일자',
  PRIMARY KEY (`id`)
) ENGINE=InnoDB AUTO_INCREMENT=25 DEFAULT CHARSET=utf8mb4 COLLATE=utf8mb4_0900_ai_ci;
/*!40101 SET character_set_client = @saved_cs_client */;

--
-- Dumping data for table `tb_product`
--

LOCK TABLES `tb_product` WRITE;
/*!40000 ALTER TABLE `tb_product` DISABLE KEYS */;
INSERT INTO `tb_product` VALUES (7,1,7,21,0,'[앵콜]식사순서만 바꿔도 만족도가 달라진다고?한큐에 즐기는 건강식 풀코스','식단관리, 처음이라 어렵다면 10년 내공의 수니핏을 만나보세요. 주스로 한 번, 샐러드로 두 번, 건강식으로 세 번! 근사한 코스요리먹는 느낌 그대로를 도시락에 담았습니다.',0,'/upload/2020/','1591242658236809.jpg','1591242658253446.jpg|159124265825372.jpg|1591242658254789.jpg|','<p><img alt=\"\" src=\"https://www.wadiz.kr/web/campaign/detail/67160\" />그림 넣는 부분 오류 생김 확인하기</p>\r\n',1000000,'2020-06-05','2020-06-30','#건강해라 #행복해라','2020-06-04 12:50:58'),(8,1,12,22,0,'<3만 원 대 음수기> 소음도 가격 거품도 없는 반려동물 세라믹 댕냥수기','고양이 세라믹 제품은 비싸다는 편견을 깨고 싶었습니다. 필터도 소음도 가격 거품도 모두 빼고 \'신선한 물을 마신다\'는 음수의 본질에 집중한 <젤리냥수기>',0,'/upload/2020/','1591252189121372.png','159125218912264.png|1591252189122428.png|','<img alt=\"\" src=\"/CKEupload/2020/1591250378706847.jpg\" />',1000000,'2020-06-05','2020-07-27','#건강해라 #행복해라','2020-06-04 15:29:49'),(9,1,10,23,0,'마샬 가성비 갑 반피 골프장갑','여러분의 골프장갑은 어떠신가요? 유명 브랜드의 인지도만 믿고 구매해보니 얇디 얇은 양피 장갑은 아니었나요? 골프에 미친 아마추어 골퍼가 직접 원단을 선별하여 생산에 참여했습니다.',0,'/upload/2020/','1591253954218348.png','1591253954219389.png|1591253954220480.png|1591253954220163.png|1591253954221141.png|1591253954222452.png|','<img alt=\"\" src=\"/CKEupload/2020/159125395120213.png\" />',7000000,'2020-06-05','2020-07-09','#건강해라 #행복해라','2020-06-04 15:59:14'),(10,1,17,24,0,'옆집에서도 터져요 WiFi 데드존 킬러 Deco X60 공유기','와이파이가 잘 터지는 장소를 찾아다니지 마세요. 티피링크 공유기를 사용하면 그럴 필요가 없거든요. 집, 카페 심지어 4층 건물까지 구석구석 커버하는 Deco X60을 소개합니다.',0,'/upload/2020/','1591326569672435.png','1591326569673948.png|1591326569673630.png|1591326569674174.png|','<img alt=\"\" src=\"/CKEupload/2020/1591254633233894.jpg\" />\r\n<p>필수 항목이 누락되거나 미비할 경우, 오픈 승인이 어렵습니다. 아래 내용을 꼼꼼히 확인해 주시고, 스토리 필수항목은 프로젝트의 성격에 맞게 자유롭게 배치해주세요.</p>\r\n\r\n<h2>1. 메이커 소개</h2>\r\n\r\n<ul>\r\n	<li>&ldquo;안녕하세요&rdquo; 라는 인사와 함께 간단한 자기소개를 넣어주세요. 브랜드/팀명은 무엇이고, 이번 프로젝트에서 어떤 역할을 담당하는 지 소개해보세요.</li>\r\n	<li>메이커님의 얼굴을 확인할 수 있는 실물사진은 필수 항목입니다. 일러스트나 뒷모습, 선글라스 착용 등 얼굴이 가려진 사진은 사용 불가합니다.</li>\r\n</ul>\r\n\r\n<h2>2. 프로젝트 진행 동기 및 목적</h2>\r\n\r\n<ul>\r\n	<li>와디즈에서 펀딩을 하게 된 동기, 펀딩을 통해 이루고자 하는 목표와 함께, 목표금액은 무엇을 기준으로 설정하셨는 지도 함께 얘기해주세요.</li>\r\n	<li>펀딩 종료 후, 펀딩금액을 어떻게 사용하실 지와 더불어 앞으로의 계획을 알려주세요.</li>\r\n</ul>\r\n\r\n<p>(TIP) 현재 리워드는 어디까지 완성되었나요? 현재 리워드의 제작 진행 상황과 함께, 펀딩 이후의 계획도 같이 밝혀주시면 신뢰감을 주실 수 있답니다.</p>\r\n\r\n<h2>3. 리워드 소개와 상세정보</h2>\r\n\r\n<ul>\r\n	<li>리워드의 이름은 무엇이고, 어떤 용도로 사용하는 제품/서비스인가요?</li>\r\n	<li>리워드를 직접 보고 펀딩할 수 없으므로 서포터분들이 참고할 수 있는 사진, 영상과 같은 시각 자료를 넣어주세요.</li>\r\n	<li>리워드 품목에 따라 서포터가 꼭 알아야 할 상세 스펙 (특징, 사양, 사용법, 인증서, 주의사항 등)을 빠짐없이 넣어주세요.</li>\r\n</ul>\r\n\r\n<h2>4. 리워드 리스트</h2>\r\n\r\n<ul>\r\n	<li>리워드 탭에 추가해두신 리워드의 구성과 가격, 명칭 한눈에 들어올 수 있도록 리스트를 넣어주세요. 아래와 같이, 표를 이용해도 좋습니다.</li>\r\n</ul>\r\n\r\n<table style=\"width:100%\">\r\n	<tbody>\r\n		<tr>\r\n			<td style=\"width:25.0000%\">리워드명</td>\r\n			<td style=\"width:25.0000%\">구성</td>\r\n			<td style=\"width:25.0000%\">가격</td>\r\n			<td style=\"width:25.0000%\">가격혜택</td>\r\n		</tr>\r\n		<tr>\r\n			<td style=\"width:25.0000%\">[패밀리버드] 와디즈텀블러</td>\r\n			<td style=\"width:25.0000%\">와디즈 텀블러*4개, 코스터*4개</td>\r\n			<td style=\"width:25.0000%\">35,000원</td>\r\n			<td style=\"width:25.0000%\">12%</td>\r\n		</tr>\r\n		<tr>\r\n			<td style=\"width:25.0000%\">[커플버드] 와디즈텀블러</td>\r\n			<td style=\"width:25.0000%\">와디즈 텀블러*4개, 코스터*4와디즈 텀블러*2개, 코스터*2개</td>\r\n			<td style=\"width:25.0000%\">20,000원</td>\r\n			<td style=\"width:25.0000%\">10%</td>\r\n		</tr>\r\n		<tr>\r\n			<td style=\"width:25.0000%\">[솔로버드] 와디즈텀블러</td>\r\n			<td style=\"width:25.0000%\">와디즈 텀블러*1개</td>\r\n			<td style=\"width:25.0000%\">10,000원</td>\r\n			<td style=\"width:25.0000%\">8%</td>\r\n		</tr>\r\n	</tbody>\r\n</table>\r\n\r\n<h2>5. 프로젝트 일정</h2>\r\n\r\n<p>아이디어가 처음 나온 날, 샘플을 처음 제작한 날 등 프로젝트를 처음 준비하기 시작한 시점부터 적어주세요. 프로젝트 시작/마감일, 리워드 발송일은 물론, 향후 일정까지 포함해주세요.</p>\r\n\r\n<ul>\r\n	<li>아이디어 구상시점 : &Omicron;월 &Omicron;일&nbsp;</li>\r\n	<li>와디즈 펀딩 시작일 : 현재&nbsp;</li>\r\n	<li>와디즈 펀딩 마감일 : &Omicron;월 &Omicron;일&nbsp;</li>\r\n	<li>리워드 제작 시작일 : &Omicron;월 &Omicron;일</li>\r\n	<li>리워드 발송 시작일 : &Omicron;월 &Omicron;일</li>\r\n</ul>\r\n\r\n<h2>6. 리워드&nbsp;발송&nbsp;안내</h2>\r\n\r\n<p>리워드&nbsp;발송&nbsp;방법,&nbsp;순차&nbsp;발송인&nbsp;경우&nbsp;1일&nbsp;최대&nbsp;발송&nbsp;수량,&nbsp;리워드&nbsp;발송&nbsp;관련&nbsp;메이커&nbsp;연락처,&nbsp;도서/산간&nbsp;지역에&nbsp;대한&nbsp;발송&nbsp;방침을&nbsp;알려주세요.</p>\r\n\r\n<ul>\r\n	<li>발송 방법 : &sect;택배,&nbsp;직접&nbsp;전달,&nbsp;SMS,&nbsp;우편,&nbsp;등기&nbsp;등&sect;</li>\r\n	<li>발송 택배사 : 이용하시는&nbsp;택배사명</li>\r\n	<li>발송 일정 : &Omicron;월 &Omicron;일 ~ &Omicron;월 &Omicron;일 (1일 최대 &Omicron;&Omicron;개씩 순차 발송)</li>\r\n	<li>도서/산간지역 발송 안내 : &sect;추가&nbsp;배송비&nbsp;및&nbsp;배송비&nbsp;추가&nbsp;방법&nbsp;기재&sect;</li>\r\n	<li>문의 채널 : &sect;카카오채널 @&Omicron;&Omicron;&Omicron;, 메이커에게 문의하기, 메일, 연락처 등&sect;</li>\r\n	<li>수령 후 보관 시 유의사항 :</li>\r\n</ul>\r\n\r\n<h2>7. 리워드&nbsp;특이사항과&nbsp;A/S 정책</h2>\r\n\r\n<p>서포터분들이 리워드의 하자나 불량으로 착각할 수 있는 경우에 무엇이 있는지 구체적으로 작성해주세요. 또한, 리워드 초기 하자(수령 후 7일 이내에 발생)가 아니라, 서포터 사용 중 발생하는 하자를 어떻게 처리할 것인지에 대한 정책을 구체적으로 작성해주세요. 굵게 표시되어있는 내용은 변경하지 마시고, 메이커님의 리워드 특성에 맞게 작성해야 하는 부분만 변경해주시면 됩니다.&nbsp;</p>\r\n\r\n<p><strong>펀딩 종료 후 와디즈 펀딩금 반환 정책에 따라 리워드에 하자가 있을 경우 펀딩금 반환 신청을 할 수 있습니다. 자세한 정책 내용은 &lt;펀딩 안내&gt; 탭을 클릭해서 확인해주세요.&nbsp;</strong></p>\r\n\r\n<h3>1) 리워드 하자가 아닌 경우</h3>\r\n\r\n<p><strong>리워드의 특성상, 아래의 항목들이 발생할 수 있으며 이는 리워드의 하자/불량이 아닙니다. 펀딩 시 이 점을 유의해주세요.&nbsp;</strong></p>\r\n\r\n<ul>\r\n	<li>겉면의 하얀 가루는 당분이 농축된 것으로, 리워드의 이상이 아니며 드셔도 괜찮습니다.&nbsp;</li>\r\n	<li>파일 양말의 특성 상, 실이 튀어나오거나 줄이 간 것처럼 보일 수 있습니다.&nbsp;</li>\r\n	<li>양가죽의 특성 상, 주름 혹은 미세한 스크래치가 있을 수 있습니다.&nbsp;</li>\r\n	<li>통주물 공법 과정에서 표면에 좁쌀보다 작은 크기의 기포자국이 생길 수 있습니다.&nbsp;</li>\r\n</ul>\r\n\r\n<h3>2) 리워드 A/S 정책</h3>\r\n\r\n<p><strong>리워드 수령으로부터&nbsp;7일 이내에 발생한 초기 하자에 대해서는 본 A/S정책이 적용되지 않습니다.&nbsp;</strong></p>\r\n\r\n<ul>\r\n	<li><strong>보증 기간</strong> : 리워드 수령일로부터 &Omicron;년</li>\r\n	<li><strong>A/S 규정</strong> : 수령 후 초기하자가 아닌, 사용 중 발생한 하자에 대하여 1:1 교체</li>\r\n	<li><strong>A/S가 불가한 경우</strong> : 보증기간 이내일지라도, 사용자의 고의 또는 과실로 인하여 수리 및 재생이 불가능한 경우</li>\r\n	<li><strong>A/S 접수 방법</strong> : 아래 접수처를 통해 구체적인 하자 내용과 함께 접수해주시면, 정확한 소명 후 처리됩니다.&nbsp;</li>\r\n	<li><strong>&nbsp;A/S 접수처</strong> : &sect;카카오채널 @&Omicron;&Omicron;&Omicron;, 메이커에게 문의하기, 메일, 연락처 등&sect;&nbsp;</li>\r\n</ul>\r\n\r\n<h2>8. FAQ</h2>\r\n\r\n<p>메이커님의 프로젝트만의 강점을 한 번 더 강조해 주시거나 서포터가 궁금해 할만한 내용을 적어주세요.</p>\r\n\r\n<p>Q. 펀딩과 쇼핑은 무엇이 다른가요?&nbsp;</p>\r\n\r\n<p>Q. 프로젝트의 후원금은 어떻게 사용하실 계획인가요?&nbsp;</p>\r\n\r\n<p>Q. 리워드의 가장 큰 강점은 무엇인가요?&nbsp;</p>\r\n\r\n<p>Q. 해당 프로젝트에 펀딩 시, 서포터가 꼭 알아야 하는 점이 있나요?</p>\r\n\r\n<p>&nbsp;</p>\r\n',2000000,'2020-06-05','2020-07-30','#튼튼해라  #잘터져라','2020-06-04 16:10:35'),(11,1,10,25,0,'[단백질쉐이크 정착지] 이거 흑임자라떼아니야? 세상에 없던 고소함폭발','카페 인기 메뉴가 단백질쉐이크라고? 요즘 찐대세 꼬숩달달 흑임자라떼를 건강한 성분으로 재탄생시킨 프롬잇의 오늘라떼해! 당신이 가진 단백질쉐이크의 편견을 깨/부/셔 줄게요.',0,'/upload/2020/','1591255534079414.jpg','159125553408096.jpg|','<img alt=\"\" src=\"/CKEupload/2020/1591255472789536.jpg\" />',1000000,'2020-06-05','2020-07-13','#건강해라 #행복해라','2020-06-04 16:25:34'),(12,1,5,26,0,'[앵콜] 아직도 기장 수선을? 대한민국 남자를 위한 골라입는 맞춤 팬츠','바쁜 일상을 조금 더 편하게 만들어줄 210의 루틴팬츠. 어렵게 쇼핑하지 않아도 맞춤 옷 처럼 잘 맞는 팬츠를 계절에 맞게 보내드립니다.',0,'/upload/2020/','1591256787748840.png','1591256787844429.png|1591256787853668.png|1591256787859402.png|1591256787871438.png|1591256787871721.png|','<img alt=\"\" src=\"/CKEupload/2020/1591256784487592.jpg\" />',1000000,'2020-06-05','2020-07-14','#건강해라 #행복해라 #입어라','2020-06-04 16:46:27'),(13,1,9,27,0,'표류말고 여행하세요, 맥주의 바다 스타일맵 2020','맥주의 바다에서 표류하지 않기 위한 아이템! - 맥주의 바다, 스타일맵 그리고 뱃지',0,'/upload/2020/','1591258020226753.jpg','1591258020227934.jpg|1591258020227301.jpg|1591258020228852.jpg|','<img alt=\"\" src=\"/CKEupload/2020/1591258017417705.jpg\" />',2000000,'2020-06-05','2020-07-29','#건강해라 #행복해라','2020-06-04 17:07:00'),(14,1,5,28,0,'[8만원대 저당밥솥]국내최초 직접가열 방식!31%당질저감!최고 스펙!','[최신식 당질저감 멀티밥솥이 8만원대?] 국내 최초 직접가열 저당취사 방식!31%탄수화물 저감!마이콤 방식!차원이 다른 스펙과 7가지 멀티 기능! 홈지오 저당밥솥!와디즈 초특가!',0,'/upload/2020/','1591258924699785.jpg','1591258924700829.jpg|','<img alt=\"\" src=\"/CKEupload/2020/159125871022231.jpg\" />',1000000,'2020-06-05','2020-07-31','#건강해라 #행복해라','2020-06-04 17:22:04'),(15,1,5,29,0,'[와디즈 수건 1등] 99.9% 항균 수건이 핸드타월로 돌아왔습니다!','와디즈 수건 1등 15,552% 앵콜! 그리고 신상 핸드타월도 추가! 손, 씻는 것보다 닦는 것이 중요합니다. 99.9% 항균 수건이 1년의 연구로 모든 것이 달라져 돌아왔습니다.',0,'/upload/2020/','1591259498588882.jpg','1591259498589624.jpg|','<img alt=\"\" src=\"/CKEupload/2020/1591259496070333.jpg\" />',1000000,'2020-06-05','2020-07-31','#건강해라 #행복해라','2020-06-04 17:31:38'),(16,1,6,30,0,'\"속은 건조한데, 피지는 많을 때\" 수분코팅제.','민감하고 속은 건조한데, 피지가 많은 사람들을 위한 해결책 \'수분코팅제\' 수분코팅제는 피부 특성을 역이용하여 피지분비 억제를 유도합니다.',0,'/upload/2020/','1591260306201630.jpg','1591260306202877.jpg|','<img alt=\"\" src=\"/CKEupload/2020/1591260303384133.jpg\" />',1000000,'2020-06-05','2020-08-20','#건강해라 #행복해라 #입어라 #이뻐진다','2020-06-04 17:45:06'),(17,1,6,31,0,'[앵콜! 72시간 한정] 역대급 사용후기!보습,탄력,미백,주름 모두개선','“에스클래스파워앰플”은 보습,탄력,피부결,피부톤,미백,주름 까지 개선에 도움을 주는 앰플입니다. 명품피부를 이 작은 한 병에 담았습니다. 놀라운 경험을 시작하세요',0,'/upload/2020/','1591261525662735.jpg','1591261525662937.jpg|','<img alt=\"\" src=\"/CKEupload/2020/1591261523034857.jpg\" />',1000000,'2020-06-05','2020-07-31','#건강해라 #행복해라 #입어라 #이뻐진다','2020-06-04 18:05:25'),(18,1,10,32,0,'이번 휴가도 줄서서 씻게요 야외샤워설거지세척엔 휴대용 샤워기ㅣ헬리오','바닷가에서도 캠핑 할 때도 집에서처럼 샤워하고 설거지하고 손 닦을 순 없을까? 미국 캠핑 브랜드 \'니모\'는 샤워기를 들고 다닐 때 아웃도어 활동이 얼마나 편해지는지 증명해 줍니다!',0,'/upload/2020/','1591262463816750.png','1591262463817290.png|1591262463817301.png|1591262463818850.png|1591262463818454.png|','<img alt=\"\" src=\"/CKEupload/2020/1591262460123433.jpg\" />',1000000,'2020-06-05','2020-07-31','#튼튼해라  #씻어라 ','2020-06-04 18:21:03'),(19,1,6,33,0,'플라즈마와 미세전류를 동시에! 피부 탄력 홈케어 뷰티 디바이스, 오로라미','마스크 착용이 생활화된 요즘, 탄력 및 피부 결 관리 어떻게 하고 계시나요? 나만의 뷰티 디바이스 \'오로라미\'로 집콕 케어하세요.',0,'/upload/2020/','1591263523361501.jpg','1591263523362591.jpg|1591263523363330.jpg|1591263523364983.jpg|1591263523364352.jpg|','<img alt=\"\" src=\"/CKEupload/2020/159126352088358.png\" />',1000000,'2020-06-05','2020-07-31','#건강해라 #행복해라 #입어라 #이뻐진다','2020-06-04 18:38:43'),(20,1,5,34,0,'앉아서 일하는 모두의 뱃살을 아우르다: 진정한 좌식노동자의 팬츠, 이바지','하루종일 모니터 앞에 앉아 일해야하는 당신을 위해 만들었습니다. 내구성은 기본, 삐져나오는 뱃살 커버부터 스타일까지 한번에. 바지계의 성인군자. “이바지\"',0,'/upload/2020/','1591316833768148.jpg','1591316833769912.jpg|','<img alt=\"\" src=\"/CKEupload/2020/1591316831558372.jpg\" />',1000000,'2020-06-05','2020-07-31','#건강해라 #행복해라 #입어라 #이뻐진다','2020-06-05 09:27:13'),(21,1,8,35,0,'바닥, 물로만 닦으셨나요? (feat. 집사주목!) #온에어플로어','집안 밖 미세먼지에 반려동물이 함께하면서 집안 바닥 건강이 위협 당하고 있습니다. 지금까지 물로만 걸레질했다면 이젠 살균과 탈취까지! 가족과 반려동물을 위한 셀프케어가 실현됩니다.',0,'/upload/2020/','159131746307793.png','1591317463078161.png|1591317463078951.png|1591317463079215.jpg|','<img alt=\"\" src=\"/CKEupload/2020/159131746019682.jpg\" />',5000000,'2020-06-05','2020-07-03','#깨끗해져라 #야옹야옹','2020-06-05 09:37:43'),(22,1,8,36,0,'[방탄주방] 가스렌지를 양념과 기름으로부터 완벽히 보호!<감성주방>','깨끗한 주방을 위한 필수품. 방탄 주방은 각종 양념과 기름때로부터 가스렌지와 주방을 보호하여, 요리를 더욱 즐겁게 해드립니다.',0,'/upload/2020/','159131930802360.jpg','1591319308046637.jpg|1591319308047400.jpg|1591319308048835.jpg|159131930804974.jpg|','<img alt=\"\" src=\"/CKEupload/2020/159131930084989.png\" />',1000000,'2020-06-05','2020-07-08','#튼튼해라  #잘터져라','2020-06-05 10:08:28'),(23,1,19,37,0,'[더운날 상쾌한 꿀잠의 시작]바르면 코가 시원~!세상에 없던 꿀잠크림','꿀잠을 위한 세상에 없던 별헤는 Good Balm! 콕찍어 쓱~ 바르는 꿀잠ㅁㅁㅁㅁㅁㅁㅁㅁㅁㅁㅁㅁ크림, 유해성분NO! 착한성분의 유아~성인까지 건조함은 이제 안녕! 상쾌하고 시원하',0,'/upload/2020/','15913434682864.jpg','1591320158983595.jpg|','<img alt=\"\" src=\"/CKEupload/2020/1591320156298213.png\" />\r\n<p>필수 항목이 누락되거나 미비할 경우, 오픈 승인이 어렵습니다. 아래 내용을 꼼꼼히 확인해 주시고, 스토리 필수항목은 프로젝트의 성격에 맞게 자유롭게 배치해주세요.</p>\r\n\r\n<h2>1. 메이커 소개</h2>\r\n\r\n<ul>\r\n	<li>&ldquo;안녕하세요&rdquo; 라는 인사와 함께 간단한 자기소개를 넣어주세요. 브랜드/팀명은 무엇이고, 이번 프로젝트에서 어떤 역할을 담당하는 지 소개해보세요.</li>\r\n	<li>메이커님의 얼굴을 확인할 수 있는 실물사진은 필수 항목입니다. 일러스트나 뒷모습, 선글라스 착용 등 얼굴이 가려진 사진은 사용 불가합니다.</li>\r\n</ul>\r\n\r\n<h2>2. 프로젝트 진행 동기 및 목적</h2>\r\n\r\n<ul>\r\n	<li>와디즈에서 펀딩을 하게 된 동기, 펀딩을 통해 이루고자 하는 목표와 함께, 목표금액은 무엇을 기준으로 설정하셨는 지도 함께 얘기해주세요.</li>\r\n	<li>펀딩 종료 후, 펀딩금액을 어떻게 사용하실 지와 더불어 앞으로의 계획을 알려주세요.</li>\r\n</ul>\r\n\r\n<p>(TIP) 현재 리워드는 어디까지 완성되었나요? 현재 리워드의 제작 진행 상황과 함께, 펀딩 이후의 계획도 같이 밝혀주시면 신뢰감을 주실 수 있답니다.</p>\r\n\r\n<h2>3. 리워드 소개와 상세정보</h2>\r\n\r\n<ul>\r\n	<li>리워드의 이름은 무엇이고, 어떤 용도로 사용하는 제품/서비스인가요?</li>\r\n	<li>리워드를 직접 보고 펀딩할 수 없으므로 서포터분들이 참고할 수 있는 사진, 영상과 같은 시각 자료를 넣어주세요.</li>\r\n	<li>리워드 품목에 따라 서포터가 꼭 알아야 할 상세 스펙 (특징, 사양, 사용법, 인증서, 주의사항 등)을 빠짐없이 넣어주세요.</li>\r\n</ul>\r\n\r\n<h2>4. 리워드 리스트</h2>\r\n\r\n<ul>\r\n	<li>리워드 탭에 추가해두신 리워드의 구성과 가격, 명칭 한눈에 들어올 수 있도록 리스트를 넣어주세요. 아래와 같이, 표를 이용해도 좋습니다.</li>\r\n</ul>\r\n\r\n<table style=\"width:100%\">\r\n	<tbody>\r\n		<tr>\r\n			<td style=\"width:25.0000%\">리워드명</td>\r\n			<td style=\"width:25.0000%\">구성</td>\r\n			<td style=\"width:25.0000%\">가격</td>\r\n			<td style=\"width:25.0000%\">가격혜택</td>\r\n		</tr>\r\n		<tr>\r\n			<td style=\"width:25.0000%\">[패밀리버드] 와디즈텀블러</td>\r\n			<td style=\"width:25.0000%\">와디즈 텀블러*4개, 코스터*4개</td>\r\n			<td style=\"width:25.0000%\">35,000원</td>\r\n			<td style=\"width:25.0000%\">12%</td>\r\n		</tr>\r\n		<tr>\r\n			<td style=\"width:25.0000%\">[커플버드] 와디즈텀블러</td>\r\n			<td style=\"width:25.0000%\">와디즈 텀블러*4개, 코스터*4와디즈 텀블러*2개, 코스터*2개</td>\r\n			<td style=\"width:25.0000%\">20,000원</td>\r\n			<td style=\"width:25.0000%\">10%</td>\r\n		</tr>\r\n		<tr>\r\n			<td style=\"width:25.0000%\">[솔로버드] 와디즈텀블러</td>\r\n			<td style=\"width:25.0000%\">와디즈 텀블러*1개</td>\r\n			<td style=\"width:25.0000%\">10,000원</td>\r\n			<td style=\"width:25.0000%\">8%</td>\r\n		</tr>\r\n	</tbody>\r\n</table>\r\n\r\n<h2>5. 프로젝트 일정</h2>\r\n\r\n<p>아이디어가 처음 나온 날, 샘플을 처음 제작한 날 등 프로젝트를 처음 준비하기 시작한 시점부터 적어주세요. 프로젝트 시작/마감일, 리워드 발송일은 물론, 향후 일정까지 포함해주세요.</p>\r\n\r\n<ul>\r\n	<li>아이디어 구상시점 : &Omicron;월 &Omicron;일&nbsp;</li>\r\n	<li>와디즈 펀딩 시작일 : 현재&nbsp;</li>\r\n	<li>와디즈 펀딩 마감일 : &Omicron;월 &Omicron;일&nbsp;</li>\r\n	<li>리워드 제작 시작일 : &Omicron;월 &Omicron;일</li>\r\n	<li>리워드 발송 시작일 : &Omicron;월 &Omicron;일</li>\r\n</ul>\r\n\r\n<h2>6. 리워드&nbsp;발송&nbsp;안내</h2>\r\n\r\n<p>리워드&nbsp;발송&nbsp;방법,&nbsp;순차&nbsp;발송인&nbsp;경우&nbsp;1일&nbsp;최대&nbsp;발송&nbsp;수량,&nbsp;리워드&nbsp;발송&nbsp;관련&nbsp;메이커&nbsp;연락처,&nbsp;도서/산간&nbsp;지역에&nbsp;대한&nbsp;발송&nbsp;방침을&nbsp;알려주세요.</p>\r\n\r\n<ul>\r\n	<li>발송 방법 : &sect;택배,&nbsp;직접&nbsp;전달,&nbsp;SMS,&nbsp;우편,&nbsp;등기&nbsp;등&sect;</li>\r\n	<li>발송 택배사 : 이용하시는&nbsp;택배사명</li>\r\n	<li>발송 일정 : &Omicron;월 &Omicron;일 ~ &Omicron;월 &Omicron;일 (1일 최대 &Omicron;&Omicron;개씩 순차 발송)</li>\r\n	<li>도서/산간지역 발송 안내 : &sect;추가&nbsp;배송비&nbsp;및&nbsp;배송비&nbsp;추가&nbsp;방법&nbsp;기재&sect;</li>\r\n	<li>문의 채널 : &sect;카카오채널 @&Omicron;&Omicron;&Omicron;, 메이커에게 문의하기, 메일, 연락처 등&sect;</li>\r\n	<li>수령 후 보관 시 유의사항 :</li>\r\n</ul>\r\n\r\n<h2>7. 리워드&nbsp;특이사항과&nbsp;A/S 정책</h2>\r\n\r\n<p>서포터분들이 리워드의 하자나 불량으로 착각할 수 있는 경우에 무엇이 있는지 구체적으로 작성해주세요. 또한, 리워드 초기 하자(수령 후 7일 이내에 발생)가 아니라, 서포터 사용 중 발생하는 하자를 어떻게 처리할 것인지에 대한 정책을 구체적으로 작성해주세요. 굵게 표시되어있는 내용은 변경하지 마시고, 메이커님의 리워드 특성에 맞게 작성해야 하는 부분만 변경해주시면 됩니다.&nbsp;</p>\r\n\r\n<p><strong>펀딩 종료 후 와디즈 펀딩금 반환 정책에 따라 리워드에 하자가 있을 경우 펀딩금 반환 신청을 할 수 있습니다. 자세한 정책 내용은 &lt;펀딩 안내&gt; 탭을 클릭해서 확인해주세요.&nbsp;</strong></p>\r\n\r\n<h3>1) 리워드 하자가 아닌 경우</h3>\r\n\r\n<p><strong>리워드의 특성상, 아래의 항목들이 발생할 수 있으며 이는 리워드의 하자/불량이 아닙니다. 펀딩 시 이 점을 유의해주세요.&nbsp;</strong></p>\r\n\r\n<ul>\r\n	<li>겉면의 하얀 가루는 당분이 농축된 것으로, 리워드의 이상이 아니며 드셔도 괜찮습니다.&nbsp;</li>\r\n	<li>파일 양말의 특성 상, 실이 튀어나오거나 줄이 간 것처럼 보일 수 있습니다.&nbsp;</li>\r\n	<li>양가죽의 특성 상, 주름 혹은 미세한 스크래치가 있을 수 있습니다.&nbsp;</li>\r\n	<li>통주물 공법 과정에서 표면에 좁쌀보다 작은 크기의 기포자국이 생길 수 있습니다.&nbsp;</li>\r\n</ul>\r\n\r\n<h3>2) 리워드 A/S 정책</h3>\r\n\r\n<p><strong>리워드 수령으로부터&nbsp;7일 이내에 발생한 초기 하자에 대해서는 본 A/S정책이 적용되지 않습니다.&nbsp;</strong></p>\r\n\r\n<ul>\r\n	<li><strong>보증 기간</strong> : 리워드 수령일로부터 &Omicron;년</li>\r\n	<li><strong>A/S 규정</strong> : 수령 후 초기하자가 아닌, 사용 중 발생한 하자에 대하여 1:1 교체</li>\r\n	<li><strong>A/S가 불가한 경우</strong> : 보증기간 이내일지라도, 사용자의 고의 또는 과실로 인하여 수리 및 재생이 불가능한 경우</li>\r\n	<li><strong>A/S 접수 방법</strong> : 아래 접수처를 통해 구체적인 하자 내용과 함께 접수해주시면, 정확한 소명 후 처리됩니다.&nbsp;</li>\r\n	<li><strong>&nbsp;A/S 접수처</strong> : &sect;카카오채널 @&Omicron;&Omicron;&Omicron;, 메이커에게 문의하기, 메일, 연락처 등&sect;&nbsp;</li>\r\n</ul>\r\n\r\n<h2>8. FAQ</h2>\r\n\r\n<p>메이커님의 프로젝트만의 강점을 한 번 더 강조해 주시거나 서포터가 궁금해 할만한 내용을 적어주세요.</p>\r\n\r\n<p>Q. 펀딩과 쇼핑은 무엇이 다른가요?&nbsp;</p>\r\n\r\n<p>Q. 프로젝트의 후원금은 어떻게 사용하실 계획인가요?&nbsp;</p>\r\n\r\n<p>Q. 리워드의 가장 큰 강점은 무엇인가요?&nbsp;</p>\r\n\r\n<p>Q. 해당 프로젝트에 펀딩 시, 서포터가 꼭 알아야 하는 점이 있나요?</p>\r\n\r\n<p>&nbsp;</p>\r\n\r\n<p>필수 항목이 누락되거나 미비할 경우, 오픈 승인이 어렵습니다. 아래 내용을 꼼꼼히 확인해 주시고, 스토리 필수항목은 프로젝트의 성격에 맞게 자유롭게 배치해주세요.</p>\r\n\r\n<h2>1. 메이커 소개</h2>\r\n\r\n<ul>\r\n	<li>&ldquo;안녕하세요&rdquo; 라는 인사와 함께 간단한 자기소개를 넣어주세요. 브랜드/팀명은 무엇이고, 이번 프로젝트에서 어떤 역할을 담당하는 지 소개해보세요.</li>\r\n	<li>메이커님의 얼굴을 확인할 수 있는 실물사진은 필수 항목입니다. 일러스트나 뒷모습, 선글라스 착용 등 얼굴이 가려진 사진은 사용 불가합니다.</li>\r\n</ul>\r\n\r\n<h2>2. 프로젝트 진행 동기 및 목적</h2>\r\n\r\n<ul>\r\n	<li>와디즈에서 펀딩을 하게 된 동기, 펀딩을 통해 이루고자 하는 목표와 함께, 목표금액은 무엇을 기준으로 설정하셨는 지도 함께 얘기해주세요.</li>\r\n	<li>펀딩 종료 후, 펀딩금액을 어떻게 사용하실 지와 더불어 앞으로의 계획을 알려주세요.</li>\r\n</ul>\r\n\r\n<p>(TIP) 현재 리워드는 어디까지 완성되었나요? 현재 리워드의 제작 진행 상황과 함께, 펀딩 이후의 계획도 같이 밝혀주시면 신뢰감을 주실 수 있답니다.</p>\r\n\r\n<h2>3. 리워드 소개와 상세정보</h2>\r\n\r\n<ul>\r\n	<li>리워드의 이름은 무엇이고, 어떤 용도로 사용하는 제품/서비스인가요?</li>\r\n	<li>리워드를 직접 보고 펀딩할 수 없으므로 서포터분들이 참고할 수 있는 사진, 영상과 같은 시각 자료를 넣어주세요.</li>\r\n	<li>리워드 품목에 따라 서포터가 꼭 알아야 할 상세 스펙 (특징, 사양, 사용법, 인증서, 주의사항 등)을 빠짐없이 넣어주세요.</li>\r\n</ul>\r\n\r\n<h2>4. 리워드 리스트</h2>\r\n\r\n<ul>\r\n	<li>리워드 탭에 추가해두신 리워드의 구성과 가격, 명칭 한눈에 들어올 수 있도록 리스트를 넣어주세요. 아래와 같이, 표를 이용해도 좋습니다.</li>\r\n</ul>\r\n\r\n<table style=\"width:100%\">\r\n	<tbody>\r\n		<tr>\r\n			<td style=\"width:25.0000%\">리워드명</td>\r\n			<td style=\"width:25.0000%\">구성</td>\r\n			<td style=\"width:25.0000%\">가격</td>\r\n			<td style=\"width:25.0000%\">가격혜택</td>\r\n		</tr>\r\n		<tr>\r\n			<td style=\"width:25.0000%\">[패밀리버드] 와디즈텀블러</td>\r\n			<td style=\"width:25.0000%\">와디즈 텀블러*4개, 코스터*4개</td>\r\n			<td style=\"width:25.0000%\">35,000원</td>\r\n			<td style=\"width:25.0000%\">12%</td>\r\n		</tr>\r\n		<tr>\r\n			<td style=\"width:25.0000%\">[커플버드] 와디즈텀블러</td>\r\n			<td style=\"width:25.0000%\">와디즈 텀블러*4개, 코스터*4와디즈 텀블러*2개, 코스터*2개</td>\r\n			<td style=\"width:25.0000%\">20,000원</td>\r\n			<td style=\"width:25.0000%\">10%</td>\r\n		</tr>\r\n		<tr>\r\n			<td style=\"width:25.0000%\">[솔로버드] 와디즈텀블러</td>\r\n			<td style=\"width:25.0000%\">와디즈 텀블러*1개</td>\r\n			<td style=\"width:25.0000%\">10,000원</td>\r\n			<td style=\"width:25.0000%\">8%</td>\r\n		</tr>\r\n	</tbody>\r\n</table>\r\n\r\n<h2>5. 프로젝트 일정</h2>\r\n\r\n<p>아이디어가 처음 나온 날, 샘플을 처음 제작한 날 등 프로젝트를 처음 준비하기 시작한 시점부터 적어주세요. 프로젝트 시작/마감일, 리워드 발송일은 물론, 향후 일정까지 포함해주세요.</p>\r\n\r\n<ul>\r\n	<li>아이디어 구상시점 : &Omicron;월 &Omicron;일&nbsp;</li>\r\n	<li>와디즈 펀딩 시작일 : 현재&nbsp;</li>\r\n	<li>와디즈 펀딩 마감일 : &Omicron;월 &Omicron;일&nbsp;</li>\r\n	<li>리워드 제작 시작일 : &Omicron;월 &Omicron;일</li>\r\n	<li>리워드 발송 시작일 : &Omicron;월 &Omicron;일</li>\r\n</ul>\r\n\r\n<h2>6. 리워드&nbsp;발송&nbsp;안내</h2>\r\n\r\n<p>리워드&nbsp;발송&nbsp;방법,&nbsp;순차&nbsp;발송인&nbsp;경우&nbsp;1일&nbsp;최대&nbsp;발송&nbsp;수량,&nbsp;리워드&nbsp;발송&nbsp;관련&nbsp;메이커&nbsp;연락처,&nbsp;도서/산간&nbsp;지역에&nbsp;대한&nbsp;발송&nbsp;방침을&nbsp;알려주세요.</p>\r\n\r\n<ul>\r\n	<li>발송 방법 : &sect;택배,&nbsp;직접&nbsp;전달,&nbsp;SMS,&nbsp;우편,&nbsp;등기&nbsp;등&sect;</li>\r\n	<li>발송 택배사 : 이용하시는&nbsp;택배사명</li>\r\n	<li>발송 일정 : &Omicron;월 &Omicron;일 ~ &Omicron;월 &Omicron;일 (1일 최대 &Omicron;&Omicron;개씩 순차 발송)</li>\r\n	<li>도서/산간지역 발송 안내 : &sect;추가&nbsp;배송비&nbsp;및&nbsp;배송비&nbsp;추가&nbsp;방법&nbsp;기재&sect;</li>\r\n	<li>문의 채널 : &sect;카카오채널 @&Omicron;&Omicron;&Omicron;, 메이커에게 문의하기, 메일, 연락처 등&sect;</li>\r\n	<li>수령 후 보관 시 유의사항 :</li>\r\n</ul>\r\n\r\n<h2>7. 리워드&nbsp;특이사항과&nbsp;A/S 정책</h2>\r\n\r\n<p>서포터분들이 리워드의 하자나 불량으로 착각할 수 있는 경우에 무엇이 있는지 구체적으로 작성해주세요. 또한, 리워드 초기 하자(수령 후 7일 이내에 발생)가 아니라, 서포터 사용 중 발생하는 하자를 어떻게 처리할 것인지에 대한 정책을 구체적으로 작성해주세요. 굵게 표시되어있는 내용은 변경하지 마시고, 메이커님의 리워드 특성에 맞게 작성해야 하는 부분만 변경해주시면 됩니다.&nbsp;</p>\r\n\r\n<p><strong>펀딩 종료 후 와디즈 펀딩금 반환 정책에 따라 리워드에 하자가 있을 경우 펀딩금 반환 신청을 할 수 있습니다. 자세한 정책 내용은 &lt;펀딩 안내&gt; 탭을 클릭해서 확인해주세요.&nbsp;</strong></p>\r\n\r\n<h3>1) 리워드 하자가 아닌 경우</h3>\r\n\r\n<p><strong>리워드의 특성상, 아래의 항목들이 발생할 수 있으며 이는 리워드의 하자/불량이 아닙니다. 펀딩 시 이 점을 유의해주세요.&nbsp;</strong></p>\r\n\r\n<ul>\r\n	<li>겉면의 하얀 가루는 당분이 농축된 것으로, 리워드의 이상이 아니며 드셔도 괜찮습니다.&nbsp;</li>\r\n	<li>파일 양말의 특성 상, 실이 튀어나오거나 줄이 간 것처럼 보일 수 있습니다.&nbsp;</li>\r\n	<li>양가죽의 특성 상, 주름 혹은 미세한 스크래치가 있을 수 있습니다.&nbsp;</li>\r\n	<li>통주물 공법 과정에서 표면에 좁쌀보다 작은 크기의 기포자국이 생길 수 있습니다.&nbsp;</li>\r\n</ul>\r\n\r\n<h3>2) 리워드 A/S 정책</h3>\r\n\r\n<p><strong>리워드 수령으로부터&nbsp;7일 이내에 발생한 초기 하자에 대해서는 본 A/S정책이 적용되지 않습니다.&nbsp;</strong></p>\r\n\r\n<ul>\r\n	<li><strong>보증 기간</strong> : 리워드 수령일로부터 &Omicron;년</li>\r\n	<li><strong>A/S 규정</strong> : 수령 후 초기하자가 아닌, 사용 중 발생한 하자에 대하여 1:1 교체</li>\r\n	<li><strong>A/S가 불가한 경우</strong> : 보증기간 이내일지라도, 사용자의 고의 또는 과실로 인하여 수리 및 재생이 불가능한 경우</li>\r\n	<li><strong>A/S 접수 방법</strong> : 아래 접수처를 통해 구체적인 하자 내용과 함께 접수해주시면, 정확한 소명 후 처리됩니다.&nbsp;</li>\r\n	<li><strong>&nbsp;A/S 접수처</strong> : &sect;카카오채널 @&Omicron;&Omicron;&Omicron;, 메이커에게 문의하기, 메일, 연락처 등&sect;&nbsp;</li>\r\n</ul>\r\n\r\n<h2>8. FAQ</h2>\r\n\r\n<p>메이커님의 프로젝트만의 강점을 한 번 더 강조해 주시거나 서포터가 궁금해 할만한 내용을 적어주세요.</p>\r\n\r\n<p>Q. 펀딩과 쇼핑은 무엇이 다른가요?&nbsp;</p>\r\n\r\n<p>Q. 프로젝트의 후원금은 어떻게 사용하실 계획인가요?&nbsp;</p>\r\n\r\n<p>Q. 리워드의 가장 큰 강점은 무엇인가요?&nbsp;</p>\r\n\r\n<p>Q. 해당 프로젝트에 펀딩 시, 서포터가 꼭 알아야 하는 점이 있나요?</p>\r\n\r\n<p>&nbsp;</p>\r\n',500000,'2020-06-05','2020-07-23','#건강해라 #행복해라 #입어라 #이뻐진다','2020-06-05 10:22:38'),(24,1,5,38,0,'신은거 까먹고 양말 한겹 더 신을뻔했잖아요. 완벽한 착화감- 에어핏 양말','신고 걷기만 하면 벗겨지는 페이크삭스! 오래 신으면 불편하고 배기는 페이크삭스! 우리는 알고있지만 참고 신었습니다. 그 불편함을 날려버린 Air-Fit 페이크삭스 -',0,'/upload/2020/','1591321056776274.jpg','1591321056776209.jpg|1591321056777204.jpg|','<img alt=\"\" src=\"/CKEupload/2020/159132105467233.jpg\" />',1000000,'2020-06-05','2020-07-31','#건강해라 #신어라 #입어라 #이뻐진다  ','2020-06-05 10:37:36');
/*!40000 ALTER TABLE `tb_product` ENABLE KEYS */;
UNLOCK TABLES;

--
-- Table structure for table `tb_product_comment`
--

DROP TABLE IF EXISTS `tb_product_comment`;
/*!40101 SET @saved_cs_client     = @@character_set_client */;
/*!50503 SET character_set_client = utf8mb4 */;
CREATE TABLE `tb_product_comment` (
  `id` int(10) unsigned NOT NULL AUTO_INCREMENT,
  `member_id` int(10) unsigned NOT NULL DEFAULT '0' COMMENT ' ',
  `product_id` int(10) unsigned NOT NULL DEFAULT '0' COMMENT ' ',
  `parent_id` int(10) unsigned NOT NULL DEFAULT '0' COMMENT '    ',
  `member_imgae` varchar(100) DEFAULT NULL COMMENT ' ',
  `member_status` varchar(100) DEFAULT NULL COMMENT ', , ',
  `member_userid` varchar(100) DEFAULT NULL,
  `comment` varchar(100) DEFAULT NULL,
  `reg_date` datetime NOT NULL DEFAULT CURRENT_TIMESTAMP,
  PRIMARY KEY (`id`)
) ENGINE=InnoDB DEFAULT CHARSET=utf8;
/*!40101 SET character_set_client = @saved_cs_client */;

--
-- Dumping data for table `tb_product_comment`
--

LOCK TABLES `tb_product_comment` WRITE;
/*!40000 ALTER TABLE `tb_product_comment` DISABLE KEYS */;
/*!40000 ALTER TABLE `tb_product_comment` ENABLE KEYS */;
UNLOCK TABLES;

--
-- Table structure for table `tb_product_notice`
--

DROP TABLE IF EXISTS `tb_product_notice`;
/*!40101 SET @saved_cs_client     = @@character_set_client */;
/*!50503 SET character_set_client = utf8mb4 */;
CREATE TABLE `tb_product_notice` (
  `id` int(10) unsigned NOT NULL AUTO_INCREMENT,
  `member_id` int(10) unsigned NOT NULL DEFAULT '0',
  `product_id` int(10) unsigned NOT NULL DEFAULT '0' COMMENT ' ',
  `title` varchar(100) NOT NULL,
  `content` text NOT NULL,
  `reg_date` datetime NOT NULL DEFAULT CURRENT_TIMESTAMP,
  PRIMARY KEY (`id`)
) ENGINE=InnoDB DEFAULT CHARSET=utf8;
/*!40101 SET character_set_client = @saved_cs_client */;

--
-- Dumping data for table `tb_product_notice`
--

LOCK TABLES `tb_product_notice` WRITE;
/*!40000 ALTER TABLE `tb_product_notice` DISABLE KEYS */;
/*!40000 ALTER TABLE `tb_product_notice` ENABLE KEYS */;
UNLOCK TABLES;

--
-- Table structure for table `tb_product_option`
--

DROP TABLE IF EXISTS `tb_product_option`;
/*!40101 SET @saved_cs_client     = @@character_set_client */;
/*!50503 SET character_set_client = utf8mb4 */;
CREATE TABLE `tb_product_option` (
  `id` int(10) unsigned NOT NULL AUTO_INCREMENT COMMENT '일련번호',
  `product_id` int(10) unsigned NOT NULL DEFAULT '0' COMMENT '상품 일련번ㄹ호',
  `title` varchar(100) NOT NULL COMMENT '이름',
  `description` varchar(100) NOT NULL COMMENT '설명',
  `market_price` int(10) unsigned NOT NULL COMMENT '시중가',
  `price` int(10) unsigned NOT NULL COMMENT '가격',
  `stock` int(10) unsigned NOT NULL COMMENT '재고',
  `delevery_chk` char(1) NOT NULL COMMENT '배송 필수 확인',
  `delevery_price` int(10) unsigned NOT NULL COMMENT '배송비',
  `option_type` char(1) NOT NULL COMMENT '0: 옵션없음, 1: 선택형옵션,2: 서술형옵션',
  `option_kind` varchar(200) DEFAULT NULL COMMENT '선택형 : |로 구분, 서술형 : 그냥 글자',
  `delivery_date` date NOT NULL COMMENT '배송시작예정일',
  `reg_date` datetime NOT NULL DEFAULT CURRENT_TIMESTAMP COMMENT '등록일자',
  PRIMARY KEY (`id`)
) ENGINE=InnoDB AUTO_INCREMENT=79 DEFAULT CHARSET=utf8mb4 COLLATE=utf8mb4_0900_ai_ci;
/*!40101 SET character_set_client = @saved_cs_client */;

--
-- Dumping data for table `tb_product_option`
--

LOCK TABLES `tb_product_option` WRITE;
/*!40000 ALTER TABLE `tb_product_option` DISABLE KEYS */;
INSERT INTO `tb_product_option` VALUES (1,1,'프로젝트 제목 ','ㅙㅗ',0,5000,123213,'1',1000,'1','ㅔㅑㅓㅔㅑㅓ','2020-06-23','2020-06-02 18:22:07'),(2,1,'프로젝트 제목 ','ㅙㅗ',0,5000,123213,'1',1000,'1','ㅔㅑㅓㅔㅑㅓ','2020-06-23','2020-06-02 18:24:39'),(3,1,'421','412',0,5000,123213,'1',8222,'1','42','2020-06-30','2020-06-02 18:26:16'),(5,6,'레고 스타워즈','레고\r\n로보트\r\n스타워즈',0,10000,1000,'1',2500,'1','M\r\nS\r\nL\r\nㅁㅁㅁ','2020-07-31','2020-06-04 10:39:10'),(6,6,'탈수기','탈수지 설명',0,50000,100,'0',0,'0','','2020-06-13','2020-06-04 10:43:23'),(8,7,'[슈퍼얼리버드]채움키트(도시락+클렌즈주스)','도시락4팩(4종x1) +클렌즈주스4팩(4종x1)',0,28900,500,'1',3000,'2','도시락4팩(4종x1) +클렌즈주스4팩(4종x1)','2020-06-04','2020-06-04 12:53:07'),(9,7,'[슈퍼얼리버드]채움키트2주패키지(도시락+클렌즈주스)','도시락8팩(4종x2) +클렌즈주스8팩(4종x2)',0,56800,500,'1',5000,'2','도시락8팩(4종x2) +클렌즈주스8팩(4종x2)','2020-06-04','2020-06-04 12:53:52'),(10,8,'[슈퍼얼리버드] 젤리냥수기 1개','젤리냥수기 1개 기 배송됩니다\r\n',0,39900,200,'1',2500,'0','','2020-06-30','2020-06-04 15:38:35'),(11,8,'[슈퍼얼리버드] 젤리냥수기 1개 + 냥냥 or 댕댕젤리팁 1개','젤리냥수기 1개 + 냥냥 or 댕댕젤리팁 1개 가 배송되는 옵션입니다\r\n',0,47900,600,'1',2500,'0','','2020-06-30','2020-06-04 15:39:10'),(12,8,'[슈퍼얼리버드] 젤리냥수기 2개','젤리냥수기 2개가 배송되는 옵션입니다',0,78900,20,'1',0,'0','','2020-06-30','2020-06-04 15:39:39'),(13,8,'[슈퍼얼리버드] 젤리냥수기 2개 + 냥냥 or 댕댕젤리팁2개','젤리냥수기 2개 + 냥냥 or 댕댕젤리팁2개 가 배송되는 옵션입니다',0,94900,70,'1',0,'0','','2020-06-30','2020-06-04 15:40:03'),(14,10,'[슈퍼 얼리버드] Deco X60(2 pack) X 1set','♥Deco X60(2 pack)기본 구성품 1set♥\r\n',0,229000,95,'1',2500,'2','♥7만원 가격 혜택♥\r\n6월9일부터 순차 발송','2020-06-18','2020-06-04 16:11:50'),(15,10,'[와디즈 한정 리워드] Deco X60(3 pack) X 1set','♥Deco X60(3 pack)기본 구성품 1set♥\r\n♥8만원 가격 혜택♥\r\n6월9일부터 순차 발송\r\n',0,319000,50,'1',2500,'0','','2020-06-18','2020-06-04 16:12:27'),(16,10,'[와디즈 한정 리워드] Deco X60(2 pack) X 1set','♥Deco X60(2 pack)기본 구성품 1set♥\r\n♥5만원 가격 혜택♥\r\n6월9일부터 순차 발송\r\n',0,249000,50,'1',2500,'0','','2020-06-18','2020-06-04 16:12:52'),(17,11,'[오직와디즈] 고단백식단 스타터팩','- 오늘라떼해 흑임자라떼맛 10잔\r\n- 매일단백해 10봉(맛옵션선택)\r\n',0,52200,600,'1',0,'2','35% 혜택(정가:80,000원)\r\n무료배송','2020-06-16','2020-06-04 16:26:35'),(18,11,'[오직와디즈] 고단백식단 2주팩','오늘라떼해 흑임자라떼맛 15잔\r\n매일단백해 15봉(맛옵션선택)\r\n',0,75600,500,'1',0,'0','','2020-06-04','2020-06-04 16:29:00'),(19,11,'[오직와디즈] 우리가족 엄지척 패밀리팩','- 오늘라떼해 흑임자라떼맛 30잔\r\n- 매일단백해 30봉(맛옵션선택)\r\n\r\n42% 혜택(정가:240,000원)\r\n무료배송',0,138600,100,'1',0,'0','','2020-06-04','2020-06-04 16:29:36'),(20,11,'[슈퍼얼리버드/한정수량] 2주팩','먼저 사는 사람이 임자!\r\n한정수량! 지금펀딩!\r\n- 오늘라떼해 흑임자라떼맛 15잔',0,30000,100,'1',0,'0','','2020-06-04','2020-06-04 16:30:28'),(21,12,'[체험판]루틴팬츠 단품 리워드 (1pcs)','루틴팬츠 03번 ‘쿨스판팬츠옵션을 기재해주세요.\r\n*핏 / 컬러 / 허리사이즈 / 기장 기재\r\n*3번팬츠는 핏에 따른 컬러가 다릅니다.\r\n1pcs가 발송됩니다.\r\n',0,39900,500,'1',2500,'1','[허리사이즈]\r\n-슬림핏 : 29,30,31,32,33,34,36,38\r\n-테이퍼드핏 : 29,30,32,34,36','2020-06-30','2020-06-04 16:47:51'),(22,12,'[정기배송] 6개월 PLAN 루틴팬츠 5벌','299,500->199,000원 (34% 혜택)\r\n*추후 발송되는 링크에서 컬러, 핏, 사이즈, 기장 선택\r\n여름 팬츠 2벌 / 가을팬츠 2벌 / 초겨울 팬츠 1벌’ 총 5벌',0,199000,1000,'1',12500,'0','','2020-06-16','2020-06-04 16:50:42'),(23,13,'A.[얼리버드] 스타일맵 + 와디즈 한정 뱃지','스타일맵x1,지관통x1, 자석x4, 뱃지x1,스티커7종 ※ 스타일맵+뱃지 [정가] 23,000원 [펀딩가(15%혜택)] 19,550원',0,19550,50,'1',2500,'0','','2020-06-30','2020-06-04 17:07:42'),(24,13,'E.스타일맵+뱃지+액자','스타일맵x1, 지관통x1, 자석x4, 뱃지x1, 맞춤액자x1, 스티커7종',0,39000,50,'1',2500,'0','','2020-06-30','2020-06-04 17:08:28'),(25,14,'[슈퍼울트라얼리버드] 홈지오 당질저감 멀티밥솥 1개','와디즈 론칭 기념 72시간 한정 50% 혜택 홈지오 당질저감 멀티밥솥\r\n5월 28일 오후 6시 마감',0,87900,2000,'0',0,'0','','2020-07-30','2020-06-04 17:23:19'),(26,14,'[슈퍼얼리버드] 홈지오 당질저감 멀티밥솥 2개','와디즈 론칭 49% 혜택 홈지오 당질저감 멀티밥솥 엄마랑 나랑 효도구성 1+1 (2개)',0,173000,2000,'1',0,'0','','2020-07-29','2020-06-04 17:24:33'),(27,14,'[얼리버드] 홈지오 당질저감 멀티밥솥 2개','와디즈 론칭 49% 혜택 홈지오 당질저감 멀티밥솥 엄마랑 나랑 효도구성 1+1 (2개)\r\n',0,193000,2000,'1',0,'0','','2020-07-24','2020-06-04 17:25:27'),(28,15,'[울트라 얼리버드] 실버라이닝 핸드타월 2세트(32% 혜택)','실버라이닝 핸드타월 2세트(총 10개)\r\n▶ 1개당 4,420원',0,44200,200,'1',0,'0','','2020-06-24','2020-06-04 17:32:29'),(30,15,'[울트라 얼리버드] 실버라이닝 핸드타월 3세트(34% 혜택)리버드] 실버라이닝 핸드타월 2세트(32% 혜택)','[울트라 얼리버드] 실버라이닝 핸드타월 3세트(34% 혜택)',0,64350,200,'1',0,'0','','2020-06-24','2020-06-04 17:33:39'),(31,16,'[슈퍼얼리버드] 한개로 시작해보기','46% 혜택 - 수분코팅제(라지) x 1',0,20900,160,'1',3000,'0','','2020-06-24','2020-06-04 17:45:44'),(32,16,'[슈퍼얼리버드] 네개로 친구&가족과 함께','51% 혜택 - 수분코팅제(라지) x 4\r\n(무료배송)\r\n',0,76500,100,'1',0,'0','','2020-06-27','2020-06-04 17:46:24'),(33,16,'[얼리버드] 네개로 친구&가족과 함께','44% 혜택 - 수분코팅제(라지) x 4 \r\n(무료배송)',0,87300,100,'1',0,'0','','2020-06-30','2020-06-04 17:46:51'),(34,17,'[72시간 한정] 스페셜 싱글세트(1세트)','1세트 ( 6ml x 5병)\r\n1개월분\r\n가격혜택 56% ( 정가 150,000원)',0,66000,9999,'1',0,'0','','2020-06-30','2020-06-04 18:06:49'),(35,17,'[72시간 한정] 스페셜 더블세트(2세트)','2세트 ( 6ml x 5병 x 2세트)\r\n2개월분 \r\n가격혜택 59% (정가 300,000원)\r\n* 72시간 한정 리워드는 2020년 5월28일 14시',0,123000,9999,'1',0,'0','','2020-06-30','2020-06-04 18:07:32'),(36,17,'[72시간 한정] 스페셜 패밀리세트(3세트)','3세트 (6ml x 5병 x 3세트)\r\n3개월분\r\n가격혜택 62% (정가 450,000원)\r\n* 72시간 한정 리워드는 2020년5월28일 14시에 마감예정입니다.\r\n',0,171000,9999,'1',0,'0','','2020-06-30','2020-06-04 18:08:06'),(37,17,'[슈퍼얼리버드] 싱글세트(1세트)','1세트 ( 6ml x 5병)\r\n1개월분\r\n가격혜택 50.5% ( 정가 150,000원)',0,74250,500,'1',0,'0','','2020-06-26','2020-06-04 18:08:40'),(38,17,'[슈퍼얼리버드] 싱글세트(1세트)','2세트 ( 6ml x 5병 x 2세트)\r\n2개월분 \r\n가격혜택 55.5% (정가 300,000원)',0,133650,500,'1',0,'0','','2020-06-08','2020-06-04 18:09:02'),(39,17,'[슈퍼얼리버드] 패밀리세트 (3세트)','3세트 (6ml x 5병 x 3세트)\r\n3개월분 \r\n가격혜택 60% (정가 450,000원)',0,180000,500,'1',0,'0','','2020-06-08','2020-06-04 18:09:24'),(40,18,'[울트라 싱글 얼리버드] 헬리오 프레셔 샤워 1개 구성','언제, 어디서나 세척과 샤워가 가능한 휴대용 헬리오 프레셔 샤워 1개 구성\r\n2020년 07월 초 (1~10일) 예정\r\n제한수량이 모두 펀딩되었습니다.',0,99000,300,'1',0,'0','','2020-07-01','2020-06-04 18:22:08'),(41,18,'[슈퍼 싱글 얼리버드] 헬리오 프레셔 샤워 1개 구성','언제, 어디서나 세척과 샤워가 가능한 휴대용 헬리오 프레셔 샤워 1개 구성\r\n2020년 07월 초 (1~10일) 예정\r\n제한수량 180개   현재 45개 남음!',0,108000,150,'1',0,'0','','2020-07-01','2020-06-04 18:22:30'),(42,18,'[울트라 듀얼 얼리버드] 헬리오 프레셔 샤워 2개 구성','언제, 어디서나 세척과 샤워가 가능한 휴대용 헬리오 프레셔 샤워 2개 구성\r\n2020년 07월 초 (1~10일) 예정\r\n제한수량 50개   현재 22개 남음!',0,195000,30,'1',0,'0','','2020-07-01','2020-06-04 18:22:57'),(43,18,'[울트라 트리플 얼리버드] 헬리오 프레셔 샤워 3개 구성','언제, 어디서나 세척과 샤워가 가능한 휴대용 헬리오 프레셔 샤워 3개 구성\r\n2020년 07월 초 (1~10일) 예정\r\n제한수량이 모두 펀딩되었습니다.',0,290000,10,'1',0,'0','','2020-07-01','2020-06-04 18:23:22'),(44,18,'[슈퍼 듀얼 얼리버드] 헬리오 프레셔 샤워 2개 구성','언제, 어디서나 세척과 샤워가 가능한 휴대용 헬리오 프레셔 샤워 2개 구성\r\n2020년 07월 초 (1~10일) 예정\r\n제한수량 10개   현재 10개 남음!',0,214000,10,'1',0,'0','','2020-07-01','2020-06-04 18:23:43'),(45,18,'[슈퍼 트리플 얼리버드] 헬리오 프레셔 샤워 3개 구성','\r\n언제, 어디서나 세척과 샤워가 가능한 휴대용 헬리오 프레셔 샤워 3개 구성\r\n2020년 07월 초 (1~10일) 예정\r\n제한수량 5개   현재 5개 남음!',0,317000,5,'1',0,'0','','2020-07-01','2020-06-04 18:24:13'),(46,19,'울트라 얼리버드 혜택','정상가  249,000원 \r\n울트라 얼리버드 가격혜택  99,000원\r\n2020년 06월 말 (21~말일) 예정',0,99000,400,'1',0,'0','','2020-06-24','2020-06-04 18:39:31'),(47,19,'얼리버드 혜택','정상가  249,000원 \r\n울트라 얼리버드 가격혜택  99,000원\r\n2020년 06월 말 (21~말일) 예정',0,119000,400,'1',0,'0','','2020-06-30','2020-06-04 18:40:06'),(48,20,'[얼리버드]싱글팩','-구성품: 이바지 1벌 + 팬톤삭스 1개\r\n-혜택: 25% 가격 혜택 + 팬톤삭스 1개\r\n리워드 발송 시작일\r\n2020년 07월 초 (1~10일) 예정',0,59000,500,'1',2500,'0','','2020-07-01','2020-06-05 09:28:06'),(49,20,'[얼리버드]더블팩','-구성품: 이바지 2벌 + 팬톤삭스 2개\r\n-혜택: 30% 가격 혜택 + 팬톤삭스 2개\r\n리워드 발송 시작일\r\n2020년 07월 초 (1~10일) 예정',0,110000,500,'1',2500,'0','','2020-07-01','2020-06-05 09:28:45'),(50,20,'싱글팩','-구성품: 이바지 1벌 \r\n-혜택: 20% 가격 혜택\r\n리워드 발송 시작일\r\n2020년 07월 초 (1~10일) 예정',0,63000,500,'1',2500,'0','','2020-07-01','2020-06-05 09:29:09'),(51,20,'더블팩','-구성품: 이바지 2벌 \r\n-혜택: 25% 가격 혜택\r\n리워드 발송 시작일\r\n2020년 07월 초 (1~10일) 예정',0,118000,500,'1',2500,'0','','2020-07-01','2020-06-05 09:29:27'),(52,21,'1. [슈퍼얼리버드] 온에어플로어 Best','500ml 스프레이 1개 + 500ml 리필 2개 / 정상가 40,400 ➝ 37,000원 (8%)\r\n리워드 발송 시작일\r\n2020년 07월 말 (21~말일) 예정',0,37000,50,'1',3000,'0','','2020-07-21','2020-06-05 09:38:48'),(53,21,'2. [슈퍼얼리버드] 온에어플로어 Power','500ml 스프레이 1개 + 500ml 리필 4개 / 정상가 66,000 ➝ 58,000원 (12%)\r\n리워드 발송 시작일\r\n2020년 07월 말 (21~말일) 예정',0,58000,50,'1',0,'0','','2020-07-21','2020-06-05 09:40:03'),(54,21,'3. [슈퍼얼리버드] 온에어플로어 Friends','500ml 스프레이 2개 + 500ml 리필 4개 (+ 500ml 리필 1개 선물) / 정상가 80,800 ➝ 67,8\r\n발송 시작일 2020년 07월 말 (21~말일) 예정',0,67800,50,'1',0,'0','','2020-07-21','2020-06-05 09:42:00'),(55,21,'4. [슈퍼얼리버드] 온에어플로어 Family','500ml 스프레이 4개 + 500ml 리필 8개 (+ 500ml 리필 2개 선물) / 정상가 161,600 ➝ 129,000원 (20%)\r\n',0,129000,50,'1',0,'0','','2020-07-21','2020-06-05 09:44:50'),(56,21,'5. [얼리버드] 온에어플로어 Best','500ml 스프레이 1개 + 500ml 리필 2개 / 정상가 40,400 ➝ 38,200원 (5%)',0,38200,50,'1',0,'0','','2020-07-21','2020-06-05 09:46:15'),(57,21,'6. [얼리버드] 온에어플로어 Friends','500ml 스프레이 2개 + 500ml 리필 4개 (+ 500ml 리필 1개 선물) / 정상가 80,800 ➝ 69,400원 (14%)',0,69400,50,'1',0,'0','','2020-07-21','2020-06-05 09:46:30'),(58,22,'[슈퍼 얼리버드] 방탄주방','방탄주방 본품\r\n리워드 발송 시작일\r\n2020년 06월 말 (21~말일) 예정방탄주방 본품',0,39900,1000,'1',0,'0','','2020-06-21','2020-06-05 10:10:01'),(59,22,'[얼리버드] 방탄주방','방탄주방 본품\r\n리워드 발송 시작일s\r\n2020년 06월 말 (21~말일) 예정방탄주방 본품',0,42000,1000,'1',0,'0','','2020-06-21','2020-06-05 10:11:11'),(60,23,'1.슈퍼 얼리버드-싱글세트','싱글세트-완벽 꿀잠 자기\r\n별헤는 굿밤\r\n본품+배송비 별도(2500원)',0,12600,500,'1',2500,'0','','2020-06-21','2020-06-05 10:23:12'),(61,23,'2.슈퍼 얼리버드-커플세트','커플세트-이보다 상쾌함은 없다!\r\n별헤는 굿밤\r\n본품2+무료배송',0,23400,500,'1',0,'0','','2020-06-21','2020-06-05 10:23:37'),(62,23,'3.슈퍼 얼리버드-친구세트','친구세트-친구들과 함께 공구하기!\r\n별헤는 굿밤\r\n본품3+무료배송\r\n',0,32400,500,'1',0,'0','','2020-06-21','2020-06-05 10:23:53'),(63,23,'4.슈퍼 얼리버드-패밀리세트','패밀리세트-온 가족 하나씩, 상쾌하게!\r\n별헤는 굿밤\r\n본품5+무료배송',0,49500,400,'1',0,'0','','2020-06-21','2020-06-05 10:24:18'),(64,24,'[슈퍼얼리버드] 믹스매치팩 (10족 구성)','10족 구성의 믹스매치팩\r\n',0,24000,500,'1',0,'1','베이지S(10족)\r\n베이지M(10족)\r\n블랙S(10족)\r\n블랙M(10족)\r\n베이지S(5족)+베이지M(5족)\r\n베이지S(5족)+블랙S(5족)\r\n베이지S(5족)+블랙M(5족)\r\n베이지M(5족)+블랙S(5족) \r\n베이지M(5족)+블랙M(5족)\r\n블랙S(5족)+블랙M(5족)','2020-06-23','2020-06-05 10:38:29'),(65,24,'[얼리버드] 우리가족 패키지(40족 구성)','우리가족 모두가 신으실 수 있는\r\n40족구성의 우리가족 패키지',0,99000,100,'1',0,'1','베이지S(40족)\r\n베이지M(40족)\r\n블랙S(40족)\r\n블랙M(40족)\r\n베이지S(20족)+베이지M(20족)\r\n베이지S(20족)+블랙S(20족)\r\n베이지S(20족)+블랙M(20족)\r\n베이지M(20족)+블랙S(20족)\r\n베이지M(20족)+블랙M(20족)\r\n블랙S(20족)+블랙M(20족)\r\n베이지S(10족)+블랙S(10족)+베이지M(10족)+블랙M(10족)','2020-06-23','2020-06-05 10:39:01'),(66,24,'[얼리버드] 커플 패키지 (20족 구성)','커플 아이템으로 신으실 수 있는\r\n20족구성의 커플 패키지 ',0,53000,180,'1',0,'1','베이지S(20족)\r\n베이지S(10족)+베이지M(10족)\r\n베이지S(10족)+블랙S(10족)\r\n베이지S(10족)+블랙M(10족)\r\n베이지M(2O족)\r\n베이지M(10족)+블랙S(10족)\r\n베이지M(10족)+블랙M(10족)\r\n블랙S(20족)\r\n블랙M(20족)\r\n베이지S(5족)+베이지M(5족)+블랙S(5족)+블랙M(5족)','2020-06-23','2020-06-05 10:39:29'),(67,24,'[얼리버드] 블랙 매니아팩 (10족 구성)','블랙색상만!\r\n10족구성의 블랙 매니아팩',0,28500,150,'1',0,'1','블랙S(10족)\r\n블랙M(10족)\r\n블랙S(5족)+블랙M(5족)','2020-06-23','2020-06-05 10:40:02'),(68,24,'[얼리버드] 베이지 매니아팩 (10족 구성)','베이지색상만!\r\n10족구성의 베이지 매니아팩',0,28500,150,'1',0,'1','베이지S(10족)\r\n베이지M(10족)\r\n베이지S(5족)+베이지M(5족)','2020-06-23','2020-06-05 10:40:22'),(69,24,'[얼리버드] 믹스매치 팩 (10족 구성)','10족 구성의 믹스매치팩',0,28500,150,'1',0,'1','베이지S(5족)+블랙S(5족)\r\n베이지S(5족)+블랙M(5족)\r\n베이지M(5족)+블랙S(5족) \r\n베이지M(5족)+블랙M(5족)\r\n','2020-06-23','2020-06-05 10:40:45'),(70,24,'[기본리워드] 에어핏 체험팩 (6족 구성)','6족 구성의 체험팩',0,17500,100,'1',0,'1','베이지S(6족)\r\n베이지M(6족)\r\n블랙S(6족)\r\n블랙M(6족)\r\n베이지S(3족)+베이지M(3족)\r\n베이지S(3족)+블랙S(3족)\r\n베이지S(3족)+블랙M(3족)\r\n베이지M(3족)+블랙S(3족)\r\n베이지M(3족)+블랙M(3족)\r\n블랙S(3족)+블랙M(3족)','2020-06-23','2020-06-05 10:41:11'),(71,25,'[슈퍼얼리버드] 기어1','허리보호대 1개\r\n리워드 발송 시작일\r\n2020년 07월 중순 (11~20일) 예정',0,49000,100,'1',0,'0','','2020-06-05','2020-06-05 18:46:20'),(72,25,'[슈퍼얼리버드] 기어2','허리보호대 1개 + 네오프렌 손목보호대 1개\r\n리워드 발송 시작일\r\n2020년 07월 중순 (11~20일) 예정',0,55000,50,'1',0,'0','','2020-06-05','2020-06-05 18:46:43'),(73,25,' [슈퍼얼리버드] 기어3','허리보호대 1개 + 가디언 손목보호대 1개\r\n리워드 발송 시작일\r\n2020년 07월 중순 (11~20일) 예정',0,69000,50,'1',0,'0','','2020-06-05','2020-06-05 18:47:02'),(74,25,'[슈퍼얼리버드] 기어4','허리보호대 1개 + 펄크럼 손목보호대 1개\r\n2020년 07월 중순 (11~20일) 예정',0,69000,50,'1',0,'0','','2020-06-05','2020-06-05 18:47:43'),(75,25,'[얼리버드] 기어1','허리보호대 1개\r\n2020년 07월 중순 (11~20일) 예정',0,53000,100,'1',0,'0','','2020-06-05','2020-06-05 18:48:17'),(76,25,'[얼리버드] 기어2','허리보호대 1개 + 네오프렌 손목보호대 1개\r\n2020년 07월 중순 (11~20일) 예정',0,59000,50,'1',0,'0','','2020-06-05','2020-06-05 18:48:40'),(77,25,'[얼리버드] 기어3','허리보호대 1개 + 가디언 손목보호대 1개\r\n2020년 07월 중순 (11~20일) 예정',0,73000,50,'1',0,'0','','2020-06-05','2020-06-05 18:49:12'),(78,25,'[얼리버드] 기어4','허리보호대 1개 + 펄크럼 손목보호대 1개\r\n2020년 07월 중순 (11~20일) 예정',0,73000,50,'1',0,'0','','2020-06-05','2020-06-05 18:49:30');
/*!40000 ALTER TABLE `tb_product_option` ENABLE KEYS */;
UNLOCK TABLES;

--
-- Table structure for table `tb_site_config`
--

DROP TABLE IF EXISTS `tb_site_config`;
/*!40101 SET @saved_cs_client     = @@character_set_client */;
/*!50503 SET character_set_client = utf8mb4 */;
CREATE TABLE `tb_site_config` (
  `id` int(10) unsigned NOT NULL AUTO_INCREMENT COMMENT '일련번호',
  `group_id` varchar(10) NOT NULL COMMENT '그룹',
  `title` varchar(10) NOT NULL COMMENT '제목',
  `content` varchar(100) NOT NULL COMMENT '내용',
  `reg_date` datetime NOT NULL DEFAULT CURRENT_TIMESTAMP COMMENT '등록일자',
  PRIMARY KEY (`id`)
) ENGINE=InnoDB AUTO_INCREMENT=26 DEFAULT CHARSET=utf8mb4 COLLATE=utf8mb4_0900_ai_ci;
/*!40101 SET character_set_client = @saved_cs_client */;

--
-- Dumping data for table `tb_site_config`
--

LOCK TABLES `tb_site_config` WRITE;
/*!40000 ALTER TABLE `tb_site_config` DISABLE KEYS */;
INSERT INTO `tb_site_config` VALUES (7,'head','siteName','와디스','2020-05-29 17:29:11'),(8,'head','siteDesc','세상에 없는 프로젝트 절찬 펀딩 중! 와디스','2020-05-29 17:30:20'),(9,'head','siteKey','크라우드,크라우드펀딩,와디스,와디즈,크라우디,리워드,프로젝트','2020-05-29 17:31:08'),(10,'head','favicon','/images/common/favicon.png','2020-05-29 17:31:30'),(11,'footer','tel','010-1234-1234','2020-05-29 17:32:00'),(13,'footer','ars','010-1234-4567','2020-05-29 17:33:08'),(14,'footer','email','admin@krahs123.co.kr','2020-05-29 17:34:07'),(15,'footer','address','OO시 OO구 OO로 123 (OO동) OOOO센터 O동 O층 OO호','2020-05-29 17:34:19'),(16,'footer','company','와디스 플랫폼(주)','2020-05-29 17:34:37'),(17,'footer','ceo','대표이사 ㅇㅇㅇ','2020-05-29 17:34:53'),(18,'footer','copy','ⓒWATHIS Platform Co., Ltd','2020-05-29 17:35:11'),(19,'footer','companyNum','000-00-00000','2020-05-29 17:35:27'),(24,'footer','kakao','카카오 채널@와디스','2020-06-01 09:39:46'),(25,'footer','siteUrl','https://krahs123.co.kr','2020-06-01 09:42:43');
/*!40000 ALTER TABLE `tb_site_config` ENABLE KEYS */;
UNLOCK TABLES;
/*!40103 SET TIME_ZONE=@OLD_TIME_ZONE */;

/*!40101 SET SQL_MODE=@OLD_SQL_MODE */;
/*!40014 SET FOREIGN_KEY_CHECKS=@OLD_FOREIGN_KEY_CHECKS */;
/*!40014 SET UNIQUE_CHECKS=@OLD_UNIQUE_CHECKS */;
/*!40101 SET CHARACTER_SET_CLIENT=@OLD_CHARACTER_SET_CLIENT */;
/*!40101 SET CHARACTER_SET_RESULTS=@OLD_CHARACTER_SET_RESULTS */;
/*!40101 SET COLLATION_CONNECTION=@OLD_COLLATION_CONNECTION */;
/*!40111 SET SQL_NOTES=@OLD_SQL_NOTES */;

-- Dump completed on 2020-06-05 19:06:39
